301,329,403,326,315,410,456,414,354,460,405,282,305,405,356,455,376,296,293,393,321,415,494,426,282,306,389,360,307,299,383,310,302,414,329,304,423,359,470,415,385,311,379,362,312,397,360,299,396,375,353,347,455,401,362,331,446,416,343,311,299,395,305,477,438,374,313,314,304,384,300,274,323,339,299,419,322,288,420,319,311,457,316,360,314,293,399,313,307,428,368,360,309,381,374,301,400,354,307,394,357,312,399,362,308,383,365,293,391,372,353,318,295,386,307,284,405,312,313,405,317,290,403,322,296,440,316,355,304,278,402,305,301,431,361,306,409,353,364,305,370,337,430,452,378,366,434,389,472,413,370,446,383,452,427,357,302,364,354,295,325,286,396,354,305,402,375,311,409,360,333,306,309,301,391,370,294,417,370,302,398,373,309,400,299,372,370,311,290,355,304,267,329,324,441,353,456,390,306,288,388,359,330,432,364,302,387,354,305,308,406,357,305,319,301,419,362,341,305,323,282,425,320,382,383,307,393,363,296,396,352,294,318,286,388,350,308,327,399,314,309,423,369,316,401,350,344,298,413,310,396,341,343,301,297,394,345,298,308,375,310,290,404,320,292,450,335,398,361,365,311,383,363,303,402,362,341,308,290,385,367,317,387,350,317,398,342,342,300,300,307,386,365,295,319,393,347,298,342,306,376,357,299,337,292,383,344,287,342,399,360,303,306,411,365,367,302,387,355,350,309,376,352,298,306,406,304,260,288,316,324,414,357,305,314,389,322,293,414,361,317,311,414,333,397,324,397,313,377,321,288,408,363,301,328,401,369,307,433,363,347,297,301,419,375,356,307,397,368,359,319,379,330,297,310,390,359,302,326,388,361,313,290,385,311,292,403,320,285,393,317,287,411,321,301,449,309,381,316,300,266,298,302,394,327,306,429,370,361,306,365,321,304,319,394,330,288,343,398,359,298,315,295,391,353,302,332,307,389,353,301,325,385,316,291,400,317,301,421,347,306
298,332,384,319,294,416,453,412,364,461,395,289,307,418,344,457,397,304,279,408,320,401,497,421,283,300,393,364,311,308,384,312,294,396,321,290,433,359,469,410,393,313,358,366,308,375,360,319,391,359,356,349,448,408,349,333,439,425,370,299,284,411,306,489,440,382,285,300,314,389,298,282,334,332,318,415,311,299,430,329,278,452,318,368,310,301,392,313,305,423,376,368,308,378,364,290,383,358,303,383,376,312,389,370,299,395,366,296,390,348,342,304,290,380,302,292,413,326,286,414,316,292,407,331,297,435,326,373,307,289,396,315,311,405,366,308,415,362,362,306,386,344,432,451,375,365,441,385,465,418,374,435,383,453,427,362,303,377,356,295,321,303,379,360,308,417,368,298,392,361,350,304,314,294,392,372,299,411,369,312,388,361,311,403,308,375,361,298,302,378,304,260,327,323,430,368,463,405,303,287,386,364,325,415,374,316,375,353,305,318,390,352,317,322,301,407,356,348,311,313,294,416,330,383,393,312,397,362,310,391,370,309,308,291,375,357,297,333,406,328,297,421,372,306,400,355,341,310,404,325,404,355,332,309,303,392,351,293,307,385,322,290,410,329,294,434,336,400,370,361,302,392,361,308,402,357,343,308,292,393,373,305,392,366,299,397,363,332,305,314,309,407,343,304,325,393,347,305,338,299,387,343,298,332,321,378,345,298,322,411,358,296,310,418,372,366,312,392,363,362,318,371,351,311,319,381,293,263,287,321,313,415,371,321,322,387,325,312,428,361,300,310,416,326,393,318,393,317,387,319,288,412,362,301,325,407,368,314,419,365,331,304,299,405,365,362,310,383,377,359,315,379,342,295,304,386,365,301,303,386,346,303,310,385,318,294,398,320,295,399,313,286,407,315,314,444,326,354,292,292,286,286,304,393,329,291,434,371,357,301,367,309,311,324,395,351,305,329,403,355,314,317,282,377,351,300,327,306,375,343,301,318,401,317,303,403,332,302,418,357,311
305,332,386,319,304,429,446,400,363,462,405,286,308,424,348,452,388,293,282,401,314,402,499,414,289,309,397,347,308,304,383,323,288,402,323,296,429,352,454,425,386,321,382,379,305,385,367,302,402,363,343,346,447,410,339,341,445,417,351,308,282,402,292,476,429,373,303,320,309,399,312,276,321,325,305,416,323,297,422,327,289,440,321,368,311,306,406,318,286,427,372,366,310,379,354,300,385,377,298,392,372,312,393,355,301,397,372,304,408,346,347,301,286,380,297,290,401,318,300,406,336,293,399,322,291,435,328,377,313,286,416,319,312,419,375,305,409,366,352,305,377,335,430,449,375,376,427,382,469,412,380,449,389,458,418,358,310,356,336,299,321,297,390,366,297,412,375,302,397,372,344,312,318,290,383,353,298,418,372,310,386,365,298,417,310,387,364,307,303,382,303,270,326,323,437,362,453,393,306,300,393,365,311,440,367,317,391,362,304,305,391,362,309,316,306,414,346,343,295,314,297,407,306,388,384,299,388,375,302,406,354,302,305,299,381,356,305,346,386,323,307,411,377,308,410,358,349,308,400,301,383,360,333,303,306,388,348,303,304,379,310,294,389,312,298,443,328,393,361,349,310,384,364,296,395,359,337,309,296,390,373,303,412,362,307,397,354,351,289,307,301,392,356,291,330,384,357,305,350,299,385,348,298,346,310,390,351,298,332,409,358,294,315,422,370,350,310,387,360,338,319,370,351,308,298,396,307,264,280,330,322,421,370,308,324,397,322,298,416,354,295,312,424,328,405,302,380,317,374,312,294,402,362,296,340,401,351,305,429,364,349,297,301,414,368,361,310,391,367,339,323,382,337,297,323,390,362,296,318,386,357,300,295,368,313,302,407,321,292,412,316,299,413,318,293,442,304,355,311,299,271,301,298,403,322,308,437,362,359,305,366,309,302,309,387,352,301,338,400,365,310,313,294,386,351,286,342,325,388,351,297,321,399,318,283,397,322,309,418,341,302
277,335,395,306,294,424,452,422,362,464,406,278,319,407,330,430,397,289,279,404,323,407,497,415,279,291,402,363,294,299,367,308,294,394,322,307,435,355,458,411,390,318,386,366,318,371,356,300,409,369,348,345,437,413,352,334,455,407,345,315,278,410,295,478,432,375,298,304,323,384,299,276,311,336,309,435,322,308,432,329,305,453,329,372,319,302,396,321,302,424,372,368,303,384,354,305,385,376,302,383,369,311,396,362,307,392,364,308,412,353,365,304,293,383,293,302,400,340,295,420,307,299,394,317,295,455,328,367,296,284,406,320,308,431,374,317,403,353,361,323,377,338,421,452,373,367,431,381,458,416,364,441,381,460,416,362,304,363,339,289,318,297,389,365,311,419,383,309,405,357,337,301,314,307,388,363,294,399,363,306,394,362,316,419,306,369,363,312,305,375,305,256,326,323,423,360,463,396,302,278,380,365,317,429,376,306,386,343,297,320,397,347,293,330,296,420,364,341,307,315,287,421,315,377,402,314,396,361,299,398,368,295,300,293,381,357,309,327,400,326,308,438,372,294,402,358,355,306,406,316,383,354,344,300,303,400,364,300,290,376,322,286,403,327,299,447,332,391,370,369,311,374,358,317,392,355,347,312,312,390,361,298,396,358,312,397,355,335,300,315,292,396,345,293,323,385,335,297,342,315,385,360,302,333,300,382,338,297,334,397,348,293,313,400,374,355,311,396,359,363,298,375,347,297,313,384,300,266,279,326,317,425,361,300,324,410,316,312,417,355,306,304,412,327,402,296,391,317,375,301,301,414,363,310,338,398,373,303,422,375,339,302,290,415,367,371,325,381,367,361,309,381,353,297,305,384,358,310,313,384,353,300,309,387,330,298,399,321,298,397,313,283,386,314,297,441,329,358,307,296,270,305,300,396,312,312,434,377,362,297,355,319,308,314,396,358,286,334,419,362,307,313,297,387,349,298,332,313,386,355,292,325,398,316,303,408,320,309,404,358,301
284,340,386,313,300,427,464,414,354,463,396,296,310,424,363,451,391,310,277,401,314,405,495,414,284,286,397,346,305,293,376,320,299,398,312,311,429,360,464,423,398,313,392,367,306,395,364,312,401,369,357,342,448,417,346,337,456,415,358,305,282,405,298,479,431,369,305,304,312,390,304,271,318,331,308,423,307,305,412,318,297,455,316,373,315,291,411,323,295,433,368,368,307,374,355,310,383,361,314,382,380,292,381,369,308,386,363,301,405,347,347,299,294,385,312,292,409,319,299,400,316,300,400,324,285,440,311,362,301,287,404,314,306,414,369,302,417,356,355,305,382,339,441,457,383,373,430,378,469,418,381,430,387,452,416,373,303,375,347,311,319,304,396,361,306,416,367,294,385,353,348,305,314,299,387,370,293,401,371,292,394,375,303,400,301,372,353,291,308,377,301,270,335,317,432,378,459,406,299,292,394,353,316,440,369,306,378,350,300,316,391,347,310,325,294,414,356,335,303,329,287,403,311,388,392,297,384,364,302,392,358,290,296,290,386,349,291,350,392,315,308,423,370,305,393,361,329,307,394,308,391,351,337,311,305,394,359,295,307,375,318,284,406,313,303,444,327,385,372,367,306,379,366,299,395,357,353,313,299,408,367,310,394,360,305,401,373,329,298,317,298,389,370,304,323,394,350,295,341,303,379,339,285,331,312,378,355,300,324,391,363,294,324,413,373,354,316,393,359,352,311,365,355,298,301,402,314,262,279,307,318,431,366,303,321,382,319,300,412,362,308,305,410,334,394,303,391,307,371,320,296,399,375,300,333,400,364,320,426,363,347,308,307,419,368,360,306,391,368,355,313,373,352,298,305,389,342,301,304,396,359,299,303,369,314,286,417,319,292,404,331,292,407,319,300,448,314,368,303,290,275,296,300,396,333,316,436,362,358,300,358,320,303,322,395,358,290,328,402,350,306,324,289,374,349,311,344,306,399,331,300,313,381,323,294,395,313,305,413,352,311
296,320,385,317,310,429,452,410,360,465,392,274,312,427,354,444,394,291,283,400,310,414,497,411,303,298,386,352,298,299,377,328,299,400,321,301,424,355,463,406,387,318,384,366,304,389,358,312,400,346,341,336,453,406,338,323,463,415,362,313,290,396,308,479,416,370,298,300,317,392,309,282,307,339,311,419,323,307,428,318,311,461,322,361,329,308,395,313,302,429,376,358,306,370,358,308,389,356,310,387,358,306,380,367,301,387,366,311,396,353,342,307,288,377,308,287,394,317,290,391,326,293,405,323,285,445,322,355,311,298,405,316,299,418,360,301,388,351,364,298,397,342,432,450,389,366,442,374,460,417,362,429,373,460,412,365,301,380,340,302,315,305,404,360,317,406,369,302,392,353,342,293,314,304,389,355,295,415,377,305,374,370,308,408,305,384,354,300,298,375,308,272,333,311,424,376,469,394,302,293,385,372,309,441,363,305,381,345,299,309,381,359,304,321,298,408,359,342,308,319,288,419,318,372,395,305,388,371,306,388,361,300,306,293,387,355,304,338,397,302,283,422,367,303,398,357,350,314,405,312,379,352,333,312,296,379,355,298,295,378,316,283,397,325,290,440,332,398,372,360,302,386,371,304,405,347,349,314,292,392,367,309,381,361,297,403,355,340,301,307,306,390,365,295,323,383,356,293,339,314,391,348,289,337,308,377,351,303,333,409,353,304,313,407,375,362,292,389,368,339,301,362,350,293,295,400,299,270,285,326,318,427,361,296,313,398,319,308,426,349,316,304,412,326,391,305,400,331,381,307,291,390,357,305,326,400,366,301,423,357,345,298,289,415,368,368,312,372,348,342,314,370,350,296,309,397,348,306,309,389,359,307,292,380,324,279,407,315,290,396,327,289,403,306,308,447,326,355,298,279,276,311,298,400,313,315,431,379,352,297,366,296,324,316,395,351,293,339,403,339,304,326,289,385,355,303,331,313,382,355,296,319,401,329,289,394,317,304,396,351,316
301,331,393,312,307,421,464,406,363,468,404,292,303,429,356,451,392,318,288,397,307,399,499,421,298,294,383,362,303,299,374,311,286,416,337,309,417,347,462,424,395,314,371,368,298,400,350,303,390,366,365,352,459,407,362,353,435,415,351,309,283,396,307,476,432,376,297,323,324,408,311,282,328,337,308,413,328,304,430,323,300,450,309,373,315,300,409,308,307,423,376,368,306,384,370,295,407,372,306,380,365,314,392,372,313,383,364,299,409,363,348,319,293,379,312,287,404,324,299,409,323,289,408,316,302,450,311,361,307,283,398,316,305,426,372,315,403,357,353,300,383,345,437,439,386,360,427,389,467,421,368,444,375,451,435,347,304,383,351,303,313,304,385,372,289,424,374,316,409,345,338,304,320,299,393,367,300,409,375,303,386,367,309,408,308,366,365,299,293,392,293,273,332,320,431,365,462,392,298,298,384,373,329,427,358,301,376,337,297,312,393,355,314,327,300,425,351,332,305,313,287,410,323,379,392,310,394,360,309,391,352,296,308,291,377,360,309,324,390,325,295,418,368,302,395,361,337,308,401,311,399,349,343,297,283,384,345,297,296,381,316,296,403,324,279,447,333,376,385,352,322,365,368,304,401,350,351,304,305,394,378,299,385,358,295,399,358,332,315,307,298,387,354,300,323,395,348,316,342,297,395,364,304,338,307,376,355,301,332,408,360,297,304,402,379,368,308,393,353,357,304,361,358,303,306,404,309,271,277,325,322,430,370,289,325,391,318,296,426,358,289,300,421,325,396,301,395,313,372,307,299,430,368,309,326,391,374,316,429,350,338,296,293,408,363,365,307,391,366,349,312,358,337,293,319,391,357,311,312,383,352,304,308,378,314,296,397,309,305,402,327,299,404,335,300,441,318,370,307,294,272,307,296,407,331,313,440,365,355,299,354,300,310,318,396,357,291,329,398,365,309,322,296,388,344,289,333,314,380,350,298,312,398,326,283,406,322,299,412,356,292
306,332,381,313,305,405,455,404,361,469,393,298,311,412,361,439,385,291,285,412,317,408,506,421,281,293,397,360,309,288,375,330,289,402,317,307,440,352,471,410,388,307,378,379,303,391,352,312,402,370,351,339,441,428,348,334,442,423,334,302,294,402,291,478,421,391,294,307,303,389,313,270,329,343,307,432,314,304,419,328,304,456,322,379,325,296,400,310,291,433,359,365,309,379,364,299,399,355,298,388,381,314,381,356,303,390,358,308,394,362,338,305,295,368,308,292,395,309,291,405,312,292,400,322,300,442,309,367,324,285,395,317,298,426,373,312,410,362,363,302,381,337,426,456,383,359,432,380,468,422,361,445,373,452,423,356,301,365,355,303,320,306,393,358,299,414,375,303,390,350,349,297,309,304,396,364,296,409,371,314,393,375,306,413,297,379,364,297,303,379,313,269,332,322,419,370,464,394,298,295,390,373,312,436,380,301,392,330,300,307,393,361,294,326,304,414,361,344,314,323,288,418,333,394,390,307,390,365,301,392,349,294,318,287,378,351,301,340,398,323,288,423,375,311,394,364,336,311,411,315,399,354,335,301,299,396,353,314,298,361,325,291,410,325,309,444,341,391,376,349,310,380,363,312,408,368,345,304,286,387,363,304,395,355,301,399,374,348,308,322,292,377,351,295,330,389,349,305,333,318,384,354,305,332,304,389,349,305,335,404,364,307,308,410,396,357,312,392,360,360,309,362,349,295,301,410,301,280,281,318,334,422,367,301,328,393,315,300,412,361,313,301,408,333,387,308,398,311,368,312,303,410,377,298,327,394,372,298,411,357,330,320,297,407,357,366,301,369,358,359,308,366,345,302,320,396,356,299,321,384,347,295,296,374,303,304,393,320,295,414,325,296,394,320,298,445,299,365,302,287,284,314,302,410,324,313,430,375,360,303,358,318,307,314,383,351,306,335,407,354,322,312,301,399,354,307,335,307,391,364,298,317,398,321,296,417,324,300,407,349,308
292,316,383,305,301,424,458,409,358,470,406,280,303,410,357,444,397,300,285,405,317,411,496,418,280,304,387,352,320,306,386,314,291,405,319,305,431,336,470,417,392,316,384,371,314,395,364,308,394,363,350,355,442,413,350,329,458,412,347,308,292,404,300,488,422,389,314,299,310,380,301,278,333,336,327,413,323,308,420,318,298,448,323,366,311,301,399,318,303,428,367,365,309,380,363,301,387,354,297,390,361,320,390,353,301,394,367,313,412,361,340,312,290,392,318,288,407,323,294,399,323,296,398,340,292,438,316,356,311,303,400,319,305,438,361,314,408,373,351,301,379,354,438,462,389,361,441,371,456,423,369,447,384,460,412,369,303,376,334,297,327,297,386,359,291,427,380,295,400,363,347,286,306,287,400,367,304,409,366,310,385,353,304,414,306,375,369,284,305,374,306,274,328,323,423,358,462,388,286,294,390,365,315,442,360,302,396,351,307,301,396,357,294,328,310,413,358,339,295,308,286,415,311,391,382,316,398,365,315,389,366,298,318,292,375,344,307,327,399,322,297,413,368,310,399,369,352,308,414,327,399,354,345,315,310,384,354,309,293,378,306,287,410,322,295,438,324,395,366,357,302,375,372,290,401,350,339,304,290,395,364,294,389,362,311,394,362,346,312,302,312,394,364,294,326,386,358,312,345,312,393,344,302,343,320,381,362,302,334,412,367,298,306,420,368,370,303,383,362,347,311,368,344,301,304,404,310,281,290,329,332,418,366,294,323,397,301,304,420,355,299,305,399,323,403,309,388,323,374,312,284,403,363,305,328,417,373,314,426,352,344,311,311,408,359,351,303,391,366,358,303,382,347,300,316,399,349,303,317,392,366,296,294,370,312,285,411,318,287,408,316,294,412,318,299,439,337,369,310,304,273,309,312,403,323,307,437,374,357,287,355,319,308,328,395,350,305,330,410,352,306,325,285,388,342,295,336,317,386,351,296,320,397,317,291,406,319,305,410,356,309
299,331,389,302,309,436,449,399,362,458,391,277,307,428,344,451,391,292,279,399,316,410,502,414,282,284,390,345,313,296,388,314,283,402,314,298,414,357,456,417,381,320,378,372,304,397,355,304,410,365,357,349,452,405,340,334,444,411,353,299,288,398,301,481,412,386,310,309,308,394,294,281,332,333,326,420,305,300,420,316,303,463,313,374,312,306,401,309,296,423,367,366,296,383,360,307,385,355,299,394,370,289,385,366,315,390,366,308,398,364,349,308,288,384,312,296,409,326,292,402,333,285,398,330,291,438,319,360,306,290,394,326,307,413,348,306,404,351,352,309,387,343,440,450,378,365,436,382,466,435,378,445,378,445,418,350,302,371,343,296,325,300,390,370,309,412,372,296,409,363,349,297,322,303,409,362,312,408,370,306,384,367,315,428,306,383,351,307,306,374,299,272,321,323,430,351,462,399,314,295,384,366,328,438,363,301,385,338,309,306,390,341,293,329,292,401,356,334,294,319,289,399,320,381,390,306,398,356,311,386,368,305,303,277,383,353,317,342,385,321,294,419,369,316,412,346,345,306,399,306,388,348,344,304,299,397,350,301,310,378,319,296,399,323,299,423,324,405,373,355,297,370,366,321,403,356,340,309,296,395,367,299,380,364,311,407,356,337,296,320,303,382,359,308,320,389,343,316,339,308,386,358,299,338,321,399,353,290,329,419,361,296,309,409,363,363,317,384,366,342,305,375,351,299,295,387,309,262,297,326,326,416,373,291,313,395,321,300,407,362,295,307,402,329,385,290,393,330,375,306,302,404,369,290,327,393,353,299,425,359,342,302,296,419,382,361,308,392,365,354,298,372,343,306,315,396,349,308,316,383,359,302,319,369,324,295,396,314,293,401,315,305,398,325,301,452,319,374,323,290,268,291,286,407,340,317,435,378,353,304,356,318,318,331,395,357,303,348,406,362,315,322,300,384,351,306,338,307,384,352,302,323,391,323,282,402,325,305,421,349,302
293,318,389,312,309,434,433,408,359,461,390,284,301,409,355,444,381,295,281,406,325,408,506,417,292,289,389,345,307,300,375,319,290,406,328,300,422,355,458,420,400,311,379,368,301,395,365,301,398,372,351,340,451,399,354,343,449,424,353,300,273,398,294,476,428,379,304,311,320,398,309,273,326,336,310,422,323,302,422,326,293,457,323,380,313,295,406,309,299,435,373,362,299,374,370,294,384,366,304,383,366,305,374,367,303,391,369,308,396,359,344,306,290,372,311,291,407,306,274,397,315,298,404,319,299,452,323,355,329,295,405,319,303,424,378,317,390,353,353,302,395,344,433,454,382,370,437,380,460,419,359,444,372,441,397,362,307,375,352,306,322,311,394,363,312,410,372,306,390,363,347,304,310,294,386,343,304,407,361,292,393,373,314,410,303,382,358,299,303,375,302,279,322,328,426,368,452,388,314,294,394,362,324,442,370,304,385,342,307,322,406,356,303,330,292,415,369,342,307,311,291,418,324,375,388,308,412,367,300,392,342,300,309,291,384,343,309,336,387,308,302,425,384,305,404,352,354,312,408,321,402,349,342,295,305,377,348,293,302,373,316,297,396,310,311,449,332,375,375,361,315,374,362,316,408,361,349,302,289,404,367,316,396,363,303,395,356,350,296,309,285,389,353,295,327,379,341,301,344,307,391,364,283,338,314,384,353,289,332,401,365,306,308,415,386,365,296,391,364,361,311,364,335,306,296,396,303,265,289,319,321,420,368,294,324,393,318,323,410,345,291,309,409,311,398,304,404,319,379,309,299,407,363,296,326,386,366,302,426,365,344,288,302,412,372,350,296,389,370,348,307,370,350,305,317,398,361,316,319,395,354,294,307,386,319,284,402,319,301,400,330,280,408,310,301,439,318,355,303,288,271,293,299,405,326,323,425,371,349,297,359,299,299,317,391,345,303,335,405,348,305,324,298,384,340,288,353,316,381,353,288,318,393,321,288,396,323,307,418,363,307
312,330,398,311,303,422,463,414,355,454,384,275,297,410,356,445,391,295,277,400,329,404,509,421,286,288,395,360,288,302,391,314,287,404,335,295,428,368,461,403,394,320,362,364,323,394,356,304,405,383,353,346,454,401,357,347,442,414,353,312,288,391,302,484,427,377,305,306,313,384,305,290,327,331,320,426,326,296,421,324,297,445,318,372,314,296,405,315,309,431,383,355,309,380,370,305,390,365,317,384,368,302,389,358,299,400,357,296,393,348,356,300,279,377,310,292,413,320,290,396,320,303,402,322,301,432,323,359,305,295,398,319,307,413,375,309,411,363,351,292,393,356,441,459,373,371,434,390,456,416,355,452,377,450,415,366,303,373,356,314,322,300,387,357,305,413,375,314,398,352,354,295,319,298,395,361,297,414,372,316,394,360,299,409,307,377,368,302,288,376,303,261,325,319,435,368,449,394,305,287,404,359,323,449,372,317,377,348,314,308,406,344,316,318,304,419,351,344,299,327,293,415,317,387,378,313,396,356,303,387,360,295,297,279,376,340,300,342,383,317,303,410,365,313,398,361,360,302,411,313,399,345,333,312,308,378,344,299,313,389,321,298,415,322,307,447,332,392,365,347,315,384,359,317,404,361,338,290,300,397,370,308,403,354,306,405,364,352,306,304,305,392,354,291,319,398,349,298,333,312,393,344,311,335,315,387,348,287,324,400,356,317,312,419,372,360,310,387,359,361,308,380,344,308,312,400,299,265,282,320,316,410,357,296,324,380,308,311,422,335,295,308,414,323,416,309,386,313,369,304,287,406,366,308,326,395,383,299,426,369,346,303,292,404,365,353,293,390,374,352,314,374,332,302,333,388,336,309,309,389,364,312,310,365,311,293,406,336,301,406,329,292,394,326,302,443,321,373,305,295,275,302,296,406,313,317,433,367,348,297,362,311,314,320,402,360,299,330,408,364,298,303,299,386,346,319,342,310,367,359,292,317,386,305,288,396,319,302,411,351,316
290,337,399,318,305,408,456,415,343,461,400,283,305,412,344,450,388,302,273,397,312,418,495,418,286,301,384,350,308,308,373,323,300,415,338,304,429,366,474,412,388,313,375,364,307,394,351,304,396,361,354,341,451,421,338,326,440,421,349,305,278,402,308,467,424,388,308,312,302,393,307,274,325,330,309,422,318,300,424,325,302,446,316,375,301,308,395,324,297,435,368,361,296,372,365,301,387,364,293,394,368,295,389,373,307,401,364,302,407,368,354,310,279,384,323,293,395,322,295,402,322,287,400,326,299,440,307,381,315,299,399,328,313,416,370,309,407,366,347,301,392,349,444,455,390,373,431,393,461,407,370,437,380,459,403,363,293,364,329,294,322,293,388,356,297,412,368,290,408,355,346,302,323,285,394,369,299,415,370,296,390,370,310,418,310,387,364,297,306,378,315,276,328,340,431,359,457,397,300,290,388,368,331,421,365,309,387,355,306,304,394,348,308,320,311,405,358,355,301,316,298,398,313,381,389,305,389,363,312,382,363,290,311,306,377,349,308,341,408,325,296,421,370,305,414,360,357,308,412,323,388,347,336,308,309,392,356,299,301,371,323,279,390,316,307,449,324,391,378,363,321,387,370,300,408,344,338,301,295,408,373,308,391,360,297,404,363,337,310,324,299,392,359,293,324,396,342,298,340,316,390,344,301,327,308,383,349,298,335,406,358,300,303,407,376,356,290,390,354,366,307,385,334,304,295,377,306,276,284,319,324,429,371,297,317,394,308,303,413,357,302,299,421,320,409,311,398,316,373,312,300,417,361,305,328,403,364,315,417,370,344,307,288,400,364,347,308,381,358,357,313,369,349,295,318,390,365,306,315,384,345,295,288,373,322,290,395,330,296,394,319,295,396,317,301,448,320,364,313,297,273,304,300,399,320,317,435,372,363,295,372,308,306,325,396,336,306,341,405,361,288,321,297,390,350,294,319,311,389,352,298,313,386,325,292,407,312,308,408,353,307
299,319,396,305,313,432,466,427,367,448,394,286,309,415,354,458,388,301,280,409,312,414,509,413,290,298,397,357,296,314,374,323,282,384,328,295,428,349,461,409,374,316,375,373,301,406,359,303,403,365,338,340,457,405,351,333,458,424,339,306,278,396,300,476,431,389,313,292,314,380,301,277,334,335,314,409,320,304,413,322,292,449,319,377,323,310,406,320,287,443,381,359,314,383,378,297,409,378,300,397,369,298,381,364,290,392,361,306,406,359,352,295,276,382,318,292,404,325,303,406,326,303,408,325,283,444,319,363,325,294,404,322,304,418,375,305,408,361,371,310,377,339,427,460,371,371,431,373,456,411,375,434,378,460,423,354,299,367,350,298,323,302,396,357,315,412,365,297,391,341,343,309,306,306,380,363,305,414,376,294,389,358,311,410,301,389,364,302,300,394,302,273,317,319,430,367,470,392,304,295,396,359,315,433,371,304,388,336,308,315,399,351,300,321,296,411,353,337,305,320,295,418,318,389,389,313,395,377,306,388,359,294,299,290,389,362,315,348,387,324,305,412,375,298,396,362,342,312,392,308,384,357,339,299,305,388,346,306,292,377,318,293,396,328,296,449,320,380,359,363,319,387,364,303,395,347,345,308,290,398,371,306,398,361,315,402,356,340,306,303,313,389,348,298,314,391,347,307,340,305,387,350,299,344,307,397,346,287,333,391,358,300,314,420,371,359,303,387,353,356,298,373,359,308,297,398,313,269,296,327,317,423,361,302,329,401,322,300,417,360,305,306,416,332,402,302,392,309,380,306,293,412,362,312,317,392,368,302,428,372,351,309,292,413,369,357,310,380,360,358,323,378,342,290,319,395,361,298,313,378,352,298,311,388,307,295,398,320,286,410,318,294,420,334,296,448,329,349,305,279,279,303,298,391,318,308,435,385,347,286,359,320,313,324,384,352,296,339,412,355,315,313,297,378,338,301,334,305,390,352,297,315,402,322,289,405,315,306,412,362,298
315,310,391,310,307,414,454,406,353,469,388,285,307,414,349,443,389,318,289,406,320,398,498,422,296,282,383,354,292,304,369,311,287,405,313,300,413,352,450,410,389,316,368,374,310,405,367,309,404,367,366,354,445,408,339,345,437,410,342,297,288,396,300,486,422,376,292,299,300,393,304,272,322,342,317,429,319,294,437,312,293,459,315,382,309,304,391,324,307,433,366,365,300,363,362,307,388,375,308,391,356,319,395,363,292,392,338,313,406,351,335,297,288,373,305,298,397,315,290,403,339,288,395,318,295,441,327,364,299,278,400,318,304,428,358,304,393,364,361,307,392,334,433,461,394,360,435,374,462,412,370,454,385,442,429,372,286,381,348,301,314,305,401,366,294,422,372,304,410,352,338,292,314,292,386,360,309,428,385,294,390,378,311,425,288,380,361,307,311,386,299,261,329,326,437,383,463,391,310,283,395,371,313,428,366,308,378,344,313,322,397,359,306,323,295,399,357,351,312,317,287,412,323,399,398,308,395,361,310,397,355,289,322,292,387,349,318,330,405,312,306,423,384,303,401,362,345,324,398,304,383,362,337,308,309,398,351,292,304,376,322,294,402,324,300,449,334,396,369,356,303,388,365,310,406,347,340,303,302,409,371,309,388,362,311,403,360,354,302,316,302,381,346,301,319,399,350,308,347,302,379,344,291,338,313,381,345,300,341,399,352,308,307,406,372,370,315,391,361,356,309,387,341,282,302,398,303,267,286,317,309,437,372,303,327,406,321,297,407,359,305,305,407,318,399,314,390,308,371,296,291,413,368,309,330,388,352,308,431,373,344,299,300,410,362,368,313,395,352,344,309,381,358,293,307,386,353,302,316,394,362,296,303,389,319,299,411,319,285,400,329,296,407,328,301,436,318,356,309,289,287,299,294,401,329,322,432,364,363,283,356,309,308,311,383,361,299,339,389,361,313,326,302,381,345,293,329,318,375,355,296,325,403,313,289,413,335,314,407,363,313
293,321,385,315,301,423,466,397,367,453,397,291,298,413,354,451,391,311,282,397,322,402,503,419,284,293,388,350,298,309,375,320,291,405,330,301,421,346,465,409,381,315,369,359,300,392,363,308,396,378,356,331,454,414,346,348,435,416,354,302,290,406,303,496,422,380,315,293,308,391,303,258,314,325,322,425,318,288,427,327,298,456,328,364,314,295,403,308,302,419,377,358,305,376,361,310,398,376,304,391,358,306,406,362,310,382,368,310,410,352,348,306,286,368,313,296,400,323,293,401,311,292,395,314,284,446,323,356,310,273,394,310,304,426,373,301,398,360,356,310,394,337,439,457,384,360,417,378,448,399,365,443,373,453,423,373,298,374,351,298,332,299,389,365,304,413,379,300,402,361,346,308,311,301,387,356,306,411,366,306,391,370,313,414,322,373,370,305,304,376,303,266,320,332,419,362,466,393,293,298,379,370,323,431,363,307,381,353,304,297,377,356,303,328,292,410,362,343,309,319,282,413,321,389,392,306,393,358,304,384,352,302,306,289,360,352,282,339,395,318,304,414,365,317,405,349,343,324,421,323,401,361,335,312,307,389,360,296,306,376,318,296,397,320,300,442,324,386,384,356,294,388,353,301,406,368,355,288,302,389,360,296,394,352,309,415,368,336,294,315,299,397,362,303,321,393,350,299,341,312,385,348,298,337,326,396,345,294,330,421,348,305,318,409,373,373,309,377,357,369,301,381,356,312,310,394,299,268,287,322,321,427,374,304,320,394,313,307,417,358,306,309,410,334,389,314,400,315,380,316,293,420,377,306,325,397,366,312,423,376,352,301,290,414,361,348,290,387,364,363,313,378,341,298,316,399,370,297,313,387,353,294,296,372,322,297,397,312,295,403,308,295,399,325,281,446,329,363,306,302,274,314,302,399,336,317,445,379,371,300,372,317,313,320,386,356,301,327,411,346,309,315,294,377,346,309,331,312,377,349,316,334,401,318,283,400,321,305,417,358,310
299,322,391,319,300,419,448,415,372,465,410,288,313,419,355,441,396,302,284,403,320,405,509,418,299,285,386,354,301,302,377,316,301,400,322,294,423,338,464,418,397,303,369,371,300,391,356,303,398,362,360,349,451,421,356,338,446,404,364,302,287,400,304,483,429,373,317,318,309,405,299,289,309,336,309,423,327,309,425,332,298,440,323,363,314,295,403,322,291,430,366,363,298,382,362,306,390,365,299,401,360,310,392,362,304,381,360,300,393,379,344,308,293,377,332,283,398,325,287,396,322,286,397,324,292,451,326,361,303,293,402,318,302,426,375,311,408,363,364,308,392,332,435,456,381,365,431,381,464,409,358,437,376,441,422,365,312,373,348,302,324,302,398,359,307,415,361,298,397,343,351,302,320,290,394,352,304,416,370,311,395,352,299,414,309,385,363,296,302,365,308,268,322,323,439,359,453,380,294,292,393,365,328,443,368,306,379,349,298,317,386,364,320,318,306,421,358,340,313,318,291,408,317,387,391,317,383,363,309,382,371,293,313,297,382,343,308,342,400,311,292,420,370,309,402,357,339,299,412,309,383,367,331,306,298,390,350,298,285,374,319,287,407,319,295,436,330,376,385,363,313,381,369,304,397,371,351,304,301,391,358,303,394,352,306,397,346,343,312,318,303,388,354,289,321,392,366,299,347,311,382,340,298,334,310,376,350,289,332,409,370,300,314,414,386,360,299,388,368,361,307,363,352,309,304,394,309,263,278,320,315,415,357,302,323,408,320,310,409,352,307,306,406,312,394,316,404,318,373,315,291,398,377,293,347,393,358,302,421,361,345,292,308,421,354,361,307,383,360,356,315,368,337,285,322,406,353,302,316,401,352,307,297,380,318,296,403,334,294,388,325,302,402,320,311,452,316,370,302,296,271,305,302,406,316,313,444,384,360,283,352,320,313,319,383,359,294,319,412,342,298,329,305,396,339,300,348,309,397,345,280,317,400,315,285,403,324,298,413,359,316
301,334,389,314,304,421,460,395,361,477,403,277,305,413,365,439,377,297,282,400,321,412,493,437,293,296,401,345,318,307,376,313,293,414,332,294,426,352,460,421,377,318,383,376,311,398,354,314,405,369,360,344,445,412,337,324,447,406,349,297,290,402,304,477,416,399,307,309,320,379,300,280,309,326,315,423,317,307,427,320,288,450,319,369,318,304,404,306,303,428,371,354,300,372,380,302,394,365,312,381,343,297,389,353,311,397,381,315,397,368,346,309,290,374,323,295,408,319,286,407,325,291,403,323,301,453,322,363,308,283,406,311,307,429,381,301,409,360,363,317,398,347,435,458,386,378,430,384,465,419,371,429,372,468,422,357,312,371,347,314,320,302,393,365,313,415,391,311,392,360,339,316,310,303,384,367,297,411,377,295,403,369,304,409,310,378,362,303,301,388,307,252,312,325,428,366,471,393,304,292,401,356,326,444,375,313,375,343,306,319,398,351,297,329,299,418,372,355,313,318,282,407,318,380,386,311,386,356,303,394,365,309,316,290,375,341,310,344,398,320,303,429,367,308,405,361,345,306,403,321,393,344,334,302,303,383,353,307,303,377,328,298,404,323,296,448,330,400,373,362,310,378,367,297,396,363,345,314,295,403,361,290,399,362,301,401,362,338,308,311,297,376,353,297,323,394,353,304,339,299,392,348,299,342,316,392,338,302,339,406,364,301,305,413,369,361,306,390,341,338,308,371,341,310,289,396,299,275,282,319,331,424,371,309,330,386,315,286,420,349,308,290,411,317,417,303,402,310,367,313,301,393,357,314,335,404,372,308,423,371,346,308,297,407,378,350,298,384,369,357,311,379,342,300,322,381,349,310,315,384,360,292,298,381,332,291,404,318,294,409,324,288,400,324,286,441,323,357,309,280,273,305,298,399,325,320,434,366,355,302,356,315,317,324,385,360,298,329,395,350,300,330,301,378,346,303,343,304,388,353,288,324,394,307,297,398,314,312,407,358,309
312,351,401,299,304,425,446,404,359,471,401,283,300,410,361,451,396,301,293,389,313,406,505,421,290,291,394,356,294,295,393,313,303,414,323,307,420,353,457,410,398,319,373,371,301,385,365,300,399,362,362,353,453,420,357,327,448,422,354,305,280,406,299,488,414,395,304,299,319,392,294,288,316,339,316,411,323,285,415,327,295,439,322,362,320,298,397,314,302,427,369,356,305,375,359,294,388,370,295,384,367,294,396,364,309,388,367,302,395,357,338,306,294,365,320,299,410,328,292,394,328,303,394,335,307,441,316,367,320,288,403,320,287,413,364,301,402,365,360,312,385,346,441,443,395,363,423,386,473,416,365,446,377,452,419,356,293,365,339,301,328,301,397,358,302,412,369,307,394,360,343,306,320,283,398,368,296,416,373,298,389,381,289,397,318,369,357,302,292,396,311,276,327,328,441,357,475,387,311,289,400,367,317,435,360,303,386,344,319,306,393,358,316,332,302,405,355,339,304,317,288,416,321,389,374,313,403,357,304,389,353,283,308,287,390,351,310,336,396,312,307,418,371,322,401,366,341,312,398,307,390,350,348,313,298,388,353,298,299,383,319,296,408,320,297,442,329,392,374,355,311,385,377,298,401,362,355,301,298,397,366,298,393,358,308,396,361,341,293,316,303,396,371,301,329,394,345,307,341,301,382,354,300,342,325,386,337,295,340,413,351,305,311,403,363,347,306,377,362,359,310,378,340,302,307,388,310,267,277,326,324,422,350,308,317,391,313,296,418,355,294,292,395,316,399,306,394,314,374,308,299,405,367,306,330,406,374,303,433,353,342,309,297,419,369,354,303,383,345,354,289,361,359,295,312,399,353,304,311,382,362,293,301,370,317,297,390,318,294,399,320,294,402,328,305,436,318,353,307,292,285,293,295,408,325,319,437,367,361,295,353,334,319,323,389,353,303,335,401,345,314,329,307,381,361,299,333,304,387,350,314,335,404,323,285,411,330,298,417,355,309
298,334,395,304,309,406,447,416,357,470,391,287,316,409,353,441,400,290,284,390,314,417,503,411,289,279,381,357,301,311,382,321,298,423,319,306,429,355,447,416,391,314,374,366,297,391,362,300,391,376,363,347,443,417,348,340,460,421,350,302,286,404,305,481,424,392,297,308,331,376,295,278,322,330,313,414,326,293,425,316,305,453,316,363,309,314,402,323,291,430,382,361,309,370,376,303,393,368,306,410,367,298,400,369,315,389,373,302,402,361,352,300,285,378,316,285,400,326,291,399,329,285,408,317,295,462,322,369,305,297,400,319,300,419,364,310,414,366,358,316,375,341,426,455,386,373,432,379,466,412,372,441,384,458,416,363,294,369,354,292,325,304,393,359,311,421,364,315,401,348,335,303,302,289,379,374,309,415,379,315,384,373,312,408,308,379,376,297,304,382,296,261,319,324,427,378,461,389,287,293,384,368,315,435,367,293,380,353,302,310,393,363,297,312,292,415,364,341,303,312,305,415,325,390,376,311,397,372,316,396,356,308,329,296,369,351,301,343,407,307,299,416,367,317,411,353,329,304,395,312,387,357,326,297,297,394,342,303,298,381,324,283,414,331,295,445,327,396,377,364,301,379,361,299,396,350,343,302,312,395,370,309,383,357,317,391,360,341,302,306,299,399,349,302,329,396,343,306,343,294,368,345,302,345,301,378,344,299,334,402,361,286,303,399,370,366,303,387,356,353,299,372,335,302,303,412,297,265,284,322,312,420,373,311,330,393,324,287,417,356,313,296,415,341,402,311,391,310,378,313,291,411,365,299,333,389,360,303,419,379,337,307,311,425,371,370,307,382,361,362,311,372,357,296,307,386,346,308,307,392,342,297,295,372,321,294,418,326,294,414,323,300,404,321,301,442,313,355,311,283,285,303,303,398,332,324,435,367,366,288,356,300,307,303,415,346,293,331,396,355,298,331,296,396,352,291,342,299,389,340,297,311,392,320,284,387,321,311,416,364,306
285,343,390,308,316,424,458,418,360,461,395,292,313,427,360,461,381,294,287,399,318,415,500,403,285,293,390,358,300,296,388,314,295,412,314,295,424,352,456,408,392,313,388,373,308,394,370,307,413,363,356,354,449,413,358,337,434,419,360,302,290,397,303,490,427,382,301,295,312,401,306,279,329,333,314,422,317,303,429,325,305,444,321,370,309,288,408,314,305,437,376,358,305,376,360,312,401,353,301,392,358,312,396,360,306,388,363,307,403,350,345,316,281,388,316,298,413,328,303,410,318,294,406,317,300,441,319,372,308,303,395,328,298,428,366,295,406,362,359,315,385,341,432,455,379,370,429,381,442,407,352,435,377,459,429,352,297,367,356,290,323,305,386,367,302,412,369,316,397,358,337,293,326,299,391,368,298,414,364,314,388,359,307,410,299,371,359,311,302,391,299,265,324,329,431,378,473,390,308,296,398,367,305,442,372,304,390,350,306,321,398,368,300,320,293,409,351,340,312,317,289,401,314,377,391,324,392,364,312,397,350,302,308,284,381,338,294,343,394,321,302,426,376,309,409,365,335,311,409,312,396,348,332,299,300,397,354,320,283,384,321,304,404,306,303,434,323,396,377,347,311,381,372,307,397,352,336,297,312,384,356,301,398,366,308,406,365,347,310,308,302,398,358,301,342,388,352,310,353,323,382,350,302,339,304,394,351,289,328,396,354,302,299,411,378,355,313,383,371,342,301,366,341,293,300,406,316,258,286,325,311,419,371,294,311,388,313,304,420,364,304,308,422,327,399,305,389,317,372,300,291,408,366,292,340,408,365,325,428,371,340,311,305,423,364,349,307,389,371,353,314,369,341,294,304,390,346,301,315,383,357,297,300,373,318,289,409,314,295,408,327,288,395,320,298,449,320,371,308,304,291,306,308,399,314,309,429,374,359,289,365,316,309,309,393,358,308,340,402,351,296,325,295,386,343,302,340,316,379,337,290,315,394,313,293,404,323,309,409,361,314
290,331,394,301,306,427,461,408,361,466,397,289,301,408,360,449,391,305,277,414,323,418,509,412,285,297,387,343,288,300,384,320,294,404,318,313,427,354,473,424,378,299,379,378,314,391,363,324,394,361,341,342,443,416,347,335,444,413,346,301,285,405,301,476,424,393,302,311,308,398,303,286,334,326,304,420,319,298,427,326,292,449,325,370,313,299,399,320,303,448,381,362,309,385,354,297,386,357,304,373,375,309,385,356,301,385,368,312,397,355,346,303,284,381,324,298,390,324,296,406,322,309,399,321,307,438,320,357,311,300,396,311,299,422,369,294,400,355,357,316,389,345,424,444,375,372,436,385,459,412,362,451,388,456,420,361,288,380,341,313,328,301,396,368,303,408,373,306,408,351,347,303,303,300,401,369,291,412,387,312,385,358,305,410,305,373,359,294,303,385,309,264,331,332,430,359,468,406,288,291,387,359,330,440,380,315,376,345,299,311,391,359,300,312,301,406,370,335,307,313,286,428,322,387,396,323,391,368,303,391,356,289,304,285,384,354,314,331,399,320,293,419,367,299,409,367,339,321,407,316,379,363,350,311,308,386,354,315,307,371,323,300,390,313,299,438,340,380,378,357,305,382,374,309,407,350,347,302,289,400,364,300,388,361,315,400,351,338,314,315,306,405,357,297,321,384,356,310,336,315,388,350,298,339,309,368,341,303,331,407,362,314,318,413,371,353,313,378,351,355,311,376,351,316,310,397,308,268,277,335,323,418,376,301,336,399,319,291,411,361,308,307,418,335,401,306,397,300,375,307,297,407,358,302,330,425,366,297,410,354,353,301,299,408,359,359,303,389,354,356,311,372,343,300,296,377,360,311,310,391,351,301,302,377,307,282,410,321,297,396,322,287,410,328,300,439,323,349,297,294,282,288,299,412,327,312,430,362,366,289,360,313,303,304,384,354,296,331,407,360,299,325,290,384,350,298,341,306,388,344,308,325,407,309,278,410,332,311,421,359,299
293,317,383,319,292,419,459,409,345,469,390,291,309,410,347,462,388,298,268,397,315,404,486,413,287,297,390,354,295,303,376,314,300,400,333,300,417,351,469,418,395,303,381,355,299,393,376,310,405,355,350,342,450,414,352,339,447,418,351,314,291,404,304,486,428,385,314,316,322,394,303,277,330,330,303,422,319,303,427,319,303,456,333,367,319,308,408,316,310,440,361,363,308,379,350,309,387,364,307,406,368,306,393,361,304,391,385,315,395,347,346,297,287,366,324,291,404,336,304,403,326,306,410,324,285,440,320,358,309,283,398,311,294,420,373,294,413,362,356,316,380,347,425,430,381,357,428,382,453,421,371,454,389,444,413,362,292,373,353,304,314,293,382,352,317,424,368,313,407,369,342,295,299,299,391,362,300,421,369,312,393,376,302,407,313,378,360,295,293,371,311,270,322,318,420,373,468,390,278,294,392,366,311,426,371,295,391,366,313,314,393,349,297,307,300,417,365,350,312,316,293,411,320,381,389,310,403,363,300,397,363,300,312,297,377,352,298,337,398,318,291,418,381,303,406,352,345,321,415,313,388,366,343,309,303,391,342,300,294,380,318,299,393,320,293,434,323,387,364,366,309,374,352,317,392,357,342,297,296,392,371,311,397,361,313,401,353,340,312,307,303,398,347,293,320,399,354,302,340,301,385,347,308,339,303,381,347,297,336,409,352,300,300,411,372,362,315,383,364,354,309,371,353,299,307,388,310,272,288,328,316,418,363,294,330,389,315,297,410,357,318,306,423,336,389,295,386,321,375,305,298,414,359,290,333,396,372,299,428,367,347,300,281,414,359,367,298,384,371,369,317,381,347,308,323,395,357,294,309,378,357,307,301,373,325,297,406,330,304,394,324,291,388,334,306,451,333,368,297,286,274,314,298,412,316,312,426,357,365,302,372,317,310,311,389,354,295,322,412,354,306,319,300,397,351,284,335,310,379,350,291,312,406,309,306,397,316,296,417,349,314
305,346,389,317,312,409,455,401,364,471,392,282,306,423,352,453,407,304,285,411,330,395,502,426,281,282,382,353,292,312,379,322,276,400,315,297,423,347,458,432,389,332,383,372,295,387,366,307,398,373,354,349,453,426,359,334,455,413,352,298,297,404,301,482,426,393,312,309,315,404,301,276,336,331,310,419,325,296,418,325,293,451,314,375,316,297,403,323,303,436,378,361,315,389,361,292,388,372,302,391,358,302,382,364,302,403,369,301,399,358,338,303,287,393,312,294,409,315,291,405,330,288,404,317,300,453,316,357,315,283,404,315,296,428,374,296,398,356,369,316,383,345,435,447,383,347,434,389,463,415,371,443,381,449,401,355,292,377,360,304,327,297,391,363,303,414,376,294,402,368,344,296,318,300,398,369,302,415,372,304,384,358,286,413,295,367,364,291,308,384,298,260,325,340,435,364,443,392,301,293,379,361,321,431,373,290,373,352,314,313,391,366,298,314,299,409,363,345,303,316,290,403,313,382,394,308,396,384,305,393,362,297,305,308,392,354,313,345,400,325,300,430,386,312,402,364,353,316,407,323,394,343,334,306,300,390,355,294,298,384,319,296,390,318,298,446,331,387,375,362,320,359,361,300,396,364,335,298,302,401,374,301,395,361,306,398,362,347,301,317,295,391,359,296,315,394,340,295,346,304,374,345,298,338,304,387,350,293,329,409,358,298,321,413,374,363,303,387,366,346,308,379,347,297,309,386,314,280,292,325,319,430,379,300,329,384,316,305,404,356,301,308,402,326,396,318,386,312,379,310,298,405,378,311,334,411,367,301,423,355,347,299,292,409,358,363,296,388,352,353,305,366,346,304,304,389,355,301,314,385,355,310,306,377,312,288,404,307,291,406,323,291,388,322,315,437,326,363,307,290,279,300,295,408,334,318,435,381,365,293,375,315,299,313,384,348,287,339,417,341,311,316,299,382,355,297,347,299,386,345,293,329,404,330,298,398,315,307,415,358,295
288,324,384,314,311,425,454,407,358,457,404,289,308,408,366,448,401,305,273,411,319,409,513,419,283,285,385,346,317,293,373,318,294,400,324,287,433,359,464,422,390,323,379,362,310,402,373,304,393,384,354,352,449,411,350,336,432,412,349,301,287,396,317,483,427,377,310,303,316,383,322,286,327,329,302,422,312,291,431,335,291,465,318,388,311,292,408,326,296,424,367,362,299,379,375,293,397,360,305,382,352,300,393,366,300,396,366,309,395,355,341,298,289,386,310,294,404,314,271,406,320,287,415,318,305,440,315,388,308,289,394,316,308,425,356,300,414,348,363,301,376,338,426,452,379,370,434,380,467,409,377,448,385,456,420,358,304,361,340,303,315,300,388,357,319,411,369,302,394,373,352,304,319,315,384,364,310,415,368,303,390,373,302,408,308,380,365,302,291,389,315,262,330,317,433,352,461,383,296,282,389,372,316,430,361,287,368,343,299,314,390,366,310,314,292,413,353,349,313,306,294,410,315,371,384,314,391,357,316,403,360,301,300,290,384,338,308,341,396,311,308,415,356,297,410,356,352,315,404,304,384,353,347,305,290,396,360,304,290,381,319,298,405,309,305,434,332,397,370,350,315,385,355,296,407,339,353,304,292,397,370,302,399,354,296,398,357,360,298,311,297,395,366,290,326,393,348,304,341,318,379,348,289,334,307,395,352,298,329,402,366,309,300,405,375,366,305,377,369,350,303,368,336,299,304,396,296,271,285,322,316,432,374,309,323,391,333,300,399,359,309,295,417,334,397,313,398,316,381,316,297,412,372,304,327,408,370,314,427,369,347,307,309,408,364,364,312,391,360,353,315,377,347,307,308,402,353,301,320,398,359,303,307,372,321,283,401,316,308,403,328,291,395,322,294,444,317,359,301,293,270,288,299,399,333,314,429,380,367,289,365,315,300,315,385,366,304,328,401,358,292,324,300,391,359,295,337,305,382,357,311,322,396,316,294,410,327,303,403,350,301
299,325,395,318,306,419,449,407,346,460,397,289,303,414,361,441,395,287,268,401,328,422,512,420,273,289,402,350,308,299,372,321,283,394,318,297,427,350,465,411,384,324,381,359,294,381,368,306,400,369,358,343,464,401,354,332,451,413,344,306,306,402,303,483,430,388,303,293,310,390,309,282,321,333,318,419,314,289,412,332,302,448,315,374,316,307,409,322,298,428,373,364,311,367,374,291,399,362,312,383,366,317,387,372,319,399,353,306,389,361,334,310,310,371,314,283,403,322,281,401,333,289,396,313,299,440,316,355,311,307,390,313,305,433,375,302,400,356,362,322,395,340,431,449,384,364,441,374,453,408,367,447,378,457,417,369,309,366,344,300,320,298,395,356,300,406,369,312,402,355,354,301,327,297,388,360,295,420,374,313,394,368,303,418,309,377,356,301,300,389,302,264,317,328,431,355,461,397,302,292,390,373,319,439,365,304,392,361,308,303,394,348,302,325,304,419,362,343,308,309,284,409,316,385,394,301,390,365,294,404,368,302,309,295,366,350,305,341,392,313,310,426,373,307,402,348,343,305,409,322,387,350,350,316,302,380,344,311,300,377,317,291,406,319,294,443,318,390,383,369,305,384,364,303,409,346,336,309,287,392,361,305,396,350,308,406,361,325,303,306,310,390,354,295,320,394,341,290,341,304,389,343,299,337,298,377,349,297,324,403,371,307,313,419,379,353,303,379,363,348,297,379,342,310,299,398,299,261,297,328,319,430,366,303,311,397,310,306,411,358,303,312,408,325,400,299,394,307,382,304,291,411,364,295,330,394,350,308,427,371,354,300,303,406,370,352,300,380,383,362,302,377,340,305,311,396,342,301,307,376,356,299,296,368,320,285,398,317,290,399,322,291,406,327,297,435,333,356,318,302,280,295,303,386,326,310,437,367,360,293,356,308,308,317,398,346,294,341,417,350,310,316,287,392,345,306,346,305,387,355,311,317,390,313,281,399,315,296,400,357,320
294,329,395,314,301,408,462,428,359,469,401,291,310,414,348,451,400,304,283,403,320,411,507,425,284,294,384,344,288,299,370,321,292,394,320,307,423,364,464,414,384,322,386,374,309,397,355,307,410,378,345,353,446,413,351,320,438,416,355,298,282,415,305,474,415,389,318,311,307,394,308,277,325,335,324,420,321,297,426,337,300,445,320,373,293,299,408,320,303,430,376,360,311,379,349,309,403,360,312,385,358,306,389,363,300,374,358,310,398,362,337,322,284,379,318,304,409,330,279,403,321,284,393,322,295,431,324,354,295,301,421,311,303,426,371,318,407,365,361,307,376,340,433,440,377,348,415,380,474,413,369,434,372,463,411,373,305,365,338,308,327,304,391,353,309,403,375,306,416,357,344,306,321,287,395,364,305,411,368,314,394,361,311,407,306,371,366,296,301,390,304,272,334,333,435,360,455,393,300,278,382,366,326,431,377,318,388,352,307,308,393,361,303,326,310,413,362,351,308,317,285,415,320,387,392,315,389,361,289,395,369,301,309,300,370,347,303,336,394,316,301,422,354,310,402,356,336,309,393,320,386,337,340,300,302,383,352,295,316,374,330,300,408,315,301,442,318,381,364,349,300,387,354,311,391,349,326,308,293,396,351,296,399,359,310,395,358,346,297,310,298,389,368,291,318,393,355,302,346,308,383,353,295,341,306,384,330,300,333,403,346,304,318,421,370,369,310,385,358,350,305,381,339,314,318,380,293,270,295,310,321,426,368,297,330,419,321,298,414,355,304,309,405,333,405,294,395,307,368,321,303,407,365,302,330,405,371,294,433,356,341,302,308,418,379,351,301,386,351,347,287,387,342,297,310,392,364,296,316,382,364,301,298,385,323,287,392,315,287,398,322,280,408,321,297,443,326,359,309,292,279,306,311,397,323,316,438,378,363,292,348,312,321,324,390,348,296,330,401,350,298,309,294,372,344,297,328,308,392,344,303,325,386,311,292,411,319,301,409,349,310
305,332,393,316,300,428,447,401,358,468,397,280,309,413,360,446,387,302,291,414,321,406,492,426,283,302,374,358,294,300,369,325,289,409,314,310,431,346,471,419,391,326,386,366,290,392,361,298,397,359,346,342,452,412,350,342,442,413,366,309,286,403,308,483,437,372,315,301,312,382,306,275,321,330,310,430,326,297,418,323,314,452,319,372,323,307,397,310,294,423,371,365,308,375,353,310,376,370,306,374,374,304,395,360,308,381,370,306,399,350,352,305,302,382,320,293,412,323,295,398,321,294,402,312,299,452,324,367,304,281,394,308,303,418,354,303,395,363,358,300,382,337,439,453,390,364,416,388,475,416,367,443,380,445,432,359,294,367,351,300,323,313,391,374,307,401,374,308,404,360,342,311,310,294,384,359,297,409,377,302,381,362,315,419,311,366,360,315,297,384,302,268,325,315,432,375,466,401,291,287,389,359,326,437,375,300,378,339,304,300,379,349,305,333,298,412,372,338,295,316,292,410,313,385,393,311,379,366,292,386,360,310,304,284,386,345,300,346,404,319,287,421,373,305,409,354,355,298,381,325,390,343,341,303,299,397,359,297,304,378,316,282,405,316,298,439,326,393,372,363,305,378,379,293,404,352,339,295,305,399,370,296,398,358,311,404,363,349,314,303,298,399,351,279,329,388,343,309,336,316,386,355,296,347,310,380,350,295,340,402,363,296,314,401,368,360,291,388,369,359,308,373,348,306,303,409,316,270,281,312,316,418,366,306,315,387,315,290,407,359,304,295,416,331,406,318,393,317,376,303,302,415,374,297,331,397,370,295,422,355,336,305,302,422,372,362,299,393,351,348,311,373,349,297,310,398,360,295,311,378,360,290,301,386,316,291,409,328,297,397,312,299,399,315,294,432,328,363,302,288,279,297,306,403,316,327,438,384,354,301,363,314,313,313,395,356,309,338,408,355,302,319,300,387,341,306,336,305,390,351,294,336,399,316,282,394,328,306,415,352,301
290,336,384,316,307,407,455,418,357,460,391,288,312,411,353,452,390,296,280,406,338,410,493,417,275,289,389,336,280,291,374,323,281,409,311,303,422,361,468,420,390,307,382,375,313,385,361,309,406,369,355,349,448,408,349,332,445,419,349,301,292,404,295,476,420,389,306,304,321,386,302,289,328,332,307,430,318,294,427,316,305,452,314,378,315,300,404,320,284,421,392,360,301,375,360,314,390,379,307,390,355,302,392,367,302,389,359,306,405,365,342,286,276,372,309,292,401,330,299,398,312,282,406,332,300,437,321,347,295,292,399,312,309,414,377,318,394,357,359,297,370,347,446,459,371,370,435,379,456,420,371,449,388,452,410,364,309,372,350,313,324,298,379,368,295,428,353,319,398,363,367,301,315,301,382,360,300,429,382,297,397,371,299,401,306,391,371,309,301,378,303,277,334,334,427,373,474,394,293,288,388,365,316,441,358,292,377,347,309,308,395,349,314,321,305,404,361,348,310,310,290,412,315,376,372,308,389,369,302,408,371,288,301,288,375,352,303,345,386,307,296,415,355,302,402,362,354,304,410,314,386,356,347,303,298,390,350,284,307,370,322,287,396,324,299,440,329,389,381,357,304,373,357,294,405,357,344,298,302,395,373,312,386,366,307,405,353,355,304,326,295,390,361,296,312,389,345,311,344,307,381,347,281,342,310,378,353,305,338,407,354,300,308,403,375,353,288,388,353,357,309,379,350,303,302,399,308,267,287,335,326,424,364,310,322,388,311,297,417,368,300,299,415,326,405,310,394,324,366,307,297,403,365,303,322,408,357,310,427,364,344,308,307,414,370,353,321,386,378,359,307,367,344,301,319,394,350,300,313,408,358,305,303,373,318,305,393,329,299,403,324,287,402,327,296,459,310,376,312,293,281,296,290,409,329,316,435,366,363,300,356,312,298,307,392,340,294,338,401,357,305,320,297,385,358,301,344,310,369,355,298,310,402,331,302,395,324,308,394,369,300
304,341,399,305,303,420,448,416,364,478,389,281,309,421,344,455,402,302,267,403,324,410,496,417,284,280,376,350,306,309,386,311,289,409,332,301,421,359,464,433,388,321,391,364,303,391,361,304,404,363,351,356,444,410,358,344,460,414,352,312,293,411,302,458,414,385,293,312,314,397,301,282,314,330,312,414,327,307,423,316,295,456,312,378,303,318,392,307,297,439,364,366,300,374,356,301,388,363,300,397,373,308,393,360,293,380,360,297,402,363,332,289,282,376,317,287,403,317,306,399,334,293,411,318,289,446,319,367,294,296,401,310,301,413,362,313,406,353,351,311,390,345,428,446,384,367,431,383,452,410,368,442,378,458,416,368,300,380,343,306,324,309,398,363,296,420,365,310,405,344,342,307,313,300,389,371,301,417,375,314,391,365,302,402,302,380,377,303,306,376,300,281,329,325,434,364,463,407,296,277,399,370,323,442,351,309,376,346,309,302,394,366,316,310,295,416,359,348,307,323,293,416,322,384,384,323,389,371,299,381,362,304,315,291,379,356,305,336,397,311,311,424,381,296,408,353,349,317,412,317,391,353,332,292,299,381,345,299,308,381,326,297,396,312,294,453,326,381,364,358,307,391,356,310,401,358,355,297,299,384,370,308,385,355,313,393,366,347,302,319,292,388,351,307,316,402,351,313,339,313,390,346,295,346,310,379,343,291,339,398,359,307,319,409,366,364,309,395,360,363,315,375,344,297,298,397,315,262,292,319,331,430,368,302,326,392,323,293,408,357,324,306,408,329,392,304,391,329,373,305,293,399,349,294,341,406,360,311,424,375,340,304,307,412,361,350,296,381,359,344,324,380,350,296,316,390,366,307,316,387,353,310,296,377,317,297,405,329,300,413,325,286,403,318,288,450,315,355,304,301,275,306,297,402,324,311,434,372,357,294,359,300,303,314,389,353,294,332,410,355,319,327,298,379,349,302,333,306,369,346,309,314,390,316,288,416,325,312,404,365,304
308,332,397,309,304,411,465,403,354,462,393,282,308,417,351,449,405,285,280,407,316,402,508,416,285,303,382,352,283,295,375,320,301,408,331,287,429,343,464,412,381,324,393,368,304,398,359,313,396,357,344,346,451,411,351,343,447,414,360,304,278,385,308,479,422,381,318,307,328,387,304,276,309,339,311,418,321,316,427,314,306,461,321,370,313,298,397,318,294,426,369,361,306,381,351,308,403,361,311,387,370,304,381,357,317,390,366,304,413,349,347,294,285,394,308,289,398,309,294,419,311,287,408,308,294,460,332,363,314,289,391,323,295,413,371,300,416,356,364,307,380,346,429,459,369,378,422,385,467,405,378,448,369,449,417,350,309,366,359,317,319,312,392,350,306,414,370,290,395,355,352,306,308,305,385,362,314,419,371,308,387,373,293,411,308,390,369,298,300,383,303,270,329,328,422,363,474,400,313,288,393,355,314,435,384,318,393,334,312,315,388,348,310,314,301,413,360,346,303,313,287,416,319,378,390,315,393,363,305,383,351,292,314,288,381,360,304,333,396,325,299,417,382,301,391,363,344,313,406,306,398,346,344,319,286,390,357,301,313,381,330,295,407,318,295,456,323,393,374,372,307,377,365,304,404,356,349,307,294,396,368,303,390,363,301,413,347,350,292,318,296,385,349,296,328,393,343,297,351,312,382,348,306,338,303,372,339,294,328,398,355,304,310,413,368,356,290,391,368,357,316,370,354,304,291,383,315,272,299,322,322,426,368,304,337,386,299,299,411,351,293,312,423,339,401,298,396,323,384,304,301,402,363,299,320,390,370,296,428,368,348,303,315,417,360,354,292,405,354,365,300,364,353,305,319,403,364,307,313,392,355,317,303,386,322,297,396,324,299,407,333,292,402,320,291,449,315,369,294,293,284,300,290,408,324,315,432,352,355,309,351,309,307,312,386,345,301,323,403,346,304,334,300,398,351,304,344,307,397,350,304,321,400,304,286,405,320,305,414,351,315
312,321,402,311,292,421,461,405,355,471,397,283,300,417,354,460,399,301,287,402,317,423,511,422,287,294,388,349,296,297,367,324,292,408,319,297,420,354,457,415,386,300,379,358,305,398,352,312,395,366,355,347,452,406,353,341,443,410,359,302,292,407,297,480,425,386,304,310,309,374,300,290,326,333,315,412,320,309,430,341,303,443,313,383,320,293,410,300,297,447,364,368,304,379,368,294,388,347,303,370,371,316,400,368,313,386,361,307,405,352,341,305,283,392,308,292,409,323,297,405,319,295,391,317,305,448,323,371,292,285,397,314,308,408,362,318,406,363,354,308,389,334,427,451,375,369,442,387,473,409,372,441,393,456,417,358,296,367,357,293,316,294,379,372,305,411,371,303,402,361,349,293,313,293,388,353,302,409,373,304,381,354,309,405,299,388,362,311,311,379,298,272,315,336,420,360,461,397,287,308,397,381,308,437,367,311,372,342,309,320,402,349,310,314,288,400,358,344,295,316,299,419,313,394,392,320,395,356,303,400,359,300,312,299,380,363,296,338,396,316,302,405,376,306,404,357,342,313,404,306,388,355,343,296,292,392,357,292,296,373,315,288,399,322,311,445,330,392,355,353,329,399,370,302,408,352,334,294,302,403,371,309,384,362,303,400,357,341,300,309,308,386,363,292,315,386,345,302,342,303,383,350,305,333,309,379,350,296,330,395,354,298,303,408,373,359,308,383,362,359,324,384,335,300,301,398,299,271,291,321,332,413,371,303,331,393,314,311,399,367,298,312,414,328,400,313,393,329,375,311,308,402,371,306,328,405,375,302,422,367,342,301,297,421,378,358,304,391,351,355,310,381,339,300,318,386,359,301,308,389,351,291,278,370,315,288,405,318,292,400,325,295,408,318,298,447,322,353,300,293,274,304,289,403,330,311,429,379,360,290,359,309,309,311,387,346,295,323,412,358,305,325,287,376,350,306,334,311,391,346,302,322,401,304,282,396,315,293,417,345,313
300,326,386,311,302,421,457,399,357,462,399,280,297,418,358,448,389,304,295,404,326,406,503,419,300,296,391,356,295,308,369,302,292,401,322,290,426,355,456,427,380,309,370,355,300,391,356,308,389,370,346,347,452,399,350,346,440,406,344,300,290,410,294,467,428,377,314,298,317,393,307,278,322,321,304,421,329,306,428,310,298,455,316,376,308,299,395,311,303,430,377,357,313,376,379,310,377,360,309,384,356,297,391,362,305,394,363,301,404,354,341,305,297,381,312,290,405,326,293,405,315,293,388,325,307,445,325,351,301,303,381,314,307,430,370,310,402,366,357,308,391,349,424,459,376,375,429,377,467,414,377,443,388,452,415,375,305,378,352,298,299,302,382,360,301,417,378,301,414,356,349,315,314,300,399,357,304,406,361,307,381,366,309,411,309,373,364,295,304,380,303,253,321,330,430,381,460,398,287,291,383,359,311,425,357,309,378,347,298,314,391,337,314,310,299,395,358,336,313,311,283,414,333,381,391,316,394,374,306,397,357,308,308,297,372,355,294,340,395,322,296,427,367,292,399,369,357,305,405,318,389,350,340,311,286,389,359,293,297,376,314,280,398,315,305,435,328,375,370,351,309,379,358,310,390,351,342,300,291,395,367,299,409,362,299,399,360,352,302,304,308,385,349,298,317,391,362,306,349,308,384,352,311,340,307,381,351,288,337,395,364,307,321,406,369,358,301,383,358,353,295,363,348,301,306,403,306,265,286,322,337,421,362,284,315,390,322,304,413,361,295,304,415,329,397,320,392,299,376,305,290,408,361,296,329,396,363,308,432,363,353,304,298,412,369,371,291,381,358,351,300,375,339,309,307,404,345,310,293,374,349,291,293,390,312,284,409,318,293,395,322,297,383,305,294,445,316,360,302,282,270,298,297,391,324,316,426,368,363,296,358,312,322,315,386,357,305,342,419,361,307,315,304,383,348,288,344,304,387,336,307,314,402,326,295,410,323,301,406,343,312
302,331,377,318,301,419,448,400,362,466,399,268,299,424,354,461,394,315,277,404,332,415,512,421,297,297,376,355,302,305,392,311,286,413,329,297,434,347,468,421,383,322,370,385,298,394,362,311,401,367,353,351,450,413,359,336,450,429,345,308,291,400,305,485,428,382,317,300,318,388,302,271,315,347,322,422,333,292,437,322,298,465,304,372,309,296,392,323,304,435,374,344,293,392,356,299,386,377,309,393,358,304,392,363,293,401,372,304,409,363,342,289,281,390,318,295,403,325,293,407,322,302,401,313,297,445,314,358,311,293,398,306,299,415,364,311,407,359,352,321,381,347,435,465,389,375,434,363,462,427,368,448,375,453,417,371,301,367,338,304,319,305,388,368,302,406,363,308,404,357,356,307,312,300,396,364,306,418,379,312,387,375,305,406,309,376,373,299,295,376,293,269,322,319,435,367,454,401,299,283,398,375,320,427,376,304,375,350,306,313,404,352,300,329,301,404,361,333,310,317,281,418,325,383,387,312,393,369,308,388,355,307,308,297,382,343,291,337,409,324,304,422,377,314,409,354,335,315,404,309,401,339,327,302,309,393,356,300,295,393,320,300,394,325,302,443,332,384,375,348,311,377,366,309,392,358,334,298,300,396,354,291,393,359,315,411,351,337,298,309,295,388,359,297,318,388,363,295,343,309,381,344,288,333,310,384,348,295,327,398,352,305,310,409,371,355,307,384,371,358,316,365,349,288,312,399,327,262,288,321,326,421,360,298,315,391,317,309,401,361,307,305,413,330,411,312,392,319,384,311,304,398,370,305,337,402,372,293,431,370,341,315,292,410,363,362,303,396,361,364,310,360,351,306,314,400,354,288,305,385,355,293,307,384,324,291,406,329,292,405,331,293,391,317,300,447,317,358,318,302,270,299,305,407,321,307,436,389,366,296,352,315,310,319,386,360,309,330,410,347,303,324,302,390,348,299,337,308,374,350,291,326,405,321,295,413,329,296,410,360,299
308,317,388,315,302,426,450,411,364,464,381,284,308,412,354,457,395,302,283,401,314,412,506,417,292,293,389,349,301,304,364,312,290,401,323,312,427,354,465,413,390,320,385,373,314,395,364,309,402,354,358,334,442,412,351,330,449,410,352,293,275,391,300,487,415,383,308,297,321,398,317,268,312,328,320,425,318,295,423,321,290,450,320,366,320,309,381,313,306,435,381,355,318,391,356,304,387,354,292,392,370,299,385,361,299,402,361,313,408,361,355,306,291,383,306,288,388,322,294,391,323,282,404,323,289,440,318,363,307,293,399,317,293,421,355,311,401,357,351,299,399,331,426,460,387,372,436,376,448,422,371,446,381,459,414,374,310,376,345,318,307,304,397,369,293,415,371,302,397,349,335,305,308,308,387,376,303,409,374,316,397,370,307,407,300,370,369,287,305,374,305,277,331,338,425,360,461,395,292,300,395,368,327,451,379,305,389,341,305,314,384,368,307,314,300,412,358,347,300,305,296,415,313,392,378,306,398,359,312,396,366,290,320,300,388,346,297,333,406,309,300,422,370,315,419,357,352,290,410,331,393,361,333,312,292,391,357,295,305,382,325,297,406,321,293,455,327,389,370,363,312,380,377,304,385,357,337,296,294,386,367,309,387,360,304,406,346,341,302,306,295,399,360,306,327,410,343,321,345,311,389,341,303,345,301,376,345,307,336,399,366,302,299,412,374,365,307,396,365,368,311,372,346,303,300,389,302,262,283,318,330,423,367,292,312,390,314,301,407,353,309,292,415,324,408,314,410,311,377,311,311,400,363,293,324,391,357,305,417,366,344,310,297,422,368,358,295,385,373,357,294,379,349,295,302,390,355,298,318,389,359,300,304,370,319,292,396,322,297,410,330,298,404,325,295,447,315,356,303,295,278,300,300,401,330,304,440,370,361,288,362,318,311,312,394,366,294,336,395,354,297,326,299,394,343,297,344,304,391,355,288,329,396,311,298,404,335,299,409,353,321
307,328,389,320,300,426,459,403,370,463,402,287,300,414,351,455,402,283,273,402,313,410,502,414,274,300,389,350,293,304,381,313,286,412,321,280,412,351,456,424,386,315,358,375,317,397,368,300,405,371,343,357,449,415,348,338,444,404,366,296,291,408,303,471,407,399,302,304,309,383,310,286,329,337,308,434,312,299,434,318,301,460,317,366,322,287,399,323,309,431,368,354,303,379,371,298,395,361,309,398,362,306,390,361,306,381,355,309,393,347,352,295,286,391,321,286,390,325,304,392,322,287,402,324,298,457,327,354,307,292,417,316,311,420,374,298,402,354,342,309,381,343,433,434,380,361,432,385,451,415,377,436,382,453,410,365,295,363,329,304,329,293,382,374,302,410,372,301,404,347,337,303,315,301,378,375,314,422,379,303,403,370,308,408,316,373,357,303,303,390,313,270,322,325,430,369,453,392,298,288,388,375,339,437,369,305,387,352,303,313,387,365,296,311,299,402,370,337,317,314,296,411,314,397,390,303,383,366,304,407,353,301,311,299,381,350,309,341,391,315,302,434,376,301,416,362,343,308,403,337,393,360,352,308,300,383,344,300,315,375,321,285,404,325,296,443,325,399,364,357,314,397,381,304,397,345,342,293,310,402,372,304,390,355,313,409,361,347,301,318,297,389,358,295,317,397,351,307,353,310,388,347,294,342,303,375,345,300,343,405,353,313,319,417,374,368,297,404,355,361,308,370,350,300,305,387,293,262,281,321,313,414,371,301,326,398,302,297,416,360,298,321,424,323,401,310,397,315,373,320,298,414,363,300,333,403,368,300,427,369,340,311,295,411,364,366,304,394,363,342,305,375,344,291,319,403,360,305,308,385,350,301,287,379,323,300,409,321,280,403,318,291,409,320,301,438,313,360,326,290,274,305,304,402,334,308,432,377,365,295,345,324,298,313,398,352,298,330,413,356,309,330,305,386,349,283,318,319,379,349,306,317,400,325,282,401,317,296,418,364,299
307,335,385,310,301,419,453,400,371,462,397,289,296,414,354,454,385,303,273,409,323,406,500,407,286,288,384,349,303,295,381,314,289,402,330,306,423,365,464,400,389,312,379,376,298,398,359,302,414,372,349,347,450,409,356,334,427,423,343,298,269,409,308,474,431,381,297,305,316,394,299,268,314,331,315,430,317,300,431,317,303,452,312,369,323,300,395,313,309,442,381,359,285,383,372,304,394,365,318,398,364,306,372,366,311,388,366,310,413,363,344,301,284,378,302,287,401,336,286,406,312,284,405,327,302,450,329,358,309,298,388,335,290,415,372,313,415,356,355,306,382,342,439,450,399,367,419,363,462,417,363,448,373,452,418,363,302,372,343,312,322,304,395,378,315,427,373,279,394,356,337,320,323,292,392,366,300,418,370,300,391,373,324,406,297,384,373,286,295,386,315,270,316,325,435,371,452,391,294,296,396,364,313,424,366,314,389,358,300,310,388,360,301,305,291,407,361,327,318,309,289,415,312,387,396,309,404,374,295,390,350,294,313,299,371,341,314,322,400,303,292,423,369,316,423,346,351,306,406,319,393,366,341,301,299,401,348,292,304,382,309,306,399,322,292,448,337,376,365,341,309,383,362,294,394,368,346,316,294,395,373,307,387,367,314,394,353,346,295,316,302,382,357,297,320,386,351,311,348,320,395,349,307,346,316,392,345,307,331,399,356,294,317,407,369,362,296,384,366,367,304,378,352,303,306,394,317,262,288,320,317,433,366,294,348,403,322,302,411,357,307,302,407,323,397,303,404,328,370,299,308,403,363,294,325,400,372,308,422,368,335,317,302,414,376,360,298,389,355,353,318,371,351,312,312,396,361,305,300,389,364,292,298,380,326,296,403,326,288,419,312,288,401,325,284,455,307,379,308,301,289,305,297,416,327,303,423,371,365,296,361,307,314,309,396,344,304,335,413,359,296,331,286,398,342,303,350,313,378,342,302,326,394,336,288,397,320,288,400,352,308
302,331,389,313,309,408,451,396,363,456,387,281,316,420,350,454,399,296,269,407,323,407,505,401,286,286,395,350,294,309,368,319,285,403,324,294,430,350,466,420,390,310,369,363,311,390,360,296,394,354,357,345,461,410,347,342,440,410,345,299,285,392,302,473,421,390,306,317,317,394,307,278,310,330,325,409,316,307,409,329,298,457,322,369,311,304,400,319,290,427,377,347,302,363,352,317,381,367,300,398,361,305,389,363,306,388,372,312,403,350,354,309,290,377,315,305,405,324,287,398,325,288,404,313,293,447,317,365,315,293,399,310,297,423,367,306,404,362,360,308,389,347,434,459,391,377,424,384,461,411,373,436,380,446,397,344,307,364,327,306,311,296,393,365,297,415,379,301,404,354,347,296,305,303,392,367,306,421,380,294,388,357,290,417,305,382,355,294,293,387,308,269,318,326,442,358,457,405,296,285,387,352,316,450,363,300,385,347,301,310,401,351,317,311,302,401,357,337,302,314,303,411,311,394,390,325,399,371,306,374,348,300,297,286,375,348,320,343,402,302,307,428,378,318,400,359,343,292,404,311,391,345,338,296,306,394,354,302,298,378,322,284,396,321,296,443,317,390,373,349,315,389,354,306,398,359,341,303,296,400,385,315,386,363,301,403,342,356,316,296,299,395,348,299,330,393,339,312,329,310,386,351,304,348,308,387,344,306,332,399,349,302,318,414,373,372,309,384,359,378,304,385,335,302,298,383,302,271,288,313,322,425,355,292,321,391,317,288,414,352,317,312,415,322,405,310,393,313,368,311,297,417,372,307,339,393,365,304,439,360,343,315,301,426,374,375,305,385,364,356,302,368,351,301,314,383,371,289,312,388,366,308,305,395,309,283,407,316,309,403,324,304,401,321,301,434,328,372,305,289,277,299,294,405,327,312,443,374,359,294,364,324,305,319,384,354,307,326,398,356,296,316,296,397,350,302,334,311,388,343,301,332,404,317,312,386,323,292,417,356,311
296,334,392,317,299,424,467,400,361,462,401,274,292,412,356,448,400,295,286,393,319,410,491,417,282,292,378,367,302,294,377,311,287,397,319,301,437,357,456,425,389,296,375,366,312,395,370,316,409,371,350,363,458,421,348,347,446,407,350,306,272,409,301,489,434,386,302,309,318,398,301,278,325,328,316,425,325,287,416,325,297,456,316,380,324,303,403,332,307,439,372,365,307,374,370,308,402,366,315,399,364,319,388,356,305,377,375,313,408,354,345,298,281,387,301,295,398,320,301,389,318,291,397,327,290,440,311,358,313,290,403,310,295,420,377,311,402,363,360,303,396,345,422,445,367,371,434,374,474,415,362,445,371,454,430,363,289,376,341,303,320,294,392,348,286,410,385,305,421,370,337,306,310,301,394,356,306,405,360,307,393,361,305,419,309,381,352,303,299,379,302,270,325,325,422,367,462,395,294,285,386,375,310,455,353,302,366,350,305,303,385,359,301,318,307,421,349,345,302,331,288,407,320,388,378,318,394,358,307,388,353,304,304,281,389,353,299,334,389,312,297,429,379,318,408,360,338,293,402,320,384,354,336,314,304,395,349,300,313,392,320,290,391,324,303,437,329,401,370,371,302,382,375,291,393,352,343,292,302,392,363,317,398,356,309,402,351,341,301,325,288,395,359,305,331,391,345,299,343,318,389,347,301,333,303,381,348,282,332,393,365,294,313,407,366,365,305,390,361,346,304,372,354,317,298,403,311,276,275,322,310,425,379,293,319,393,319,304,398,355,300,302,414,331,388,308,392,302,369,318,299,410,370,296,324,395,373,303,415,360,340,301,285,425,372,358,303,398,358,346,297,381,353,305,307,402,360,304,307,396,355,307,302,369,314,297,413,319,294,404,318,297,403,309,302,433,317,352,312,301,283,301,302,410,321,313,440,380,367,296,356,309,293,328,392,358,282,325,409,370,300,313,309,375,345,293,348,302,392,350,305,327,387,307,302,404,324,294,416,363,304
301,339,380,309,301,415,446,396,366,459,392,288,304,418,340,459,394,277,264,403,313,410,504,420,288,290,382,361,301,294,392,320,293,410,318,297,419,353,467,411,377,326,382,374,300,394,356,302,400,361,355,342,458,415,344,328,450,415,349,302,293,393,300,474,415,380,314,315,304,399,305,285,307,327,309,414,324,301,441,322,292,463,331,377,324,296,396,321,299,440,370,355,303,382,359,296,399,361,312,394,371,312,390,364,313,381,379,310,389,357,343,304,301,373,306,302,403,319,285,404,323,281,406,307,306,429,330,365,312,283,398,319,293,416,365,308,405,362,352,305,378,331,426,461,388,367,433,393,481,409,379,451,383,456,413,344,301,365,349,308,313,310,389,366,294,413,372,307,400,358,341,305,303,292,384,360,300,408,371,312,391,372,306,408,309,382,362,314,300,376,294,267,316,319,414,368,463,388,300,287,399,373,318,442,368,305,386,348,310,322,388,360,308,331,309,406,362,331,302,325,281,411,317,378,388,311,398,374,309,388,362,302,304,286,376,348,300,335,396,320,305,422,363,300,394,360,336,317,411,322,399,349,344,307,295,373,355,306,306,380,331,301,403,321,292,449,325,392,381,367,303,379,360,304,404,344,344,307,290,383,374,297,394,367,314,399,353,347,299,307,306,387,357,285,316,397,360,299,336,313,379,346,294,333,315,377,353,291,326,411,361,291,312,409,374,343,297,397,374,360,315,375,353,286,307,386,303,263,293,314,315,416,370,303,327,403,323,301,425,347,306,303,405,326,394,307,397,317,379,318,306,401,355,315,326,388,365,300,423,368,344,316,301,433,371,358,308,395,359,350,309,371,356,300,302,391,350,301,313,392,354,296,295,379,316,291,405,326,292,396,332,289,397,322,298,434,316,370,317,289,265,304,304,407,324,324,440,366,369,315,351,318,291,308,401,361,308,333,394,352,300,314,298,393,359,298,332,303,384,342,311,324,390,324,284,409,313,306,412,354,314
314,329,375,299,308,423,456,412,358,456,377,294,302,417,356,455,394,287,274,397,322,420,503,405,308,293,383,357,291,297,373,323,299,410,314,294,428,353,464,413,385,308,369,373,311,401,365,292,403,367,352,344,447,416,348,317,447,408,355,304,295,394,296,478,416,374,308,307,317,390,306,276,319,345,325,433,323,301,427,321,293,456,316,365,306,303,403,320,305,437,377,358,314,379,364,307,381,373,305,382,371,305,382,374,302,379,370,309,412,355,339,315,287,382,324,291,417,323,301,409,331,303,394,326,311,434,317,373,312,289,397,321,301,415,369,318,412,359,360,319,377,349,431,449,374,373,432,374,469,417,370,451,371,442,418,362,312,375,356,299,322,306,399,370,303,418,372,302,403,342,343,304,323,292,395,371,310,413,375,311,394,362,311,398,307,379,370,310,300,382,310,283,323,328,430,363,477,385,309,294,383,366,326,436,365,297,384,350,300,317,390,340,301,316,291,423,356,339,314,321,292,430,315,383,405,319,403,368,300,390,357,306,308,286,382,345,305,346,393,314,301,423,369,314,413,366,354,316,408,315,402,353,353,296,305,403,343,316,293,378,313,290,410,316,302,439,327,385,380,343,313,389,368,311,391,369,327,308,313,395,369,301,410,366,309,413,349,344,304,320,291,386,354,297,328,389,359,300,348,312,378,356,301,324,317,391,350,306,334,406,360,308,313,414,364,354,305,393,362,348,316,374,348,313,297,389,313,263,291,313,308,430,370,317,318,387,325,307,408,362,307,300,402,336,415,315,400,300,383,295,301,408,364,297,321,395,356,300,437,357,352,304,301,420,371,356,317,387,358,353,311,360,356,297,318,386,351,302,304,383,363,304,292,368,318,290,400,316,293,403,321,285,415,302,303,441,310,362,298,298,271,303,307,393,325,318,437,370,367,291,359,314,310,312,380,351,297,328,406,355,307,317,295,392,341,305,338,313,390,351,296,315,395,318,309,416,318,305,416,357,306
300,330,387,300,308,424,452,405,356,462,394,284,311,410,349,449,402,305,284,389,314,412,510,427,284,297,390,351,298,309,383,326,291,408,322,303,418,358,475,413,393,327,384,375,314,388,371,300,399,373,352,344,449,414,361,332,439,413,351,307,294,401,305,484,424,376,305,307,317,387,297,271,320,328,325,432,324,294,431,306,309,444,317,380,310,301,406,316,295,429,392,368,301,363,366,316,398,370,310,389,351,316,383,354,315,386,361,304,393,366,343,309,298,372,296,285,402,323,287,411,318,297,395,318,302,439,332,354,314,286,397,313,302,414,363,299,408,361,352,305,378,353,443,460,379,369,435,382,469,412,361,438,365,448,424,367,297,374,351,303,324,293,390,365,297,402,362,305,406,348,337,310,304,294,378,372,301,410,379,303,392,368,312,409,298,380,361,292,292,384,297,255,317,338,436,364,466,400,308,294,368,366,319,433,371,305,378,346,299,308,389,353,293,326,298,406,351,335,314,311,290,416,309,380,394,320,381,362,314,382,369,292,307,274,368,349,303,348,391,313,294,421,381,315,398,359,354,319,416,323,372,341,339,294,297,370,348,304,310,386,319,288,410,320,306,449,326,396,370,356,304,394,385,293,397,352,336,307,295,407,372,302,385,366,302,394,350,347,302,316,305,389,369,306,331,391,352,296,347,308,392,341,307,335,301,387,355,307,327,401,346,289,314,413,366,368,307,390,353,369,308,375,341,300,293,393,298,264,295,312,328,416,365,304,312,409,311,303,420,357,304,291,415,322,396,309,391,319,369,310,297,407,367,301,319,398,355,304,429,358,352,298,298,416,367,353,310,397,354,366,313,371,333,296,300,390,356,308,318,384,352,306,300,377,326,291,396,319,285,410,295,285,389,313,289,448,316,376,312,290,277,297,290,404,338,326,431,371,352,305,357,315,301,308,387,353,307,334,401,358,310,330,298,394,349,289,333,308,391,354,298,318,398,330,287,405,324,308,413,367,298
305,321,399,323,307,425,464,400,359,456,398,280,304,407,351,454,396,304,275,390,322,410,502,415,278,301,398,352,307,304,385,324,286,408,328,303,434,356,470,422,389,318,377,363,300,392,364,313,392,366,356,345,451,416,352,337,438,405,366,291,282,404,308,484,415,384,301,307,314,400,308,275,322,326,304,425,319,294,426,329,294,447,307,363,307,308,410,311,308,428,377,356,301,382,360,311,388,376,305,393,374,319,397,354,310,374,369,311,395,355,333,301,290,377,317,294,398,317,289,409,332,295,410,328,313,448,308,366,304,290,402,307,302,414,366,306,396,371,374,310,394,349,449,456,392,371,422,393,455,413,366,447,391,451,414,366,299,370,341,295,319,291,403,371,303,430,372,293,404,348,347,299,316,294,381,370,309,423,370,304,380,356,318,420,300,390,366,302,296,391,295,264,326,334,422,362,465,400,294,283,381,373,316,435,376,314,385,353,302,298,389,344,301,320,299,403,352,337,319,326,307,414,325,385,389,315,393,358,311,387,347,306,306,292,373,357,304,345,396,324,289,422,369,310,396,359,349,300,408,332,384,349,343,307,291,384,352,300,307,373,320,293,405,324,300,440,319,376,366,360,304,390,369,306,410,375,348,307,300,399,361,293,383,367,303,410,356,351,296,310,291,384,363,307,330,402,347,310,340,308,381,355,304,344,317,384,347,294,330,403,353,304,315,399,372,346,303,386,358,351,307,380,352,298,306,395,321,259,289,322,317,424,375,312,330,394,314,312,404,356,293,312,409,336,401,306,395,321,380,318,299,405,360,304,336,391,380,321,420,365,337,309,298,411,372,364,312,391,351,357,302,379,344,298,307,402,356,300,312,385,360,297,311,368,309,286,411,317,280,405,312,293,401,320,294,436,319,366,305,290,292,308,302,392,323,315,442,371,353,291,362,305,317,321,394,353,287,340,410,356,305,318,293,373,344,296,335,307,378,339,297,326,398,318,289,396,319,309,402,370,309
295,322,399,305,293,418,454,406,364,458,404,288,298,413,359,457,397,300,274,391,324,405,503,412,286,302,392,352,297,299,370,334,298,395,323,309,418,347,453,414,387,314,375,369,312,394,362,303,404,376,355,349,440,420,347,337,442,412,356,299,288,407,294,495,434,386,309,315,321,378,304,276,330,326,309,418,312,311,418,326,305,456,309,367,320,296,397,319,296,425,378,360,299,374,374,294,385,363,308,386,359,314,389,373,314,395,368,313,411,346,340,313,293,382,304,295,400,323,289,399,329,300,412,327,302,437,313,360,304,283,391,330,291,432,376,302,407,362,366,305,381,345,437,459,378,356,420,365,459,421,364,441,388,448,406,360,300,368,352,292,329,300,394,360,300,415,374,305,393,346,349,299,311,292,388,368,305,405,365,306,383,347,303,414,313,380,347,293,300,382,308,266,319,325,433,368,451,388,307,282,399,362,324,429,364,295,380,348,306,323,394,360,294,324,296,413,369,334,311,321,297,420,321,385,397,312,390,347,314,388,354,280,321,286,368,347,296,341,386,326,315,422,364,310,421,345,334,315,405,302,378,350,341,300,299,392,355,304,300,389,312,293,402,310,301,448,328,388,374,358,310,381,361,295,401,355,336,308,291,390,370,316,375,358,305,400,364,347,314,316,300,404,354,312,348,396,356,301,339,303,376,347,293,334,312,394,353,305,338,415,362,306,322,410,370,362,304,399,358,356,315,385,359,302,313,392,302,271,294,305,318,417,372,303,331,395,322,308,421,351,313,300,424,326,393,308,390,322,376,312,305,403,366,297,327,389,366,295,429,365,338,318,298,406,381,369,305,393,365,357,307,360,337,297,309,400,349,295,313,396,359,293,303,384,320,279,407,324,292,396,328,296,405,316,306,444,323,365,307,291,285,304,311,402,332,303,432,369,361,306,367,315,304,327,400,336,309,327,402,353,313,312,294,380,335,299,345,318,391,353,295,325,399,332,292,412,317,289,412,363,309
288,318,379,305,306,421,458,401,354,465,404,288,304,421,361,447,397,290,286,399,324,411,494,424,289,296,393,356,310,298,387,315,283,403,323,300,430,364,468,410,381,319,369,381,311,392,354,301,406,361,359,336,452,419,335,351,435,410,347,313,293,396,294,499,422,392,316,301,308,394,312,273,328,334,314,423,324,279,410,315,295,459,318,370,320,299,398,300,301,434,381,356,299,381,353,314,392,361,295,380,359,303,395,369,301,400,366,310,401,365,350,309,289,373,314,296,401,335,294,403,329,292,403,327,304,438,314,358,316,304,401,323,292,425,371,318,402,358,352,317,385,334,432,453,387,366,445,389,487,401,363,438,380,450,417,366,308,371,352,299,320,297,387,365,302,413,370,310,401,354,345,309,313,303,384,359,303,417,366,311,390,363,305,404,312,376,365,300,305,392,308,273,331,335,439,361,465,406,310,290,386,371,311,439,365,294,378,349,308,309,392,356,308,325,301,404,356,342,308,317,279,423,321,380,403,312,383,362,311,399,370,291,302,283,385,353,319,344,394,320,302,420,379,309,406,357,348,294,408,315,392,345,344,300,289,372,362,303,300,385,310,299,401,329,292,431,322,402,369,361,301,375,356,304,390,350,348,308,302,384,378,314,387,352,301,405,357,338,284,304,303,394,358,288,327,392,338,304,337,305,389,353,305,347,311,389,354,295,318,412,361,302,313,413,373,362,311,398,357,362,299,367,350,294,302,389,307,254,287,323,335,431,371,292,317,396,312,305,419,345,309,303,410,323,398,317,408,321,391,308,293,402,371,306,337,401,369,308,436,352,342,299,299,431,365,348,316,391,369,356,309,366,347,297,311,389,359,300,313,385,355,295,302,388,323,299,395,322,309,404,330,285,394,324,294,447,309,370,307,295,268,302,294,395,329,319,438,363,354,292,360,304,303,322,378,356,295,346,396,367,309,306,293,383,349,290,335,319,390,339,296,316,399,324,284,415,318,308,403,360,304
300,322,393,324,300,432,450,391,366,456,408,280,315,429,366,449,382,304,277,398,314,410,499,425,288,280,395,358,309,286,380,318,298,414,321,310,427,356,466,417,380,320,366,370,297,402,356,303,405,362,356,344,444,405,354,336,441,419,349,286,290,406,299,486,416,359,314,307,309,395,306,280,324,346,316,421,318,305,431,313,309,452,321,368,312,287,411,328,313,442,376,357,293,378,360,298,396,362,305,396,363,307,397,360,307,401,364,308,385,355,337,315,285,375,313,301,401,325,301,395,318,293,392,328,300,445,316,369,320,289,417,317,303,426,378,303,411,356,356,290,386,348,428,453,377,352,440,376,465,427,369,451,393,444,422,371,299,360,342,298,323,301,389,363,302,416,372,307,409,359,334,313,314,300,391,364,307,418,379,295,387,362,321,413,314,393,371,305,309,393,307,275,336,328,433,370,466,396,298,281,382,369,314,420,364,305,389,353,309,323,401,354,300,325,292,402,362,338,310,323,297,410,320,386,393,318,387,350,302,392,355,296,310,294,381,345,298,343,396,309,310,414,362,302,403,357,343,307,398,309,404,351,335,299,299,388,352,307,287,379,321,287,405,307,297,449,328,389,371,355,308,382,371,295,399,371,339,304,305,394,362,304,407,343,305,415,359,348,297,329,304,378,355,285,323,384,342,306,341,312,387,339,285,347,310,385,346,291,337,403,356,295,300,411,363,354,310,382,373,354,307,371,348,301,312,395,317,270,281,325,329,420,359,304,322,397,313,297,406,360,297,303,403,320,385,302,394,321,382,313,285,403,376,310,343,390,373,310,435,372,341,297,296,420,369,352,316,396,367,350,304,370,340,305,306,402,367,291,312,378,350,293,296,385,330,298,394,326,290,404,321,305,400,323,298,451,315,362,306,287,273,299,291,407,327,328,432,366,356,288,359,321,323,325,379,352,294,337,414,365,296,319,294,388,335,316,320,320,382,347,290,315,394,323,288,404,319,303,415,347,303
291,339,398,315,303,428,471,402,363,461,399,293,304,413,357,456,394,292,274,393,322,399,506,408,295,293,388,363,300,306,377,323,295,414,312,300,423,350,457,411,381,313,391,376,320,379,370,309,408,352,355,350,454,404,354,329,440,421,348,299,302,393,311,485,426,386,309,317,321,396,297,276,336,332,306,421,319,308,435,316,302,447,315,361,309,287,403,321,295,427,361,363,320,360,371,300,388,359,290,387,371,308,393,364,289,405,379,307,408,370,342,300,288,379,312,289,407,318,294,402,316,290,406,325,298,453,330,357,309,296,397,306,303,412,368,300,407,374,346,305,381,339,435,441,390,371,427,381,458,424,375,445,378,437,412,369,298,385,342,311,328,302,389,371,310,407,364,301,412,353,340,305,313,297,382,350,299,415,374,317,380,362,297,394,306,381,363,307,305,373,300,266,316,323,426,363,458,407,291,287,387,371,320,411,358,310,377,346,294,305,405,363,310,316,300,396,351,344,305,310,287,414,318,387,391,304,396,365,294,384,358,309,318,291,376,339,305,334,393,315,291,428,367,292,402,365,344,309,403,324,402,363,353,297,291,390,348,299,302,374,320,285,400,330,299,431,325,393,362,362,308,394,365,302,406,365,345,292,283,409,375,296,399,355,302,408,357,336,303,319,290,391,339,289,328,400,352,297,345,320,388,358,305,342,320,374,350,288,336,408,352,305,310,412,380,362,301,381,345,358,313,373,347,303,306,401,303,260,282,329,319,426,359,300,328,399,316,312,412,366,307,305,412,319,387,313,391,313,380,311,301,411,360,291,336,409,365,300,430,369,338,293,296,417,357,369,308,404,364,352,318,369,350,305,323,403,353,295,317,388,349,304,289,378,316,280,404,331,288,415,332,285,406,324,294,437,316,355,298,291,280,304,310,403,319,319,448,369,357,286,359,323,304,317,374,353,305,330,399,359,297,323,296,378,345,295,330,330,391,348,302,329,406,319,301,392,319,306,411,358,311
303,324,394,303,304,420,459,414,359,460,406,267,312,407,354,451,389,287,278,403,325,409,509,401,285,290,383,359,304,301,380,330,294,391,315,304,431,340,453,412,393,314,367,370,310,394,368,299,397,368,352,347,449,416,346,327,450,427,356,291,295,396,294,476,429,388,303,296,317,382,309,279,316,340,309,426,326,293,441,337,304,449,326,380,311,299,400,327,290,427,375,354,316,361,358,296,388,372,292,392,368,301,397,366,310,387,365,293,395,371,344,295,298,377,321,295,398,320,299,397,329,300,411,325,315,444,305,367,323,280,401,325,292,415,373,303,403,362,351,309,393,344,432,436,380,373,433,391,470,419,361,441,375,461,412,362,295,376,349,289,318,298,398,362,304,420,379,308,390,349,342,297,316,298,390,356,302,414,371,311,382,362,293,406,313,384,371,300,294,379,318,282,322,324,428,362,470,386,300,294,380,365,316,428,376,317,390,344,294,311,385,369,290,319,283,409,365,340,316,318,285,423,319,375,376,318,390,364,313,395,359,298,312,283,368,341,300,339,406,320,295,419,375,302,397,351,348,309,403,308,384,361,349,308,299,382,359,301,291,369,317,290,414,308,300,447,330,386,372,352,304,377,359,307,396,358,344,298,321,388,372,286,386,368,316,404,365,343,302,325,286,378,362,297,343,383,344,311,347,315,382,339,302,335,312,390,331,294,339,414,367,310,326,410,373,355,296,399,364,369,318,375,351,292,299,390,302,261,285,328,320,416,371,296,323,387,308,304,415,375,300,306,424,337,409,298,387,319,376,299,309,413,362,303,329,398,354,323,428,352,351,311,309,424,375,363,300,378,362,369,298,370,352,298,309,390,361,307,323,379,365,297,293,384,328,300,405,335,297,404,318,305,399,313,298,436,319,360,304,285,264,301,298,388,322,316,437,350,367,301,356,300,312,320,387,345,293,335,402,345,306,329,297,372,347,296,338,305,388,338,291,331,394,325,287,396,318,292,409,368,310
296,320,398,310,308,422,457,415,363,464,404,284,290,406,343,444,400,302,287,406,317,418,503,419,296,293,383,350,302,288,375,318,293,394,322,305,437,353,463,410,393,316,373,379,307,390,358,306,407,372,360,335,447,417,349,346,444,422,362,297,296,416,293,472,428,385,308,297,306,375,302,283,323,341,295,430,307,296,423,317,304,447,321,376,310,303,405,314,304,426,374,363,309,377,362,313,384,376,298,397,366,306,388,360,304,394,362,296,395,352,337,312,290,380,301,281,401,335,293,396,332,302,403,329,303,454,310,355,294,285,402,326,301,427,361,306,416,359,357,316,391,329,443,458,375,369,432,385,463,418,368,441,382,462,425,364,300,370,350,289,329,305,387,356,301,425,381,310,392,358,356,299,324,296,383,359,310,411,364,309,391,356,317,413,309,362,354,314,304,380,315,271,322,333,437,377,463,392,308,281,385,366,328,426,367,306,381,351,295,302,399,358,314,316,304,406,354,349,302,318,288,425,312,389,390,313,392,359,309,381,369,302,311,288,372,353,294,345,399,317,304,418,370,324,399,359,332,305,401,321,394,361,333,303,297,389,355,288,302,383,308,288,408,318,295,454,324,387,380,361,315,377,356,309,398,359,342,298,298,391,357,309,408,359,300,413,352,349,307,308,301,392,357,307,308,387,358,313,343,303,372,340,294,343,306,392,340,307,336,401,351,300,315,402,365,363,316,381,351,361,300,369,357,297,307,396,298,258,280,320,322,421,374,302,318,386,324,296,403,348,294,308,413,326,402,307,390,314,369,306,297,410,374,304,325,405,368,310,421,357,334,307,303,404,373,364,303,380,353,341,303,378,350,299,315,391,357,306,317,379,350,297,286,372,317,287,395,326,289,402,313,292,399,322,299,442,321,356,303,290,282,298,305,394,320,323,442,373,374,294,365,310,317,311,393,357,307,359,401,372,303,320,297,379,345,302,332,320,386,338,282,320,391,309,303,401,312,304,416,363,312
294,327,388,307,311,421,451,419,359,470,415,277,326,415,364,459,394,292,277,403,330,416,517,416,276,283,385,367,305,304,357,319,300,405,329,303,425,350,463,413,388,313,371,372,295,388,366,298,394,366,351,353,440,413,340,326,441,420,345,312,296,395,303,478,421,377,306,315,306,387,304,275,328,331,322,418,321,302,420,324,294,443,330,362,320,300,411,312,305,449,371,359,302,376,366,305,392,369,314,391,361,305,377,356,310,391,365,306,396,359,347,300,285,376,319,288,395,323,283,393,327,296,397,320,304,451,323,368,315,278,409,318,307,422,355,320,401,358,362,310,385,342,426,447,387,364,438,391,466,417,366,437,382,447,419,369,311,368,344,300,306,306,382,362,306,420,379,320,404,353,341,295,308,297,390,346,301,425,376,307,379,368,316,411,323,379,362,312,305,372,318,263,334,331,429,357,458,390,300,281,379,361,312,440,358,297,380,369,307,316,386,358,306,316,292,405,359,353,314,308,302,422,314,389,390,309,392,368,302,390,362,293,309,282,375,351,303,340,395,317,288,417,376,307,394,362,336,304,400,321,380,344,342,306,299,387,360,295,310,369,324,290,407,320,292,450,318,401,364,350,312,378,370,310,395,364,351,303,294,404,367,304,386,357,302,404,348,337,292,329,304,385,356,297,333,387,352,304,339,301,393,349,306,329,308,396,352,295,319,404,354,295,316,407,356,355,302,391,364,351,307,370,352,296,298,397,311,265,289,328,319,422,371,298,330,390,317,309,402,353,308,316,415,326,409,314,389,310,377,305,280,404,371,298,325,394,361,312,410,358,344,303,285,418,376,352,295,396,368,360,305,375,341,309,312,383,349,298,322,398,363,295,302,375,321,297,410,327,295,396,329,295,400,319,299,445,335,356,305,305,273,290,301,401,325,309,437,370,355,299,361,315,311,312,376,350,297,344,405,361,294,317,300,384,333,288,347,322,386,354,294,322,401,329,293,401,320,298,423,352,311
289,325,390,311,298,423,450,411,367,467,392,300,317,421,347,468,409,296,284,406,327,419,497,424,291,287,398,357,286,300,366,309,298,408,318,294,411,355,463,405,383,298,378,372,307,400,366,314,398,365,333,347,452,414,346,329,446,419,359,298,277,397,307,480,414,377,298,309,311,403,308,287,324,328,319,416,321,308,416,323,302,444,309,370,318,307,398,314,293,417,390,365,310,377,358,310,398,345,307,395,359,304,393,367,303,389,368,301,415,357,338,300,276,388,314,281,413,331,302,404,316,295,394,311,296,441,328,359,317,285,396,317,305,438,369,308,389,352,360,311,374,333,434,459,389,373,427,385,460,407,370,450,378,461,413,357,297,382,354,305,325,301,390,368,300,433,361,313,389,349,349,316,321,294,394,364,307,413,370,311,394,356,309,403,315,376,364,302,306,385,300,263,323,321,432,359,450,394,288,288,390,378,322,431,373,310,386,349,307,313,388,347,309,314,293,403,364,346,309,318,282,414,314,377,392,314,391,364,299,393,364,303,308,289,379,356,315,328,384,322,304,424,368,310,405,342,343,300,421,299,388,355,318,305,300,392,347,299,318,374,320,296,397,328,303,433,334,401,373,369,307,375,366,305,406,356,351,300,293,412,374,310,382,361,310,407,347,337,297,311,302,380,354,285,333,392,346,310,338,321,385,345,302,337,315,398,346,301,334,408,350,300,314,411,372,361,300,379,373,367,312,374,358,311,296,386,311,275,296,325,327,435,372,297,324,395,330,301,417,358,305,307,405,325,396,301,406,314,369,306,291,408,376,306,337,415,364,307,425,370,339,303,308,411,360,345,306,393,362,362,306,369,346,291,315,387,341,296,305,391,344,303,290,378,312,289,404,320,306,396,319,280,391,318,303,444,322,354,310,306,290,307,298,407,321,317,424,381,358,288,362,320,311,310,389,354,302,317,412,348,299,323,299,386,346,298,340,308,383,355,296,314,385,324,293,406,326,304,410,349,308
292,337,393,317,304,432,457,402,351,471,387,290,317,412,354,443,388,308,273,403,322,411,500,420,285,292,387,348,292,300,385,320,304,407,329,306,423,356,461,410,389,318,386,377,304,387,370,306,407,375,353,339,443,412,347,341,452,415,342,293,298,407,309,490,419,374,308,294,318,387,299,283,321,334,304,437,329,298,430,303,305,449,313,378,321,296,401,318,298,444,366,359,293,378,358,305,378,357,309,403,362,295,393,368,301,385,363,298,413,359,361,316,298,377,321,302,400,323,296,401,329,299,400,322,301,442,307,370,303,283,415,309,294,417,378,309,412,350,372,307,382,346,431,447,387,364,427,379,460,410,371,436,383,451,417,358,294,371,336,302,320,306,387,358,309,410,368,306,405,356,354,302,313,300,381,359,292,419,379,305,386,372,295,399,305,380,374,309,293,382,299,257,328,318,433,360,469,400,296,291,389,364,310,428,381,306,385,360,299,314,396,353,315,328,298,409,370,346,291,321,300,410,315,380,391,326,394,368,311,384,360,298,310,282,372,359,307,349,401,321,304,418,363,298,401,351,342,312,395,331,382,363,344,296,299,376,353,305,297,372,316,288,417,316,292,451,325,398,378,353,315,385,365,298,387,356,330,303,291,401,365,306,396,366,315,393,362,353,304,315,298,378,368,288,332,401,364,311,341,304,386,341,311,341,316,381,354,298,325,409,363,305,310,414,369,362,297,373,356,352,307,372,348,289,306,396,301,265,278,335,327,418,373,300,322,403,337,287,408,356,306,316,409,323,402,294,399,320,367,312,296,407,346,291,328,391,376,306,431,363,351,320,298,405,362,357,303,395,352,361,303,363,350,297,323,403,351,297,312,383,349,303,299,369,326,309,402,326,287,401,318,286,406,313,287,446,326,367,317,290,289,318,296,384,323,324,440,372,354,304,355,312,318,309,387,350,296,336,411,342,307,309,296,393,344,292,336,315,393,344,309,321,391,317,286,408,322,303,409,351,312
308,321,380,315,307,412,461,408,366,467,409,278,301,414,348,453,394,295,277,397,321,413,503,410,288,289,395,359,290,290,379,318,304,403,313,305,419,362,467,415,376,312,371,376,314,395,360,308,395,363,355,338,442,412,345,332,447,413,357,303,270,391,303,489,428,389,311,294,309,391,301,281,333,337,315,422,318,293,425,315,290,439,319,373,309,300,401,320,308,432,375,351,308,367,367,302,393,373,297,394,362,301,393,371,317,378,365,309,400,344,359,308,287,377,320,297,406,327,297,406,322,294,401,326,287,449,327,360,310,289,407,312,305,428,380,313,404,346,346,306,384,340,436,449,382,370,421,384,452,426,356,443,382,453,419,352,302,364,346,296,325,301,400,364,315,408,372,306,402,350,338,306,324,294,387,356,300,425,377,306,387,371,301,414,304,369,344,294,301,380,297,262,333,339,413,355,459,392,304,280,386,359,338,421,372,298,380,367,304,315,390,349,305,327,297,417,359,352,310,314,294,416,321,383,384,309,389,353,307,390,354,296,306,280,378,353,308,330,391,319,301,420,372,301,410,359,334,295,399,320,390,356,347,307,310,383,351,295,302,382,318,286,405,330,296,445,339,386,370,358,310,381,350,301,388,369,342,312,302,409,361,302,400,372,308,406,349,344,302,325,306,386,350,290,322,377,352,307,345,304,390,355,305,338,311,393,347,297,332,414,361,300,318,400,372,362,311,395,365,366,311,364,349,312,300,404,304,264,279,307,310,435,386,307,325,399,311,301,425,357,302,309,421,330,395,304,399,316,359,310,299,406,379,294,329,400,378,305,427,359,338,306,314,411,354,373,304,397,357,351,302,378,343,285,310,389,366,298,327,375,361,308,300,375,310,292,408,321,287,407,306,298,408,327,293,428,308,359,304,294,278,298,300,392,322,313,434,381,362,300,360,314,301,317,391,333,299,347,418,351,299,302,295,390,350,305,324,310,392,362,299,316,399,319,296,404,326,289,416,352,319
290,321,397,312,307,422,454,409,353,460,391,292,305,408,351,456,384,300,281,401,323,410,497,407,290,306,387,347,312,292,383,332,291,399,318,298,414,361,462,410,404,306,380,368,300,398,356,307,398,379,339,345,454,401,345,345,441,411,355,302,289,397,303,479,421,376,306,304,316,383,307,285,319,326,315,426,322,312,426,325,306,453,310,363,307,301,405,320,314,448,382,361,308,370,360,285,386,366,309,388,368,303,395,348,302,401,367,305,399,344,353,304,294,381,313,285,406,334,292,402,332,290,411,314,308,454,310,351,305,297,400,305,306,418,369,313,401,357,360,304,369,332,425,449,390,371,438,388,451,405,369,445,374,460,413,365,310,359,338,311,329,288,392,360,290,422,373,301,396,359,346,305,312,302,407,356,308,411,382,293,384,351,299,405,311,368,371,297,293,387,311,273,325,319,434,366,461,396,304,286,384,371,323,425,352,306,385,334,308,320,392,350,301,314,305,410,362,353,305,334,301,414,326,393,381,322,392,355,316,384,354,290,304,287,372,349,309,335,397,325,294,428,364,299,399,347,351,316,402,326,391,348,341,307,299,405,347,303,297,371,321,289,417,321,299,439,341,390,368,353,303,379,358,303,408,359,338,302,303,390,382,301,386,367,307,401,361,345,301,301,294,381,365,300,320,392,344,294,334,307,379,358,295,342,321,379,345,294,337,406,356,292,313,409,374,366,313,388,365,356,311,377,353,291,290,404,307,278,277,325,325,425,371,298,331,376,322,300,414,352,303,308,401,316,390,304,390,332,366,297,298,402,374,312,333,395,368,304,435,365,338,313,304,407,363,373,307,397,357,371,308,368,346,303,313,393,359,302,308,370,358,307,299,382,324,294,406,321,290,400,319,282,402,323,298,450,329,361,299,292,278,298,297,394,328,318,438,371,355,293,362,322,325,320,390,354,291,315,421,340,304,316,287,386,332,301,337,308,379,345,294,326,391,327,298,391,325,312,408,352,321
302,335,384,314,315,409,445,405,361,464,403,286,311,404,355,442,400,304,283,404,328,416,499,416,285,296,386,339,308,299,367,323,292,405,340,310,429,365,466,432,393,321,385,372,306,391,378,307,405,354,349,365,444,405,351,329,433,405,349,310,293,408,305,465,428,392,308,319,318,376,306,273,334,342,320,426,323,301,425,317,299,447,306,366,314,310,398,305,298,425,369,370,303,379,366,285,382,364,297,371,372,306,380,356,305,391,354,323,402,361,343,310,294,377,312,299,413,325,291,401,316,285,418,330,293,435,328,370,296,286,395,323,302,417,372,303,398,364,358,310,378,354,420,460,382,362,436,380,468,417,371,444,388,459,430,364,306,373,337,306,320,300,386,360,317,404,374,316,394,357,341,304,313,307,387,354,311,412,370,302,396,351,295,404,309,373,365,318,298,375,308,264,334,327,427,356,465,394,302,287,389,364,312,442,368,306,364,351,308,307,403,380,303,317,297,406,357,355,313,310,296,402,313,391,385,312,400,366,298,376,353,307,303,293,379,358,297,329,398,319,297,416,352,308,388,357,343,314,403,320,396,350,350,291,307,388,347,302,295,371,317,292,412,328,288,442,325,394,371,367,324,383,361,297,400,359,345,309,306,390,364,311,401,359,306,384,345,343,308,310,303,397,351,297,324,403,342,297,345,315,380,353,298,338,316,380,335,306,335,399,357,301,297,407,362,366,308,385,365,361,316,372,348,289,300,397,301,278,288,325,320,416,366,299,321,407,335,303,415,354,308,296,427,324,402,296,391,314,373,299,311,402,364,313,330,410,355,296,434,373,342,295,315,413,368,348,301,388,366,355,309,364,347,297,319,392,349,306,312,385,356,309,288,375,332,293,402,319,298,395,323,299,406,323,283,440,322,369,296,305,267,297,290,409,332,319,432,359,364,300,357,315,314,319,387,341,294,331,409,351,309,326,275,378,351,303,345,321,371,350,301,320,386,319,298,398,327,303,407,353,303
295,339,401,319,312,414,462,411,355,466,401,278,303,414,347,451,404,298,276,395,326,418,509,409,284,289,390,350,313,298,375,328,299,403,315,303,429,355,468,416,378,314,374,365,307,394,360,299,402,362,353,335,450,423,337,336,445,415,355,298,300,409,306,486,432,383,310,292,314,403,301,284,323,324,309,426,328,302,425,331,300,450,319,374,315,313,413,311,304,438,386,351,309,375,368,306,397,366,306,400,366,301,381,343,309,388,357,299,403,354,347,280,289,390,307,293,386,322,295,404,324,291,400,320,291,440,317,369,301,286,401,317,316,432,374,310,422,372,362,300,387,327,424,448,381,374,427,389,455,411,368,443,382,451,409,361,290,383,334,307,319,306,396,362,316,423,371,300,413,352,326,295,303,305,381,372,304,414,383,310,393,357,303,408,305,376,361,295,311,375,300,267,330,326,435,379,459,388,307,298,387,362,319,449,369,301,393,363,302,307,399,350,305,319,288,410,358,329,295,322,290,431,326,383,390,308,392,374,301,384,355,303,308,290,382,349,305,330,393,326,290,426,373,302,400,347,341,307,401,313,397,347,344,308,302,383,354,305,298,379,304,297,399,326,305,441,339,392,372,348,312,386,372,316,396,354,353,308,297,396,372,296,398,367,314,415,355,333,305,332,300,391,351,307,329,400,349,317,348,315,399,360,296,340,319,366,338,298,333,390,361,305,311,410,365,352,312,385,362,360,303,368,359,299,309,386,303,269,286,324,320,432,366,307,315,403,327,301,409,375,301,307,422,320,399,304,396,307,379,320,292,410,374,295,341,392,363,293,421,370,352,311,287,414,375,362,310,383,354,363,300,370,346,300,315,396,350,286,314,391,351,293,292,379,323,290,414,318,300,412,314,287,408,326,309,445,323,368,307,297,292,314,309,400,329,306,430,379,366,300,371,317,316,320,388,345,299,349,404,345,298,327,288,384,345,288,334,302,376,349,299,322,399,313,293,406,320,302,424,353,305
299,331,395,319,310,432,462,417,351,461,390,291,295,414,359,454,412,287,277,392,317,416,500,417,279,298,397,346,293,298,382,320,293,406,316,300,416,360,464,406,387,309,387,375,318,398,368,306,403,356,344,342,446,411,351,326,438,405,344,296,280,419,301,492,414,388,297,308,312,388,309,276,317,339,310,421,322,295,421,321,313,454,315,357,315,297,398,320,307,432,375,359,322,379,368,288,397,362,318,387,348,301,402,362,308,391,372,304,404,365,339,308,292,367,308,288,410,324,301,398,313,301,401,311,288,444,301,372,311,293,392,323,300,415,386,308,412,375,361,310,372,333,432,444,380,375,431,377,457,411,380,448,382,437,407,373,301,371,340,304,317,295,390,372,298,400,361,308,402,362,350,303,319,304,380,374,306,413,367,312,376,367,302,416,301,387,357,303,299,388,297,275,327,335,425,359,460,410,307,286,403,366,325,437,369,305,385,351,301,310,391,354,300,324,303,403,364,350,304,327,288,412,315,393,382,309,407,368,305,378,366,304,308,285,384,347,305,335,395,305,292,412,372,308,427,343,332,316,395,316,396,365,340,304,312,397,352,301,305,370,314,288,402,304,300,439,323,398,359,356,306,376,356,286,397,351,350,300,304,392,358,300,387,364,306,391,371,342,301,311,291,383,352,302,320,397,353,289,347,309,393,350,298,335,310,381,345,302,340,402,349,295,307,392,374,369,301,390,363,368,306,367,343,298,307,397,308,272,296,314,315,440,358,299,320,396,326,301,421,359,308,335,412,319,399,315,394,320,378,314,290,413,366,300,333,393,379,306,435,372,348,318,307,404,356,361,300,376,369,359,301,379,348,302,302,391,363,299,309,387,363,303,298,386,316,294,410,324,289,400,332,287,407,337,297,449,321,365,313,287,277,296,299,397,341,326,429,381,368,299,370,309,305,312,383,351,291,331,409,368,304,323,292,393,356,300,335,316,390,338,304,323,405,325,283,392,330,287,410,361,320
298,340,384,316,299,436,455,401,361,471,401,287,307,416,354,451,395,289,273,389,317,405,508,423,293,288,396,351,294,299,381,317,290,399,315,297,418,360,458,422,395,315,381,377,308,391,354,307,405,357,347,345,446,410,353,342,430,414,343,293,299,400,299,479,412,374,297,309,318,382,303,285,323,338,305,420,321,303,421,325,296,443,322,368,307,302,408,318,311,445,360,354,300,350,369,315,379,369,299,386,356,304,384,358,314,377,365,311,401,363,329,303,294,373,309,282,397,313,299,401,325,288,407,339,294,449,315,365,313,276,395,318,315,419,375,306,398,360,363,293,390,326,432,456,380,349,446,386,469,410,369,456,386,444,417,350,312,376,332,304,308,286,384,367,299,415,363,301,406,355,348,301,306,307,391,354,302,408,365,305,404,363,314,406,306,367,355,297,304,378,312,272,328,319,435,378,468,398,297,292,394,362,314,444,363,298,383,359,293,316,400,358,316,328,292,399,365,343,296,325,292,407,317,386,395,313,390,368,314,399,358,294,308,287,378,348,313,337,394,319,297,431,373,309,400,354,345,298,402,311,383,355,346,316,303,383,358,295,297,368,313,295,410,320,291,439,326,393,383,343,301,381,367,289,399,354,345,307,305,387,363,304,386,356,309,402,352,351,309,311,292,390,364,297,322,395,349,295,337,307,397,347,311,329,307,393,340,296,323,398,360,310,306,405,355,366,312,388,356,362,294,363,333,299,305,395,298,252,272,315,323,428,357,314,308,397,313,289,417,361,310,305,413,316,396,307,392,319,369,315,302,404,368,302,324,387,370,309,418,369,334,325,299,424,371,368,318,382,354,346,297,363,348,299,304,385,342,290,319,380,360,310,297,372,326,292,390,317,292,398,326,288,389,321,285,445,324,358,296,291,274,300,304,408,329,306,431,370,353,297,354,323,307,302,397,350,296,327,411,365,303,313,293,389,349,303,334,307,377,356,280,309,392,321,292,400,326,289,409,368,296
311,331,395,300,309,423,461,416,363,459,399,291,291,417,355,459,397,306,274,394,319,412,501,417,286,292,382,351,307,317,369,313,304,419,313,316,434,358,468,408,387,305,385,363,300,391,379,310,410,353,350,342,439,413,360,328,457,417,344,301,286,402,295,483,429,389,315,302,312,397,307,281,330,342,307,412,314,295,425,312,298,460,310,371,316,297,411,326,294,433,365,379,308,368,360,289,390,372,291,393,365,306,385,372,311,389,376,302,401,361,337,307,299,379,326,283,393,315,301,394,327,296,399,332,287,447,331,363,293,293,403,314,303,417,371,307,400,352,360,310,402,335,429,459,387,369,414,371,462,414,370,436,379,457,429,367,309,369,337,303,318,306,394,370,307,412,372,302,403,363,352,301,311,301,410,366,311,408,372,309,390,353,302,414,306,387,364,292,298,381,299,281,327,325,428,368,463,396,297,292,393,361,317,440,375,298,401,342,304,313,387,356,303,318,295,399,365,342,315,323,300,410,313,395,395,304,384,362,313,382,365,298,316,282,370,346,298,344,394,324,309,419,380,312,402,354,344,302,397,315,398,345,339,314,304,394,350,294,304,380,314,296,393,328,299,437,339,390,373,363,302,387,364,314,393,351,339,303,296,401,366,307,396,353,309,399,351,345,307,322,295,378,356,305,320,392,360,315,344,315,392,355,300,324,301,393,356,296,328,404,353,304,309,412,382,366,313,398,345,364,307,373,335,303,319,391,303,266,283,323,323,415,370,297,325,387,314,298,419,345,293,284,411,327,394,304,397,328,387,313,296,406,356,298,324,396,365,311,420,351,336,301,308,404,376,356,311,385,365,357,307,381,353,282,309,394,359,310,309,387,359,298,298,380,310,295,407,329,300,401,320,294,407,320,301,434,334,375,312,290,277,310,306,400,319,316,438,376,367,285,356,316,311,309,381,348,292,342,406,358,310,318,302,394,349,305,337,309,376,345,305,327,374,317,290,407,323,287,414,365,308
296,324,393,309,310,423,452,399,353,460,398,285,312,419,363,452,394,300,292,399,318,407,507,418,296,298,385,332,300,295,391,319,290,394,325,308,420,359,459,414,376,319,386,362,314,390,361,313,401,352,359,339,450,414,349,333,440,413,355,296,285,400,318,488,420,383,302,305,311,393,309,279,323,337,313,420,326,299,426,323,296,463,310,373,315,309,392,310,305,432,358,365,294,378,366,302,399,360,301,397,352,304,383,363,317,389,363,315,408,353,342,315,308,378,320,290,391,324,297,402,318,295,403,322,297,439,321,362,308,292,399,327,296,422,368,311,398,370,370,313,380,342,443,443,384,370,420,382,450,411,365,442,385,449,423,357,314,371,364,305,322,300,382,366,300,404,373,309,410,361,342,300,312,308,393,366,291,416,365,290,396,363,307,422,297,383,355,302,304,384,306,267,328,329,417,363,473,394,298,286,400,351,319,432,371,302,393,351,300,306,396,363,308,343,304,408,366,328,305,313,286,417,312,388,395,314,400,356,317,389,354,295,322,282,373,353,313,333,397,326,303,423,368,307,402,348,344,311,424,315,384,353,324,309,294,390,350,289,300,380,323,292,409,317,300,451,323,393,374,365,319,378,352,294,397,361,324,298,312,397,366,314,392,367,314,393,364,346,314,310,293,385,366,300,333,383,360,312,335,308,378,339,309,354,307,379,342,296,326,398,360,307,319,407,373,367,309,394,363,367,313,376,345,307,308,389,304,267,288,321,319,426,373,304,314,408,321,306,409,371,295,318,423,324,390,304,402,308,368,309,296,415,356,305,329,386,359,314,429,364,340,307,302,412,362,359,304,391,358,359,302,357,362,309,316,398,362,294,321,386,359,299,300,377,317,298,402,332,293,395,324,303,394,317,301,437,325,364,302,302,279,307,302,392,333,309,430,380,364,301,349,329,326,305,377,355,299,328,403,358,318,323,306,389,335,288,323,320,384,347,306,317,405,313,283,395,319,299,412,356,303
292,331,403,306,301,417,446,410,345,467,407,282,314,418,340,453,393,291,278,405,316,420,505,420,301,295,402,351,276,300,376,314,288,413,331,303,432,356,454,409,400,317,368,375,299,401,362,303,392,359,358,339,446,407,349,326,436,420,356,296,278,393,315,470,434,375,303,302,309,391,298,288,319,333,318,405,315,298,428,312,302,441,311,365,315,308,408,318,307,439,374,356,309,371,370,306,389,362,314,389,361,306,401,360,308,393,366,302,405,359,344,303,296,386,320,311,413,318,292,394,317,295,398,328,292,440,314,369,311,297,400,319,283,421,361,297,395,355,352,320,384,335,428,448,388,359,426,382,457,414,377,445,377,460,416,361,283,366,337,298,315,296,399,364,297,424,380,302,399,354,350,323,327,304,393,367,305,395,367,296,395,366,302,411,299,380,368,302,293,377,310,261,329,336,428,362,459,397,302,287,380,364,312,426,359,296,376,359,297,311,393,353,301,317,294,403,348,344,300,316,290,407,322,380,391,305,387,369,303,394,359,296,314,271,376,353,305,332,384,316,297,397,367,303,414,353,344,308,406,317,408,363,332,311,296,399,368,288,304,381,323,295,404,325,294,441,333,399,372,355,310,388,368,292,401,352,342,306,290,400,364,315,391,364,311,398,345,347,304,311,301,401,366,303,328,397,353,300,336,304,391,342,277,335,302,393,335,307,328,413,355,312,303,399,367,366,305,398,364,368,301,357,354,301,301,395,315,272,285,326,314,424,354,300,324,381,325,299,416,358,303,301,418,317,396,312,389,299,380,305,303,411,364,293,331,394,372,311,420,369,348,289,297,419,366,362,307,386,360,362,313,371,360,297,301,397,350,297,306,376,358,307,301,373,320,287,420,315,287,405,312,280,403,315,293,437,301,359,307,303,272,312,306,407,322,311,431,371,352,307,363,313,311,312,392,345,299,324,397,356,305,314,296,391,350,300,330,310,398,347,300,321,396,324,306,402,331,309,411,362,303
296,321,384,309,307,421,453,408,353,467,403,293,293,425,362,457,390,296,281,404,325,421,493,419,289,286,401,361,309,304,382,328,297,404,327,309,437,357,467,409,378,303,382,370,317,383,359,313,405,366,353,352,457,409,354,339,452,424,344,297,284,415,305,482,414,394,312,293,308,390,309,292,322,340,314,428,319,294,443,319,295,451,325,374,308,296,408,320,304,430,380,349,300,372,363,294,379,364,311,391,358,314,381,354,308,390,359,305,388,339,348,305,278,379,316,294,397,312,288,408,318,292,414,331,306,447,323,368,320,279,398,317,287,417,356,307,400,365,358,318,381,335,423,448,377,356,431,391,470,410,362,451,380,430,428,362,294,375,344,286,327,286,395,360,316,413,363,304,402,357,340,304,307,298,381,351,306,411,358,299,393,365,299,402,307,377,363,308,297,377,316,256,328,322,427,373,459,389,298,292,392,361,309,435,369,298,378,346,303,319,397,359,302,319,287,406,356,330,301,318,291,412,313,390,399,321,399,344,312,394,358,296,310,294,387,345,305,342,373,315,291,423,379,319,411,358,344,306,406,326,391,357,329,310,293,383,347,299,292,380,327,292,406,321,293,441,320,384,380,373,307,383,371,303,396,362,344,308,290,404,350,287,404,363,311,400,358,350,302,319,300,385,367,290,330,381,350,311,341,312,380,350,310,340,305,379,353,301,332,396,354,318,313,406,371,355,306,407,364,354,305,365,352,304,312,406,305,257,292,330,314,419,357,299,315,384,315,290,404,374,302,305,421,324,397,305,401,309,363,309,305,408,363,302,325,389,374,314,433,364,345,305,288,420,352,360,301,385,378,357,309,370,353,287,318,399,349,295,307,387,355,293,296,378,307,291,404,315,290,408,320,297,421,305,304,447,320,376,308,285,266,296,307,406,332,320,437,379,361,293,347,321,316,318,388,348,306,346,400,347,294,321,292,387,349,299,332,323,384,349,293,326,393,321,293,401,317,304,413,359,321
304,326,384,313,304,417,454,408,363,465,391,280,315,424,343,468,390,302,269,397,324,413,506,413,291,293,380,353,306,300,375,317,292,406,306,305,419,355,451,413,383,309,383,372,319,386,359,298,404,377,356,345,457,406,350,327,450,411,354,300,288,410,307,474,418,384,307,302,317,396,306,276,321,340,322,424,329,299,430,332,295,442,311,383,317,308,395,310,302,434,380,378,315,378,352,298,397,366,305,395,363,308,395,371,307,379,357,295,399,345,349,316,281,389,308,286,398,328,296,408,320,294,404,316,297,448,320,372,314,302,399,321,309,418,376,302,412,362,358,305,383,341,433,451,373,375,424,385,451,421,370,441,382,451,420,342,304,380,345,298,315,313,373,371,298,414,366,304,399,362,344,304,315,297,383,361,304,416,372,317,399,362,305,418,309,375,354,302,302,381,309,259,321,327,429,368,463,403,298,287,380,359,329,432,377,310,370,355,309,312,391,359,313,314,301,406,351,341,308,319,290,419,316,381,377,308,392,378,311,402,377,303,309,285,379,331,303,334,402,317,307,418,375,307,416,365,350,311,406,316,403,343,356,307,306,393,352,311,290,373,324,292,402,313,292,446,326,385,369,366,316,373,361,297,405,353,341,301,301,408,350,299,379,367,302,410,358,334,296,321,299,398,348,303,314,393,364,306,344,309,383,352,296,337,309,385,352,307,343,413,360,303,318,411,379,363,316,395,358,356,309,382,363,303,303,398,300,267,287,328,309,426,355,306,323,389,317,297,425,362,302,304,435,315,399,304,397,317,381,306,300,412,366,297,335,396,354,300,428,378,336,304,302,405,366,365,316,385,366,368,319,375,350,310,318,388,348,298,304,381,365,311,300,381,318,294,405,322,289,400,317,293,397,334,298,435,316,359,309,289,268,300,290,398,327,331,431,378,363,302,361,329,305,323,377,360,301,334,411,366,305,318,300,380,350,303,330,314,397,355,309,317,393,322,293,406,323,300,415,355,303
303,323,389,318,290,424,448,414,349,458,395,298,301,417,355,451,396,303,280,388,313,403,495,419,284,294,384,355,292,307,371,323,295,397,323,294,420,351,453,412,385,312,368,372,322,398,364,297,394,362,368,352,447,408,347,328,454,420,351,310,290,410,301,483,426,375,298,296,300,385,303,295,319,332,311,424,327,308,425,318,298,455,317,364,307,297,410,299,297,435,359,366,309,381,356,293,379,361,306,390,358,303,393,358,312,383,372,311,396,352,348,301,298,375,320,288,394,326,295,401,327,294,401,329,306,439,331,359,314,302,395,331,301,418,379,308,406,358,352,308,387,341,414,456,381,374,439,375,461,398,367,444,374,445,410,355,302,364,346,299,315,291,388,370,325,415,385,300,395,366,336,306,321,313,387,348,308,411,365,299,388,371,298,406,307,386,357,297,290,369,305,264,315,331,429,377,463,401,296,286,388,356,324,430,375,299,375,358,288,318,392,356,310,332,290,420,362,339,303,313,287,413,302,397,393,322,387,354,310,381,358,300,304,283,386,354,298,352,391,319,300,418,370,305,397,360,349,298,404,322,393,345,336,302,293,395,343,299,302,389,328,295,396,334,295,436,317,403,360,357,319,379,370,305,401,363,347,288,294,391,371,303,387,352,301,414,359,336,300,325,301,394,340,294,327,390,358,307,335,304,388,347,301,342,306,384,350,285,321,405,353,288,308,410,378,356,298,380,360,359,319,376,332,301,293,392,301,268,284,319,324,428,365,304,311,404,313,303,415,356,307,314,405,313,401,306,384,300,374,306,303,398,359,296,324,394,360,315,441,363,345,287,296,417,358,365,317,386,368,365,310,382,345,296,319,395,354,298,314,387,366,296,306,355,312,285,408,321,297,399,324,297,398,324,305,456,311,365,300,284,290,306,291,395,337,305,431,381,367,294,353,308,299,304,389,346,293,328,420,361,318,309,293,378,358,301,334,316,384,351,297,321,393,324,285,394,326,300,410,353,299
308,328,391,313,311,421,446,411,355,469,395,286,306,412,356,460,399,305,281,389,326,406,499,413,283,298,379,360,300,298,378,319,298,398,324,312,422,356,459,413,385,311,379,376,299,388,358,304,410,376,351,342,429,410,349,339,441,408,354,301,284,396,308,464,422,392,307,298,313,385,298,280,325,329,315,426,315,302,406,323,303,430,322,372,321,304,406,307,304,429,369,353,313,377,371,303,393,353,297,398,377,297,391,364,311,390,372,309,398,354,339,296,294,376,317,293,399,325,307,397,315,293,390,312,303,438,312,367,308,284,388,318,292,426,371,304,415,367,351,305,378,359,439,456,381,381,431,382,479,430,363,439,380,451,413,371,302,373,345,306,324,297,400,371,299,415,369,315,385,344,341,310,315,303,387,363,302,415,368,300,384,356,298,422,313,373,378,325,309,388,311,266,318,326,422,355,452,395,294,281,395,363,299,434,365,297,373,339,296,305,392,363,304,318,300,419,368,351,305,318,293,420,313,370,384,310,410,355,314,394,355,301,307,282,379,347,310,341,409,317,306,426,365,302,404,374,340,313,405,316,388,353,330,314,294,387,346,292,294,372,313,297,410,321,294,440,336,395,373,363,305,360,354,310,395,358,348,314,302,388,365,301,390,357,305,402,356,346,300,305,292,388,354,311,341,384,349,299,345,319,395,350,296,336,314,396,353,295,336,416,355,306,309,425,372,364,311,382,368,351,297,375,353,295,325,394,308,264,281,326,320,433,366,307,329,386,323,302,414,353,300,311,407,319,393,325,403,322,379,310,299,410,364,295,336,394,369,309,435,369,350,306,315,413,373,352,305,390,358,343,304,380,350,299,310,385,359,294,312,386,355,305,303,373,326,284,405,327,304,394,330,290,399,332,305,439,322,373,308,292,257,291,311,402,326,305,442,366,365,293,363,311,309,324,392,351,296,325,389,349,300,325,299,383,356,292,341,298,388,349,296,315,396,324,307,410,321,305,418,363,317
287,332,386,313,301,421,456,417,362,458,384,273,297,401,359,443,385,304,274,404,323,419,509,427,287,286,385,339,309,300,381,318,303,392,332,311,423,368,463,393,389,319,381,380,308,376,366,307,400,370,339,352,445,415,343,348,442,414,349,295,291,403,291,477,437,387,301,300,319,385,294,297,325,339,318,423,331,297,424,319,303,448,320,373,306,299,406,318,294,433,364,352,309,385,366,286,377,358,309,390,362,297,400,365,314,378,364,299,409,360,340,312,295,379,321,293,408,329,287,398,323,292,411,324,308,440,311,358,308,284,398,322,291,423,363,301,401,365,363,294,386,341,424,447,382,372,413,380,463,423,372,450,383,465,427,357,313,367,343,301,334,303,389,371,296,422,365,314,399,367,346,304,312,294,396,374,314,407,349,304,379,369,301,423,301,383,363,303,284,378,300,267,323,322,427,368,458,397,302,301,388,370,315,430,372,316,382,348,299,301,396,366,310,316,307,416,340,346,302,321,298,406,311,379,394,322,386,369,305,406,362,290,321,292,390,356,306,343,405,307,288,426,379,306,403,352,345,302,407,307,392,361,351,309,310,393,359,289,285,394,310,294,404,330,290,450,338,398,362,355,305,394,363,295,422,359,359,301,295,405,354,297,390,367,307,398,356,353,292,316,293,386,360,301,326,400,363,302,337,298,389,336,303,351,317,378,350,302,324,406,354,297,326,414,371,360,310,383,359,348,308,379,340,302,297,390,309,268,289,320,316,425,364,306,327,400,324,296,419,354,314,312,402,320,402,315,400,330,371,310,298,403,363,298,336,397,357,308,423,365,350,302,288,412,372,358,307,391,369,353,302,373,352,303,328,387,361,298,312,380,367,309,294,375,319,287,398,324,290,404,311,294,403,309,294,448,323,371,304,292,264,299,298,407,330,318,443,373,370,288,353,310,311,329,385,352,291,325,423,352,299,321,301,385,352,304,327,309,394,355,287,323,403,317,293,405,320,299,413,356,315
297,332,390,291,308,411,458,400,353,469,402,276,310,414,356,464,397,297,286,398,313,411,501,425,276,295,383,343,304,294,379,318,303,402,331,311,417,363,465,393,378,313,370,369,317,396,369,301,408,365,351,343,440,408,350,333,442,410,361,289,282,400,281,465,429,387,303,294,307,393,295,278,323,336,319,416,331,296,431,317,308,463,316,373,312,309,401,311,292,428,369,370,303,378,367,309,389,366,298,387,358,308,391,357,318,380,363,297,393,344,340,316,279,374,313,294,410,325,307,406,328,292,410,316,287,433,321,360,307,292,400,331,309,417,365,310,407,355,359,297,385,334,440,459,380,358,433,400,443,419,373,452,369,451,428,365,295,379,350,306,335,298,394,361,299,417,368,303,389,358,350,305,324,295,395,364,296,408,382,316,384,366,300,405,293,386,352,293,302,381,298,278,333,314,420,361,459,398,295,297,403,366,323,437,359,300,377,345,299,306,386,355,307,325,295,409,347,343,309,312,280,417,333,384,387,307,396,363,311,401,370,295,314,292,377,347,309,341,386,313,297,410,377,307,412,351,350,312,404,311,392,347,341,315,303,383,342,289,304,393,319,290,408,313,304,431,318,388,367,353,318,374,356,301,410,355,352,304,307,407,355,290,388,350,295,406,351,352,309,313,292,398,352,297,321,387,348,304,330,301,385,350,294,340,308,382,351,292,325,397,359,301,315,402,372,375,309,392,357,351,307,376,340,298,301,386,322,264,292,320,328,426,367,290,320,395,328,302,407,354,314,300,409,318,399,303,399,313,381,307,299,409,370,292,328,385,350,313,428,358,331,311,301,410,368,352,309,403,359,358,308,379,347,293,308,394,355,311,313,367,356,299,302,382,309,291,407,317,301,399,314,295,408,320,291,435,313,360,300,286,269,295,301,402,334,314,427,381,356,296,363,318,320,319,383,358,301,332,412,355,307,316,307,387,350,292,338,301,404,348,296,324,402,323,289,410,327,306,412,366,325
303,327,393,310,310,428,447,395,362,462,402,271,310,422,358,454,388,291,278,400,325,420,496,431,293,297,386,356,295,308,381,314,293,403,320,303,436,351,465,422,395,319,367,372,303,392,346,296,400,377,367,345,439,404,363,339,449,413,345,306,288,390,302,473,428,376,306,313,309,393,303,281,329,344,313,425,330,293,425,325,285,449,318,371,304,298,383,321,299,435,374,361,295,390,365,293,386,372,301,396,354,315,384,371,302,386,374,313,400,351,352,299,303,375,325,286,413,317,311,401,313,295,397,333,297,432,325,376,316,303,394,314,297,431,365,317,407,351,358,295,380,341,427,449,378,367,433,378,470,407,365,458,363,464,428,360,295,370,342,308,328,302,394,353,304,417,375,304,406,360,346,296,321,303,385,362,311,416,370,310,396,365,302,416,302,375,367,297,301,377,299,261,321,330,426,367,456,407,302,291,385,370,319,447,373,306,391,351,307,316,391,359,296,314,298,403,353,339,316,315,286,414,317,384,396,306,397,353,328,386,359,300,322,293,375,356,302,338,397,305,300,416,359,308,402,343,342,313,402,317,403,350,347,305,296,390,339,300,307,362,324,294,401,315,296,434,334,389,358,366,306,377,364,297,412,357,351,302,293,397,370,307,396,359,305,415,369,347,312,323,301,396,368,279,330,379,348,297,347,308,374,344,315,332,303,392,341,294,329,408,361,301,310,409,366,352,302,399,366,359,309,379,353,293,312,382,300,263,292,323,335,432,371,299,327,407,306,312,412,346,298,302,393,334,405,320,395,316,365,314,292,404,375,297,330,403,360,304,432,376,351,291,304,412,356,362,303,390,373,357,313,387,342,295,317,400,365,308,307,376,347,302,302,385,304,288,407,329,291,402,332,290,397,322,309,442,338,356,306,276,276,310,303,398,313,311,432,371,349,286,367,311,320,316,383,362,296,330,417,361,318,323,305,383,347,291,344,295,382,353,292,324,401,319,287,406,326,300,414,351,305
295,322,386,309,305,415,453,404,354,448,385,274,301,404,355,456,409,293,286,417,326,428,498,405,297,297,383,364,307,303,378,320,300,391,330,321,425,358,454,413,388,310,390,370,315,396,358,306,410,366,363,350,440,421,347,342,435,410,342,297,280,411,293,480,436,395,307,296,311,389,309,270,328,322,295,426,320,305,431,313,300,456,318,375,312,296,395,316,299,435,365,355,307,374,356,295,387,359,302,387,361,303,375,356,302,386,370,305,392,357,342,299,289,374,313,289,405,325,297,406,315,283,414,322,302,445,314,372,317,292,402,311,300,417,366,312,408,359,377,287,380,347,425,470,381,370,440,382,465,413,361,445,378,440,419,364,321,374,355,305,316,295,401,365,298,412,359,300,404,346,347,297,318,289,381,368,312,420,370,307,387,368,295,400,306,380,364,299,300,384,301,269,307,331,426,356,463,391,284,291,385,363,331,424,371,303,393,347,303,301,397,369,303,329,294,406,357,333,302,309,294,415,323,380,389,310,395,374,296,400,349,307,320,294,387,359,301,326,393,321,311,418,384,309,394,354,347,300,409,305,387,373,332,303,300,401,339,283,302,375,319,295,404,326,294,452,325,399,381,361,313,374,366,297,394,342,345,313,293,394,367,292,417,350,305,410,353,356,284,310,300,391,360,276,325,399,359,306,338,305,388,342,297,352,311,395,353,297,339,410,358,300,317,416,373,351,306,400,352,353,301,374,352,301,298,400,310,280,285,322,328,424,367,304,316,377,315,305,413,363,297,309,415,333,392,309,396,304,382,317,307,403,358,293,336,413,357,303,426,369,339,308,300,418,371,357,312,396,358,356,302,373,346,299,300,404,351,294,320,386,360,299,290,378,322,298,407,312,290,400,328,283,407,328,311,441,318,369,307,289,273,298,315,401,326,307,450,362,363,296,375,308,312,326,388,357,293,327,406,361,301,321,292,396,357,305,319,306,384,340,296,325,401,315,302,389,329,306,425,374,307
305,321,379,321,298,416,457,404,360,480,390,277,322,417,344,452,396,299,270,397,321,408,508,408,290,295,395,339,304,308,384,327,302,392,318,300,422,358,468,409,382,324,376,360,312,401,357,305,394,359,335,346,463,410,349,339,444,416,358,301,284,396,302,477,427,386,303,296,324,385,290,287,331,337,318,422,311,296,435,314,309,449,309,378,306,310,404,326,306,432,388,360,320,379,359,290,386,375,308,382,363,306,382,362,302,400,353,296,408,359,341,301,285,385,314,285,398,316,295,406,320,283,418,322,309,443,317,364,305,293,397,315,307,429,354,313,400,369,357,306,386,340,431,455,383,358,428,378,468,415,371,448,382,465,412,355,292,372,343,313,328,304,392,367,298,413,369,288,402,360,358,309,310,297,377,366,305,420,363,324,387,365,302,404,319,390,368,299,303,377,306,267,327,322,442,360,467,386,295,292,384,375,319,436,379,299,373,347,311,318,389,362,292,324,299,396,360,340,302,322,289,418,312,377,398,321,387,368,302,407,360,291,305,285,395,343,304,353,390,301,297,419,384,305,394,356,352,311,413,320,387,363,329,298,295,393,354,305,305,380,320,294,406,311,301,438,324,386,367,351,324,383,359,298,396,358,344,295,302,400,367,295,393,373,313,403,364,365,311,312,313,388,357,297,332,398,335,311,344,315,396,339,298,353,309,385,335,295,332,402,352,307,317,416,389,363,303,396,364,355,311,364,351,315,305,387,312,263,288,328,312,431,363,312,326,391,329,310,429,358,304,299,424,321,403,296,394,312,380,319,307,394,359,297,317,403,360,314,421,361,335,302,295,422,367,360,309,386,359,354,291,373,337,305,312,398,347,307,317,384,363,287,300,380,324,303,407,328,307,402,319,277,404,325,308,451,328,369,306,290,285,295,299,408,321,316,432,372,358,303,357,311,301,316,391,361,280,338,400,354,313,303,296,381,343,295,329,323,373,339,293,319,395,314,296,389,331,295,415,348,319
311,330,391,310,300,422,443,408,367,457,394,282,305,413,355,465,415,291,275,410,324,400,506,412,275,293,401,369,294,301,384,327,280,401,308,298,430,364,466,414,378,304,385,361,300,404,372,313,409,364,347,338,453,427,343,344,447,412,350,301,279,401,301,480,430,393,311,316,312,403,299,267,324,342,322,419,324,291,421,317,295,458,321,361,314,310,395,321,296,437,363,361,307,375,370,299,390,376,293,397,366,309,392,363,303,388,367,299,395,355,345,307,294,386,309,291,400,308,282,404,317,294,401,307,294,434,300,354,302,293,398,309,302,420,357,310,400,365,366,303,377,351,433,446,380,381,427,376,458,406,368,433,387,449,417,359,295,375,340,298,317,310,395,355,309,414,379,304,387,356,343,296,315,303,386,353,303,418,379,307,399,355,321,419,307,369,366,297,292,390,300,257,343,326,434,353,451,398,316,287,392,350,310,430,367,307,370,351,309,312,398,356,298,310,290,410,362,336,311,324,301,418,312,392,381,316,405,351,305,385,361,301,304,291,384,350,314,348,393,325,303,428,368,312,394,344,349,301,408,312,396,360,343,313,300,388,345,295,301,388,321,303,390,312,295,435,327,402,367,357,313,382,363,303,401,360,346,296,303,390,364,294,387,360,293,391,353,348,302,316,299,380,359,288,327,391,355,302,337,325,388,347,299,334,316,392,354,304,344,392,361,304,305,407,367,348,307,384,365,357,315,367,343,299,303,398,295,275,294,337,327,421,362,299,323,409,324,303,401,353,304,297,414,335,396,305,396,322,365,305,302,414,372,294,326,395,357,291,418,359,340,304,284,417,366,363,315,391,356,359,313,381,351,320,307,401,365,300,317,386,359,310,297,373,318,288,407,325,310,389,319,290,398,320,295,449,318,355,300,282,275,294,300,396,328,300,428,371,348,297,364,312,307,319,387,354,296,333,408,346,303,316,304,387,347,309,334,314,406,351,307,326,401,311,297,404,310,299,399,353,312
294,311,402,308,308,420,449,412,369,464,400,283,303,415,358,445,393,301,276,396,333,401,505,419,275,296,390,360,291,296,375,315,305,403,323,300,439,342,468,415,374,306,379,363,307,385,366,300,404,365,356,344,460,409,355,332,448,403,344,298,276,411,304,482,416,382,302,309,322,400,312,271,332,329,312,429,321,299,432,320,300,442,310,376,322,302,415,312,296,433,374,346,299,376,363,303,397,359,299,390,360,297,376,357,312,397,358,303,405,350,341,314,286,385,321,294,398,321,284,392,320,291,395,331,300,447,310,363,297,300,400,314,308,419,357,303,404,368,361,317,393,348,437,460,387,368,425,385,466,407,376,461,372,452,402,376,300,377,347,308,329,298,384,356,301,420,371,289,404,364,348,304,314,299,382,366,294,412,366,313,396,373,307,407,300,393,368,304,309,375,290,263,326,319,413,368,455,385,296,294,379,365,332,431,379,311,395,325,301,315,393,356,316,317,291,404,357,327,301,316,291,423,323,380,387,310,398,365,299,389,361,314,315,298,390,344,308,338,390,307,292,421,389,302,399,350,342,315,409,335,389,360,325,311,300,385,358,303,297,382,320,296,396,323,293,441,334,399,370,364,314,379,368,312,406,349,343,300,309,400,373,315,392,358,301,397,354,344,298,310,284,388,349,297,334,393,367,303,323,308,379,348,297,330,312,379,352,289,330,397,355,308,311,413,359,354,310,397,353,346,308,365,339,306,313,389,310,263,271,314,320,430,372,306,313,383,321,299,413,366,305,300,409,323,398,305,400,319,382,313,294,409,377,309,317,391,370,301,422,346,339,304,312,419,362,363,316,396,368,363,307,367,351,293,303,392,355,302,307,394,364,288,301,381,311,282,406,323,299,401,330,300,408,314,292,434,324,346,311,294,273,304,304,402,328,306,443,386,374,288,356,318,306,309,391,346,306,347,410,359,316,334,297,387,350,295,325,316,390,347,289,316,389,329,300,406,328,303,408,357,302
292,328,388,315,315,420,453,402,368,461,392,287,327,430,358,452,402,301,291,401,336,415,488,411,273,299,401,356,306,311,379,308,290,391,305,289,427,372,457,428,382,307,388,372,307,398,367,309,399,362,357,350,456,438,346,338,439,415,347,298,290,397,298,487,410,388,309,307,293,396,303,277,325,332,302,425,323,300,427,323,302,452,333,366,315,309,401,321,302,437,365,358,296,374,355,310,392,369,302,376,349,303,391,367,311,385,362,300,409,362,353,320,288,371,328,285,408,316,294,393,328,290,403,328,308,442,327,358,318,288,399,307,298,422,373,305,412,368,358,314,386,344,429,450,380,376,435,383,454,421,367,441,376,452,413,359,299,378,346,303,331,299,400,363,305,407,371,312,404,350,352,296,316,304,403,360,307,407,364,306,390,363,302,406,307,370,360,306,304,370,287,254,326,321,437,366,463,388,296,289,385,352,315,433,376,313,378,347,303,319,372,362,314,319,301,403,353,343,302,317,283,401,322,390,381,304,389,366,315,382,359,302,301,287,373,340,304,340,396,313,295,428,375,309,405,349,347,312,406,308,391,343,339,307,298,377,342,297,301,382,316,299,404,324,302,443,326,395,371,360,316,383,358,306,401,366,346,296,303,399,367,294,391,363,311,403,364,343,310,309,295,387,348,310,323,392,348,293,340,310,383,337,297,341,313,383,339,305,321,415,371,309,313,416,370,367,313,378,369,367,310,368,346,314,312,399,308,272,300,328,320,426,373,305,306,389,316,298,422,353,298,313,412,331,402,295,389,313,374,305,295,398,366,311,327,402,354,308,418,356,332,315,306,417,367,362,318,389,353,353,306,374,346,298,316,396,349,314,301,378,365,297,299,392,329,291,399,328,287,399,321,297,396,317,300,450,330,357,308,280,283,304,304,403,337,296,421,385,364,298,369,324,322,324,394,356,300,330,383,355,295,318,294,388,345,308,341,315,380,344,300,323,403,316,296,390,328,309,410,351,306
299,328,396,300,307,422,459,394,359,464,396,287,303,418,372,438,409,307,283,397,312,395,500,424,275,297,390,358,308,302,376,324,293,394,320,297,415,355,481,415,379,300,383,377,305,402,374,292,403,355,356,343,455,407,352,330,442,420,345,309,282,394,304,478,425,385,307,289,309,398,285,273,323,334,314,425,322,298,435,327,303,443,325,357,321,311,401,320,307,428,379,353,310,392,363,296,378,356,300,395,358,310,396,371,313,401,350,304,394,353,336,312,288,375,315,298,401,332,285,415,318,291,411,343,284,441,337,354,308,289,403,320,310,438,371,307,401,363,348,306,388,353,428,450,388,361,430,376,462,421,368,442,389,451,404,366,307,366,341,299,319,294,389,356,309,418,364,303,404,344,340,303,301,295,379,367,311,411,383,299,390,371,300,409,295,380,372,294,294,384,309,280,329,320,419,366,464,387,311,279,397,350,317,439,378,296,385,336,304,315,388,349,303,318,309,408,362,344,301,323,272,409,330,389,373,317,396,373,301,403,363,307,296,294,369,362,303,348,398,324,297,421,356,319,411,370,349,300,408,315,403,358,332,301,300,387,344,298,297,375,324,294,414,325,292,440,323,395,371,357,303,379,376,298,406,353,338,311,300,404,358,291,400,362,310,397,350,350,310,313,309,396,358,308,322,389,356,300,353,313,394,349,283,333,318,383,344,294,335,414,369,288,302,413,383,350,301,390,358,362,307,385,345,300,311,400,300,266,291,319,319,433,363,287,317,391,310,303,415,360,301,303,417,320,403,304,384,318,379,305,284,400,359,296,329,388,375,311,432,371,343,294,312,417,356,351,310,377,354,349,304,369,343,300,308,390,357,300,320,395,355,304,296,376,318,292,400,326,290,405,323,285,403,318,299,444,331,362,299,291,280,297,303,408,319,320,432,368,370,304,364,308,315,312,386,345,313,325,396,347,306,307,298,378,348,307,342,306,382,345,302,337,394,316,284,405,336,290,412,360,316
297,327,395,309,315,420,455,414,356,468,399,281,316,420,348,465,402,303,274,394,309,423,500,420,274,290,376,359,308,287,367,317,295,409,327,298,417,359,467,415,394,327,379,373,302,386,370,304,399,363,352,345,447,411,337,334,441,412,352,311,284,404,297,473,415,378,312,305,328,389,299,284,335,323,302,424,318,293,423,317,300,454,325,370,319,310,406,320,309,425,361,358,299,379,360,320,384,363,300,413,358,301,394,371,303,393,377,303,397,356,354,294,285,377,311,290,401,327,291,416,327,284,402,315,296,441,322,353,299,288,388,327,301,438,368,309,398,369,367,305,372,350,429,441,376,365,415,381,461,411,349,439,374,453,422,358,295,377,362,302,326,305,400,371,311,416,359,292,397,351,335,304,317,291,383,369,308,399,379,314,399,362,318,408,311,386,366,302,298,374,302,282,325,323,442,352,476,402,308,286,390,369,321,436,371,302,384,349,301,322,397,362,303,319,295,419,356,343,309,316,293,412,324,388,388,314,388,351,299,393,357,296,304,286,383,355,299,345,402,322,300,418,370,315,396,366,337,312,403,303,387,368,346,302,291,385,350,282,299,390,311,287,406,322,300,460,333,386,366,363,318,376,365,293,382,346,333,307,306,394,362,304,382,372,313,410,353,358,293,313,302,392,356,283,328,387,352,304,335,317,375,346,287,331,314,383,368,297,334,391,370,291,310,405,373,363,309,389,362,354,300,367,362,292,300,396,289,264,292,326,327,428,367,300,321,402,307,314,403,356,308,304,427,333,393,303,390,312,387,314,311,408,386,313,332,401,364,312,422,375,336,302,297,415,365,358,317,397,358,363,302,371,341,298,311,393,345,303,315,381,362,304,298,387,323,295,408,302,292,402,331,296,410,333,290,444,318,361,308,288,273,296,303,405,320,319,432,365,354,303,371,307,311,319,390,349,292,324,405,351,313,332,290,374,360,306,339,308,375,354,301,318,393,329,292,410,311,303,398,362,317
295,330,393,311,312,411,460,404,351,460,390,297,311,415,343,460,396,311,286,400,316,417,498,420,286,300,383,339,306,290,379,313,301,402,333,301,434,359,470,423,388,319,381,369,304,398,358,294,393,364,357,345,439,415,354,333,452,410,344,297,293,412,303,484,429,392,295,313,310,390,304,282,322,327,313,421,322,290,403,305,321,456,330,378,310,319,412,322,304,439,372,365,314,377,365,309,393,366,296,392,352,306,383,367,311,392,369,297,396,354,350,306,297,380,317,289,398,317,300,390,320,304,405,322,291,435,333,360,309,293,414,320,296,417,369,317,411,360,356,309,388,353,440,456,384,365,422,382,474,412,369,446,383,453,414,359,293,371,351,292,329,300,398,364,312,410,359,305,411,351,351,309,307,292,383,364,302,416,377,305,394,356,308,406,301,369,364,300,293,382,302,279,319,330,421,365,460,391,290,292,377,374,316,442,368,304,386,343,301,306,399,358,311,323,298,404,356,348,309,324,296,401,312,383,389,332,391,354,304,392,362,299,311,300,376,352,313,333,407,319,294,416,373,311,409,360,357,311,410,306,395,348,349,299,305,381,359,287,309,380,312,294,405,321,292,440,320,394,369,355,313,380,378,302,404,356,355,302,293,396,375,316,391,358,300,406,372,341,309,313,304,378,364,304,316,392,341,305,356,307,379,349,308,331,312,384,333,296,338,395,351,289,306,401,373,360,302,383,358,360,307,381,345,284,293,404,312,262,290,316,310,416,367,302,319,409,318,305,420,349,318,305,423,333,402,324,407,309,380,322,305,412,359,311,320,406,378,300,413,361,330,298,295,407,368,361,303,375,365,348,317,372,340,300,310,388,350,294,325,376,348,312,289,397,312,288,411,317,306,405,313,294,410,316,306,443,320,379,327,289,279,311,305,393,324,321,439,372,374,295,365,302,308,318,381,358,295,324,410,350,305,335,300,376,328,307,332,299,384,346,301,318,386,323,293,406,324,309,420,361,311
284,333,398,315,287,416,462,415,363,456,403,289,295,433,354,452,395,302,288,394,321,413,503,402,279,304,378,348,294,301,395,314,277,409,330,297,436,363,463,412,388,320,377,377,309,395,357,302,401,362,353,329,457,414,341,337,445,407,358,304,285,388,301,491,420,394,291,303,316,398,298,290,323,346,314,434,329,289,419,317,290,445,317,378,320,304,399,328,290,431,357,361,291,372,374,306,397,363,296,392,354,311,391,365,306,395,357,298,401,355,358,311,274,390,315,294,402,326,289,399,323,286,401,326,292,435,321,372,312,306,408,325,301,410,368,296,409,366,361,316,384,342,430,452,392,365,440,386,469,411,360,450,382,454,420,362,294,356,342,306,322,293,386,373,306,422,374,314,405,355,345,292,320,308,394,364,309,416,371,306,399,367,305,407,307,381,367,301,306,387,291,269,326,316,416,367,478,402,300,289,381,371,316,429,373,304,384,350,311,307,393,351,320,323,292,419,360,330,314,323,300,409,338,382,381,307,397,365,300,387,361,306,324,281,373,340,302,348,394,320,301,429,377,303,397,364,354,312,399,317,403,353,345,306,278,397,360,297,296,384,318,290,405,319,298,437,340,390,366,362,313,385,364,303,401,334,341,301,292,400,370,296,400,368,298,416,349,351,292,301,301,400,363,293,326,393,353,310,335,307,397,343,294,334,305,380,355,297,336,400,355,299,308,408,362,362,301,402,372,348,294,384,355,295,302,386,321,272,287,320,322,410,364,304,330,405,311,303,415,359,311,305,419,319,404,298,395,312,374,310,282,397,372,306,334,399,368,307,420,367,329,304,300,410,364,347,306,392,358,347,313,369,366,299,307,394,364,310,309,371,361,304,299,375,314,283,421,308,302,401,325,309,395,314,304,434,320,357,303,299,272,302,297,405,328,319,429,374,367,290,372,311,315,307,400,355,299,328,409,354,306,327,300,394,347,296,345,317,387,347,301,316,378,312,299,411,322,297,412,360,316
316,325,394,307,300,414,454,411,368,453,390,293,320,426,337,448,388,295,270,406,318,410,498,421,287,293,370,342,299,305,372,320,284,402,314,295,426,353,465,423,387,323,380,360,306,390,372,315,394,368,360,343,443,408,363,337,445,406,366,304,296,396,302,492,431,383,313,305,310,383,295,268,321,334,312,426,328,301,426,321,300,453,319,386,315,302,396,310,294,436,379,350,299,379,357,312,397,364,308,394,357,314,383,356,300,391,360,309,387,361,341,299,297,382,322,286,408,313,286,411,334,282,416,318,301,442,317,367,308,289,406,319,302,412,373,288,404,364,370,306,391,337,445,465,385,356,433,384,463,417,374,448,381,445,413,354,305,356,354,309,310,301,399,368,302,412,367,314,394,364,334,301,300,293,394,372,300,413,380,303,370,343,305,429,315,389,352,298,311,382,296,274,325,334,421,364,470,399,291,298,387,365,326,425,376,301,374,345,302,307,392,341,294,325,293,421,367,335,318,316,294,408,312,392,390,314,387,376,315,385,357,292,307,291,391,349,297,339,394,325,311,429,368,296,418,365,355,311,407,310,384,367,349,303,297,388,353,307,301,365,320,296,393,334,300,438,322,395,387,350,302,378,378,309,393,351,347,299,299,399,360,313,386,365,302,395,358,345,304,306,309,394,350,301,323,386,346,306,345,321,383,355,298,344,300,379,346,314,325,416,357,300,317,407,386,363,315,400,360,356,306,379,345,308,298,400,303,265,276,330,318,426,373,302,318,399,309,284,408,338,293,307,406,320,396,303,397,318,376,303,301,408,371,290,331,402,356,306,426,356,335,307,302,414,358,355,304,389,362,342,309,369,367,315,307,396,341,306,312,389,378,297,307,383,317,290,417,319,296,414,311,294,405,327,296,456,313,361,286,298,279,292,293,396,322,321,437,388,355,308,369,328,315,331,383,354,308,325,407,357,311,321,297,385,355,295,335,304,378,343,299,325,393,325,288,402,322,295,404,365,311
293,335,387,314,302,403,453,416,367,468,398,286,303,425,351,457,399,290,280,401,319,407,494,431,293,288,401,354,298,295,382,323,291,404,304,297,422,343,463,415,391,315,389,377,305,387,360,308,395,371,352,340,443,411,334,344,449,411,357,290,274,400,303,477,429,383,299,302,315,393,306,273,323,341,309,416,329,294,422,315,311,467,318,364,309,299,401,314,292,429,354,353,300,382,364,304,396,361,308,389,362,313,381,368,301,392,365,298,392,370,340,307,285,365,315,297,402,318,294,411,326,287,402,321,290,434,315,372,307,288,400,316,296,421,367,306,414,366,365,309,387,332,431,449,385,377,431,380,468,410,378,444,390,451,414,358,296,371,352,288,331,299,396,366,308,409,372,314,400,350,344,308,324,293,385,359,306,420,374,301,373,359,301,409,303,371,362,298,299,378,313,261,331,335,429,360,471,406,308,291,378,362,317,431,366,293,386,349,293,313,399,374,301,331,295,405,364,337,304,315,293,417,316,385,376,312,397,358,311,387,371,302,302,290,388,360,304,341,392,306,307,412,373,300,398,354,346,315,410,311,392,359,347,312,303,388,364,308,298,370,317,295,399,331,300,441,340,401,378,355,305,378,362,310,398,360,347,301,311,402,374,292,389,359,293,392,354,353,301,323,306,378,359,289,326,384,353,302,340,305,375,333,297,331,325,381,356,304,338,410,353,312,319,402,377,364,304,387,364,348,291,364,347,285,311,393,309,263,284,321,324,427,360,303,323,380,315,302,399,369,289,309,400,335,412,308,398,305,365,309,288,411,351,310,339,405,362,304,418,357,340,307,314,420,366,355,307,390,361,357,307,376,338,295,305,406,360,297,314,392,355,297,297,372,329,298,397,319,311,405,309,296,409,323,304,454,321,358,304,302,271,289,307,394,329,310,434,360,363,291,354,326,304,302,403,349,308,332,385,358,304,319,300,375,352,306,343,305,379,350,297,321,412,318,296,408,321,306,413,353,315
299,330,397,314,302,410,450,402,347,449,395,271,303,419,346,450,392,296,269,395,324,406,508,418,289,300,387,360,298,310,379,315,293,399,318,294,427,338,467,408,389,317,375,365,306,410,363,306,405,377,347,342,452,414,353,330,444,411,353,307,282,407,303,489,427,383,314,317,309,389,300,291,324,331,313,422,331,304,417,332,309,445,319,370,319,307,399,316,305,423,371,367,292,388,366,284,386,370,313,386,358,313,391,370,290,396,364,309,401,360,340,298,292,380,317,293,401,323,290,404,325,291,397,326,311,445,314,370,306,305,400,319,297,418,365,311,409,358,363,308,374,346,430,452,385,380,429,359,465,412,375,451,377,461,412,360,292,369,342,297,323,303,403,360,309,408,375,303,397,353,341,301,315,294,389,372,294,418,370,314,390,356,286,410,303,373,369,301,299,387,302,267,322,333,437,365,463,401,299,292,395,371,317,426,373,313,389,344,308,312,384,354,297,315,288,418,371,338,317,315,289,406,322,380,394,325,397,360,320,392,359,307,304,286,370,346,315,341,393,318,293,419,362,311,405,356,345,307,409,316,390,358,345,310,297,383,348,294,312,386,328,288,398,317,302,440,319,401,381,361,325,377,359,296,406,352,335,304,294,393,368,314,383,352,308,404,352,338,303,311,298,403,351,310,335,390,349,301,342,311,391,341,322,325,328,383,345,290,334,414,353,304,301,397,369,363,307,394,348,354,325,372,358,295,299,384,306,270,289,321,324,434,357,299,323,391,316,295,400,365,298,305,418,330,398,317,392,323,384,329,301,408,377,309,334,393,374,295,424,365,349,301,297,408,363,364,312,389,353,361,318,380,351,291,319,391,355,286,307,398,347,293,294,382,321,299,413,311,296,412,325,292,405,318,290,444,310,371,302,295,277,300,301,402,337,306,440,369,362,295,355,311,302,300,374,362,284,345,400,349,313,321,290,383,348,301,346,305,386,349,298,328,403,319,301,406,307,296,422,350,299
304,313,394,303,307,420,455,395,360,443,390,296,305,415,352,446,397,305,283,396,303,412,489,425,279,290,385,360,306,305,381,311,288,402,327,308,427,366,468,432,389,319,386,367,308,388,360,300,398,371,360,349,446,408,352,331,443,416,346,301,284,403,296,482,425,381,308,304,318,388,309,277,321,337,309,419,319,298,425,320,304,434,327,374,305,303,399,311,287,441,362,375,299,379,358,309,394,373,303,404,367,313,386,368,308,391,372,311,395,360,348,321,296,391,309,294,418,326,293,398,321,285,415,314,302,444,328,364,299,281,399,314,295,419,362,311,403,355,356,307,393,341,428,459,387,362,442,382,462,439,379,449,393,452,416,363,312,367,347,311,320,310,380,362,312,417,376,299,390,354,339,301,309,308,393,370,318,409,359,322,382,364,313,407,306,377,357,294,298,377,301,268,335,327,435,358,481,404,300,284,397,366,323,431,370,308,384,356,306,322,385,349,302,328,299,412,353,338,301,309,300,418,315,381,395,306,399,361,312,382,372,288,318,291,388,356,307,326,388,316,293,422,373,312,405,366,353,309,406,319,390,360,325,315,287,387,351,308,305,390,317,292,410,311,299,440,332,380,380,364,310,380,353,301,409,370,338,311,297,389,377,302,391,367,309,399,360,336,295,313,290,376,366,297,330,400,350,308,353,314,387,348,289,337,323,388,351,299,323,412,360,303,319,409,381,365,308,382,359,344,314,381,359,292,312,394,300,268,294,317,332,428,369,306,328,397,321,306,421,358,311,300,411,322,388,303,399,314,371,304,299,403,377,298,323,393,370,295,422,355,339,297,293,409,362,365,306,378,362,360,313,380,349,293,330,387,349,292,303,378,354,304,301,390,315,288,397,331,294,415,318,300,415,319,295,436,318,367,299,289,278,307,298,400,331,323,427,392,354,298,356,307,304,318,384,350,284,331,402,360,311,332,288,391,343,300,336,311,385,342,305,322,397,319,298,412,318,314,407,354,297
298,325,387,323,308,406,458,416,358,476,402,286,307,414,377,455,389,287,289,402,315,409,509,415,290,287,390,350,303,305,381,307,287,404,314,297,426,345,472,412,379,298,369,364,309,404,365,302,403,373,356,337,465,402,342,339,451,425,350,285,284,395,313,476,411,363,303,317,314,401,294,281,319,325,312,414,319,292,424,321,299,461,311,355,314,296,409,303,300,440,372,365,306,377,375,294,390,359,303,386,370,319,404,353,304,369,366,291,407,376,336,302,301,377,308,297,392,317,298,400,320,291,401,317,293,437,318,359,316,291,408,324,300,412,371,317,412,370,359,306,377,345,440,446,379,359,426,381,461,415,378,437,394,444,415,363,305,366,350,302,312,290,387,368,305,418,356,314,404,358,341,301,315,310,373,363,308,406,370,317,388,352,301,407,307,375,356,305,299,371,303,269,330,328,420,354,467,400,306,298,389,371,329,430,368,308,390,343,294,320,397,348,305,316,311,414,362,356,323,313,285,421,315,376,388,304,383,371,312,387,370,291,314,296,368,353,295,328,393,313,301,430,370,301,393,347,338,315,401,320,390,358,330,315,295,386,355,300,302,376,309,291,404,325,288,440,324,403,371,350,315,380,377,302,398,359,324,304,301,399,355,289,397,373,309,404,364,352,309,311,292,386,358,306,324,393,345,300,338,305,382,351,289,340,313,384,351,305,334,402,350,306,304,419,357,373,311,384,356,360,304,375,360,298,309,390,318,273,280,315,319,420,363,298,328,402,316,306,410,359,300,295,408,329,398,309,401,307,385,298,301,402,371,314,319,403,360,303,424,378,330,304,291,407,365,368,297,385,360,356,295,380,339,295,311,397,355,299,314,388,362,290,303,373,329,289,408,318,291,407,323,284,406,320,296,446,312,357,310,292,267,306,296,399,329,320,439,383,360,300,356,313,314,320,385,356,302,333,406,350,310,327,305,390,343,298,344,327,384,342,304,319,401,321,293,403,312,297,410,363,309
297,333,392,316,296,415,447,407,343,461,398,290,296,403,350,469,391,308,282,394,319,410,499,398,280,300,392,370,294,301,369,325,295,404,319,313,415,343,466,405,391,307,381,366,310,400,371,306,397,375,349,346,448,418,353,335,442,417,354,297,286,398,299,475,430,392,303,305,313,387,308,278,324,333,315,420,319,296,422,303,293,459,334,370,309,312,399,314,299,423,363,354,304,380,368,291,381,371,310,392,361,307,379,371,312,399,362,294,397,353,333,304,292,371,316,282,401,319,293,395,315,294,412,330,309,446,328,359,301,277,400,324,303,417,375,312,408,356,358,305,386,353,428,452,375,361,425,389,469,422,381,452,381,448,419,369,298,362,340,295,316,303,396,369,307,419,372,304,405,364,328,286,309,304,393,369,312,426,376,313,401,362,299,418,319,363,370,307,294,379,310,283,325,312,429,355,460,401,287,278,403,372,317,419,360,310,383,357,303,309,391,346,307,316,311,399,362,345,316,312,285,418,310,379,383,310,396,367,314,400,374,311,311,296,378,357,310,340,383,317,303,419,370,314,407,359,345,304,410,320,391,348,336,311,300,387,367,292,284,374,312,284,400,320,291,444,327,398,360,373,294,370,367,302,397,361,343,316,290,382,367,314,396,355,316,409,365,333,309,306,306,390,352,298,332,389,348,313,340,311,385,339,303,336,307,381,350,299,338,402,355,288,317,408,366,361,310,393,358,361,307,375,348,296,309,382,314,258,300,326,320,428,365,300,332,393,326,299,411,347,300,296,417,344,396,303,404,319,372,305,295,403,368,304,317,396,369,312,431,360,330,306,302,417,373,364,299,388,363,356,296,363,337,288,320,403,356,300,312,401,346,299,290,370,320,304,403,321,300,398,307,297,407,315,298,457,317,363,301,294,283,305,296,399,326,315,429,383,355,302,361,304,322,316,404,352,295,332,420,350,302,332,304,380,348,301,318,307,390,342,307,314,397,310,301,408,300,296,414,354,308
299,331,388,316,297,418,450,407,349,461,405,279,309,416,351,449,406,303,284,407,335,422,502,401,288,301,402,360,303,306,376,310,296,411,321,304,431,356,463,427,384,328,377,370,316,390,357,317,392,349,366,337,450,400,340,336,449,414,355,305,288,407,294,474,419,374,315,301,300,388,302,267,320,340,310,426,326,299,430,346,298,448,326,381,325,306,403,319,289,445,375,368,307,367,366,297,390,357,314,390,360,300,383,365,317,383,358,305,401,352,353,312,289,363,324,291,409,326,300,389,323,291,400,323,294,448,334,352,304,292,389,312,302,409,373,302,417,364,354,308,378,347,436,456,387,367,430,382,465,419,377,444,364,459,417,361,301,372,342,318,316,307,408,365,297,423,373,288,404,352,332,300,313,292,393,362,302,413,363,294,381,357,313,417,316,380,361,308,300,397,312,262,312,333,426,358,465,390,299,291,385,375,320,428,373,303,385,349,307,312,394,363,304,317,292,409,357,331,310,316,288,424,315,392,395,317,395,370,313,395,359,300,302,280,379,343,302,348,406,317,298,409,378,311,393,353,345,301,406,328,393,349,325,310,299,401,341,312,298,388,325,295,404,314,307,436,333,399,363,348,322,379,368,296,403,335,348,306,304,397,367,304,405,368,297,411,345,350,295,318,290,381,354,304,321,403,361,294,350,303,379,344,299,342,313,381,348,283,326,401,361,302,311,415,358,365,295,406,367,353,304,364,356,304,303,394,305,261,285,327,322,440,355,314,313,399,326,292,411,364,315,302,415,335,407,307,394,317,368,296,289,410,372,297,336,399,361,311,422,372,338,311,304,421,366,365,289,387,365,354,303,373,365,303,316,392,355,299,309,380,349,297,302,384,335,283,407,317,308,402,322,283,408,328,299,428,323,363,303,310,269,312,292,391,323,318,441,369,379,294,349,310,308,313,387,358,303,337,403,357,305,313,292,381,357,304,343,311,391,334,292,319,388,319,307,397,314,312,411,371,298
307,338,390,310,311,419,460,412,344,465,409,291,304,414,362,458,390,289,282,397,312,419,499,420,272,298,386,359,301,294,371,322,295,395,320,312,423,366,468,409,382,322,377,380,300,404,370,290,401,363,351,351,441,423,346,342,438,412,348,304,287,405,299,474,435,379,303,305,319,388,309,275,326,323,316,422,331,293,415,321,310,441,316,361,323,307,398,322,309,443,373,356,297,369,365,295,398,366,309,396,365,290,385,368,301,377,361,308,393,376,344,300,282,381,312,289,417,329,292,405,324,307,398,331,295,442,309,347,300,286,393,307,309,407,375,304,405,368,357,306,384,351,433,452,386,370,434,393,443,416,373,450,390,446,411,368,310,376,340,305,317,294,384,369,308,410,381,306,401,347,353,299,318,296,388,360,307,411,382,314,387,372,308,399,310,380,359,300,300,376,293,262,337,326,429,365,459,395,285,294,398,349,323,438,365,306,399,354,302,314,392,357,302,312,295,417,354,350,304,324,286,405,319,384,385,316,403,367,302,389,366,301,306,288,373,345,306,330,395,316,302,419,373,306,383,365,340,312,389,316,400,364,344,308,280,381,352,305,302,374,317,291,402,325,303,442,326,395,379,360,313,383,357,306,407,355,338,299,296,403,352,312,408,357,300,398,351,341,314,319,307,399,355,301,317,396,348,303,336,321,378,349,301,334,331,382,349,299,328,420,348,306,315,410,360,362,312,387,368,363,303,381,355,301,296,399,312,268,273,319,320,424,367,294,325,395,312,305,422,348,294,297,414,327,410,303,392,323,367,319,290,396,371,301,311,394,358,312,422,366,345,312,288,411,362,367,301,385,362,357,312,378,358,291,308,396,345,305,310,388,359,301,283,382,316,302,392,328,292,398,324,298,408,315,290,445,326,366,301,304,279,297,307,398,311,297,420,371,356,285,357,313,304,310,386,354,307,318,412,341,308,311,306,383,345,301,338,321,386,366,304,327,398,311,295,400,322,301,407,369,303
308,327,396,311,307,420,456,409,352,463,391,294,308,423,355,447,403,295,277,387,303,397,509,425,293,283,377,358,298,301,379,309,288,393,324,292,430,357,458,419,390,324,385,369,301,400,360,313,401,375,359,348,445,420,354,341,432,418,361,302,285,401,294,478,419,398,307,299,313,391,299,287,332,327,307,426,323,295,440,319,296,456,321,377,306,299,393,317,311,438,380,366,311,382,359,295,387,370,315,386,350,303,393,368,311,388,361,305,405,357,343,306,280,365,309,292,393,327,293,404,323,297,398,326,284,437,321,364,306,304,405,319,291,425,366,309,408,364,347,313,389,341,426,455,391,371,432,384,471,411,377,445,377,453,424,359,300,371,350,306,314,291,399,374,293,419,374,307,406,343,339,309,317,297,384,364,304,403,371,310,396,357,305,408,316,381,360,300,310,384,301,259,317,328,422,365,479,387,302,292,388,371,307,436,370,294,386,349,303,312,401,353,302,314,298,391,362,333,309,326,291,417,329,378,384,315,391,360,314,405,356,292,325,290,380,355,306,343,389,314,301,429,363,303,398,345,340,321,401,320,387,359,335,307,303,394,350,300,305,361,308,289,394,324,300,439,335,380,372,366,308,387,356,302,414,364,348,305,300,398,361,298,385,363,307,401,372,343,289,320,299,388,362,294,330,402,348,308,340,300,381,339,301,343,308,388,356,290,335,407,365,303,310,412,392,368,306,393,368,353,302,377,352,294,292,387,316,275,287,326,324,425,368,305,318,392,322,312,410,362,308,313,418,322,405,301,395,307,368,322,301,409,372,295,336,384,373,309,421,364,337,308,296,423,365,366,299,403,364,355,305,368,345,302,303,394,352,305,308,377,358,297,292,387,324,308,405,319,291,399,321,299,401,324,306,442,319,371,305,280,278,303,298,400,320,307,432,372,354,287,357,321,316,317,387,341,289,329,406,349,292,322,303,390,354,294,337,310,377,348,305,324,390,329,298,398,325,318,409,336,310
296,311,397,315,312,420,437,422,353,473,401,279,308,413,363,453,407,299,272,396,315,418,487,423,280,297,371,348,313,297,367,324,271,404,326,309,423,356,455,416,392,316,392,379,306,383,371,309,409,375,356,334,450,411,362,337,447,418,356,296,287,389,302,489,427,376,310,311,314,405,310,274,325,342,298,422,325,301,420,325,295,455,331,366,310,282,401,320,308,437,362,357,307,383,378,312,395,369,318,380,368,295,393,347,312,391,358,313,412,361,345,306,309,382,321,295,406,319,287,406,325,287,406,322,292,439,337,366,315,294,401,332,306,420,366,306,401,363,355,305,386,350,435,449,388,369,443,389,451,408,358,448,382,446,419,355,292,371,352,305,314,296,387,365,299,416,382,308,393,342,343,319,316,290,381,367,302,404,366,314,396,369,315,415,300,380,360,307,303,381,315,257,332,317,431,363,462,397,301,286,396,373,316,430,365,305,381,339,298,307,393,358,304,322,298,408,355,351,302,311,281,420,315,381,382,309,389,361,303,398,347,302,307,286,374,337,308,346,390,310,318,430,370,318,398,359,358,308,409,315,388,353,345,319,302,392,347,301,299,385,314,285,414,303,308,448,342,394,375,351,317,393,375,299,396,351,349,313,297,398,370,302,400,357,301,394,364,337,301,305,292,386,359,295,327,400,353,301,333,305,373,347,299,337,303,375,349,306,331,402,355,306,301,410,371,359,297,377,372,356,315,371,347,291,298,382,309,271,291,324,323,427,370,308,322,397,314,298,419,364,296,301,422,325,385,305,403,299,380,304,302,407,361,311,333,398,364,302,430,360,327,304,301,418,378,349,303,386,361,354,292,371,346,305,316,395,356,301,313,387,346,302,298,386,321,295,393,319,294,408,327,288,413,320,301,452,318,364,313,286,280,290,303,401,326,318,436,374,352,293,360,304,307,316,393,353,302,330,403,351,315,310,298,382,359,293,347,311,376,352,291,317,389,317,287,404,316,294,420,355,311
289,316,400,317,301,418,459,410,367,469,392,285,306,416,365,450,400,298,279,391,325,413,506,416,276,304,396,347,301,300,377,317,300,411,319,301,428,344,460,423,389,320,372,378,298,394,356,315,395,377,356,333,453,411,352,341,433,408,352,303,281,409,316,493,428,374,305,304,308,386,298,287,314,330,304,424,327,291,431,328,312,460,319,369,312,315,398,327,308,442,368,359,297,382,363,315,388,370,310,389,364,303,383,359,306,393,365,307,401,372,346,305,303,379,317,296,410,316,300,388,320,283,399,321,296,449,319,377,303,288,409,312,300,417,363,312,400,362,359,296,379,347,435,451,379,358,437,385,457,411,370,443,390,462,410,367,295,359,353,305,326,302,376,361,303,401,369,298,405,356,356,302,323,295,391,358,297,405,374,295,396,362,305,400,311,371,350,298,309,367,307,253,319,321,433,362,464,395,308,288,381,362,325,431,365,309,375,352,301,306,387,358,306,317,302,423,354,343,295,307,297,407,329,367,387,311,392,371,303,391,368,306,306,290,385,353,303,332,390,321,287,414,372,316,418,359,342,307,401,319,391,351,346,311,294,388,337,303,295,383,314,289,405,323,295,444,333,396,373,366,325,397,356,287,409,355,340,317,295,400,369,308,399,362,297,413,344,346,295,309,300,392,359,299,328,394,343,301,345,313,386,339,284,337,312,368,360,295,341,403,353,303,306,410,383,365,308,392,362,352,297,381,354,302,320,389,303,269,280,327,327,439,365,305,321,395,313,300,407,356,318,310,420,329,396,309,393,322,372,303,291,413,369,296,330,395,359,294,430,355,337,309,306,427,371,351,303,396,366,359,305,381,344,305,309,389,356,310,315,385,343,305,298,371,314,281,410,339,303,397,316,294,408,331,300,431,321,352,309,324,274,306,294,402,321,306,435,390,362,296,366,303,308,307,376,356,296,335,392,354,296,326,299,391,358,291,345,305,368,358,301,321,400,325,294,408,320,307,412,355,300
299,335,379,308,302,413,459,409,360,456,392,275,309,432,359,458,392,296,277,405,323,389,493,414,289,306,403,337,306,303,365,333,296,405,320,294,424,348,459,419,405,313,394,362,327,404,373,307,399,356,362,331,459,412,361,341,444,417,349,301,289,407,297,464,417,378,301,307,319,389,321,281,320,337,300,414,333,300,438,309,291,461,327,369,309,306,395,319,290,442,368,359,305,381,365,316,402,362,304,393,360,308,379,368,308,394,363,311,405,361,337,309,289,369,316,295,411,305,283,412,319,291,402,320,305,439,323,366,314,290,396,327,317,417,358,302,400,364,364,297,383,350,423,451,378,377,433,378,459,421,373,426,387,455,417,361,306,373,351,317,327,300,386,372,302,404,377,304,399,360,345,303,311,302,381,359,296,417,384,303,388,370,302,423,310,389,358,296,294,389,292,261,329,327,428,370,447,388,301,288,384,384,325,420,377,292,379,357,299,312,393,348,309,305,290,411,356,340,322,319,296,408,320,381,387,313,393,366,289,368,346,293,313,295,381,360,304,343,396,325,305,423,379,309,405,352,335,311,391,320,391,358,348,312,295,387,341,297,293,387,318,302,397,322,290,433,331,399,361,358,306,376,365,298,405,362,354,304,300,383,352,304,390,372,294,399,358,336,313,319,290,403,353,295,318,397,363,302,351,316,380,362,300,336,305,384,350,302,335,403,350,297,321,408,361,353,308,398,368,366,311,376,348,290,303,388,318,269,284,331,323,429,363,304,330,388,314,301,401,365,298,301,414,316,417,307,395,316,377,309,305,412,352,311,333,390,369,305,440,374,343,303,299,415,354,360,314,385,358,353,311,377,356,300,325,385,356,300,319,372,350,297,314,372,321,294,410,322,290,409,327,299,401,310,303,449,321,381,303,285,262,291,299,404,336,317,448,368,361,308,355,308,309,299,390,361,305,335,401,370,305,318,306,378,345,300,328,314,388,339,299,346,402,311,295,407,318,292,402,367,303
313,324,375,323,308,412,468,412,357,464,396,286,316,409,358,457,391,298,282,396,324,403,510,419,289,295,388,355,306,301,376,319,286,404,318,303,430,364,472,408,392,319,384,360,303,387,367,305,404,368,351,346,439,407,359,341,451,415,353,310,295,405,302,483,431,381,291,300,320,389,306,286,321,334,313,425,326,306,422,310,303,454,313,376,322,309,406,317,295,420,381,365,310,372,375,304,397,365,304,394,362,301,397,371,298,384,365,311,401,358,335,304,293,375,313,290,405,328,298,404,321,294,402,330,291,454,324,354,312,293,396,308,304,423,367,309,405,360,362,297,384,350,429,462,387,376,422,385,468,407,376,438,376,444,420,361,303,358,346,313,322,302,396,361,311,411,372,297,393,344,357,309,321,295,388,369,310,418,365,294,396,369,302,412,298,385,363,290,296,384,301,279,322,317,434,361,458,394,298,272,391,355,319,447,371,312,382,350,311,305,392,360,306,321,295,412,356,351,300,322,311,429,316,384,378,317,387,360,313,388,365,302,302,296,369,344,310,344,393,312,296,436,362,297,405,357,349,306,401,325,385,350,343,301,305,394,344,301,303,384,314,282,402,313,295,446,329,393,369,358,314,381,369,304,401,350,341,313,297,391,351,305,391,366,304,409,366,335,302,314,290,372,363,294,322,392,347,301,330,302,391,342,292,337,317,383,343,305,326,417,350,300,303,404,371,353,307,390,357,353,304,369,344,287,315,397,306,271,273,315,319,420,366,295,321,395,317,290,413,358,314,304,413,330,395,296,391,330,376,312,300,420,364,303,318,399,362,307,427,359,342,311,299,420,361,368,308,400,368,352,316,369,329,295,318,395,354,289,317,388,355,301,307,376,309,293,407,332,293,392,312,291,406,336,299,444,337,371,307,298,266,315,301,392,327,318,426,362,352,304,360,317,307,315,391,351,299,315,400,365,309,322,302,374,341,307,332,311,384,353,283,320,403,314,288,398,319,291,407,359,307
305,347,380,311,308,422,469,408,364,447,386,289,299,433,341,451,400,293,293,413,326,411,494,427,283,292,383,363,308,305,360,321,293,405,335,294,420,350,461,412,392,320,370,371,303,399,346,297,405,369,347,341,441,405,356,339,441,406,351,305,301,399,293,489,425,371,309,290,317,393,321,284,332,336,323,424,315,289,422,322,303,459,320,367,312,298,398,313,306,431,381,368,299,379,358,306,379,361,321,394,365,315,384,368,307,388,372,318,410,364,350,308,293,385,306,297,411,319,293,394,313,288,399,329,297,453,323,348,301,296,396,327,304,409,373,308,399,381,356,324,377,347,447,453,377,374,443,363,461,421,363,447,389,459,425,352,294,370,335,298,315,305,398,355,311,403,372,304,406,360,343,307,311,299,378,374,304,413,370,300,397,368,306,417,307,365,371,308,303,370,304,272,319,316,429,362,459,386,296,294,395,374,327,423,369,308,385,362,302,306,390,352,308,301,292,415,362,357,311,321,290,423,309,377,403,321,393,372,305,396,358,301,310,271,383,360,312,337,388,338,299,419,358,306,405,361,351,305,403,311,400,357,333,302,304,390,354,290,299,375,321,287,399,325,294,442,336,395,366,362,316,373,376,293,396,354,350,301,295,396,374,313,380,369,314,403,355,344,305,311,301,381,352,308,321,391,354,286,336,303,388,350,299,337,314,379,351,294,331,402,350,301,315,407,361,356,308,392,363,354,308,366,346,292,308,388,323,272,296,325,316,432,363,299,319,392,314,307,408,363,297,303,431,330,394,317,402,310,359,300,300,396,360,315,323,413,358,300,427,367,335,300,300,398,376,356,296,383,363,345,305,371,344,297,322,390,353,314,319,384,352,309,282,378,314,288,406,325,303,396,305,295,404,321,289,448,306,359,300,293,269,298,287,405,332,314,427,369,361,304,356,306,310,309,388,358,300,327,398,356,315,314,296,382,349,300,341,299,377,367,295,318,406,317,285,418,324,305,403,354,303
305,331,405,311,325,421,454,418,364,466,404,290,298,425,361,442,398,309,269,393,329,405,501,424,295,286,398,356,293,296,379,312,298,410,312,296,420,362,466,410,391,307,377,369,315,388,355,300,405,364,347,345,444,410,352,330,448,429,356,306,282,415,298,476,423,386,308,321,317,385,307,272,325,337,325,411,314,303,418,307,310,449,305,361,315,297,402,319,301,429,373,358,298,379,364,302,382,351,305,393,358,312,391,362,304,394,364,309,401,356,330,310,295,376,313,298,411,324,299,403,324,286,405,341,290,447,303,357,316,291,403,328,309,424,365,307,403,364,352,307,393,344,433,448,381,372,424,376,459,421,364,435,384,463,421,366,303,369,345,299,320,294,390,358,310,411,369,308,403,341,353,303,319,298,388,359,309,415,371,304,389,350,301,403,302,379,362,300,293,378,300,267,328,323,429,368,458,393,300,295,377,368,326,443,360,308,382,354,311,313,399,351,301,325,299,401,363,344,310,325,285,421,314,377,386,316,390,364,293,398,353,298,307,285,383,343,314,346,391,316,298,417,368,314,396,360,342,309,421,312,391,354,341,314,306,404,357,297,306,372,308,296,413,326,292,456,342,389,372,359,298,388,363,297,400,362,354,305,298,393,376,298,396,372,315,403,357,347,302,310,311,397,354,292,325,389,359,295,343,305,383,349,296,335,306,381,349,292,334,389,362,300,317,404,358,355,313,402,358,363,304,368,337,302,298,400,301,271,282,329,303,422,376,307,318,387,316,305,424,364,303,303,415,317,400,304,398,298,371,302,292,405,366,306,335,406,365,305,430,364,339,298,302,416,361,356,314,379,361,351,318,368,346,299,312,376,356,297,313,389,357,293,311,373,307,289,419,323,286,403,309,295,400,324,306,447,319,355,308,291,267,296,302,406,324,311,438,365,363,298,352,317,293,315,397,362,302,331,400,353,313,324,290,395,354,286,346,306,387,351,296,314,402,305,297,409,326,298,412,360,305
304,323,381,304,294,428,464,408,356,461,401,293,314,416,358,457,393,305,277,395,321,415,500,410,298,290,406,348,321,300,378,315,297,413,324,308,436,365,457,418,383,314,381,365,311,391,360,307,392,362,348,352,443,407,350,333,446,412,363,295,297,397,313,474,433,379,319,294,318,396,301,287,322,322,314,415,321,301,421,316,300,446,324,373,318,309,406,313,298,428,364,363,304,371,368,305,382,361,301,395,355,304,382,362,293,385,371,312,394,362,342,306,290,384,309,295,407,325,306,399,323,291,396,322,300,450,323,359,303,297,409,306,303,429,368,297,405,356,355,323,379,337,426,448,375,369,432,382,452,414,364,442,381,460,415,371,299,372,351,315,318,305,379,381,301,403,360,291,395,373,349,293,318,288,383,378,306,417,380,287,404,354,314,404,292,375,360,298,307,385,290,271,340,328,428,361,466,385,298,295,400,368,330,428,373,307,379,365,297,314,390,353,306,317,295,430,361,347,298,322,308,408,322,398,393,314,401,368,308,395,365,309,312,288,376,338,315,350,385,319,297,407,362,308,405,361,336,309,397,311,383,350,343,300,303,391,346,296,289,379,309,288,403,321,292,430,340,391,370,360,307,375,363,296,397,361,338,308,285,396,363,298,386,357,292,393,340,352,300,309,304,395,351,295,328,383,351,304,350,319,384,352,300,337,304,389,345,310,323,396,353,301,304,421,359,362,307,387,361,369,311,360,350,305,306,391,315,262,289,331,323,428,353,304,321,399,308,303,420,364,303,310,405,326,401,296,395,320,368,304,294,399,362,304,332,384,364,304,426,372,344,305,303,413,359,361,300,388,366,345,311,376,344,298,305,394,358,300,311,393,366,297,311,381,316,290,396,321,289,403,331,296,390,318,298,445,321,368,315,295,276,305,297,409,336,313,441,367,369,293,369,314,303,318,376,357,291,323,392,355,315,323,284,379,350,304,338,311,390,343,294,322,398,318,299,395,323,298,413,359,309
302,328,393,302,305,424,461,409,359,452,391,288,304,406,348,456,399,294,271,415,311,408,489,428,300,275,387,353,301,312,376,326,298,401,333,311,429,356,452,411,388,311,378,372,309,397,372,302,406,353,345,348,450,415,346,327,440,419,355,307,272,399,312,474,433,394,305,304,310,399,290,288,322,332,307,428,318,288,428,325,302,455,343,370,310,304,404,320,298,435,366,366,303,369,350,309,384,353,292,402,366,306,380,354,307,390,367,314,413,346,341,298,286,394,308,281,412,323,296,397,315,305,410,324,311,435,322,354,304,297,405,316,310,430,376,308,410,362,356,316,381,340,425,458,380,382,426,376,474,417,364,435,371,450,419,357,304,367,348,303,321,297,395,365,294,415,367,311,401,346,347,296,307,290,389,364,304,420,379,315,390,370,310,406,299,373,359,302,307,386,319,264,325,322,416,372,470,400,288,284,389,366,320,433,368,300,377,363,312,308,400,365,307,322,299,418,362,352,310,315,305,401,309,381,392,303,414,349,313,389,360,305,294,293,381,351,302,330,390,308,299,426,371,309,400,363,342,301,408,313,396,358,338,303,284,378,352,311,292,378,321,307,409,322,300,447,329,390,379,362,302,394,375,311,400,345,348,296,294,401,368,306,387,371,302,399,353,343,293,310,296,381,356,298,326,399,358,303,327,305,386,359,298,327,307,392,335,297,336,410,349,305,317,405,374,360,308,397,356,351,319,363,357,301,304,394,313,256,293,329,323,429,367,292,331,388,310,304,412,360,306,310,406,315,390,303,391,305,389,314,291,408,357,289,323,399,369,304,422,384,325,304,302,402,372,356,305,385,370,362,300,375,340,297,321,393,349,312,304,400,344,295,298,372,308,295,393,313,284,407,328,288,409,325,298,455,318,355,308,280,274,310,291,399,327,316,437,364,363,285,375,310,319,308,390,351,299,325,404,355,307,325,302,379,350,291,343,305,392,338,292,327,397,318,298,401,314,303,407,367,298
297,325,388,316,309,432,436,412,367,462,398,278,314,408,355,470,408,287,276,406,323,416,495,423,291,293,397,351,298,299,372,318,292,412,314,301,415,353,447,409,378,310,400,357,300,385,365,308,405,362,360,333,467,407,356,333,439,408,358,298,286,395,298,479,427,390,303,307,311,387,319,281,315,339,319,429,316,292,424,315,305,447,330,371,329,299,398,305,301,434,360,357,300,379,361,302,396,369,310,392,367,308,395,363,297,383,359,309,395,353,330,306,293,381,330,296,402,320,301,394,327,303,403,315,291,442,331,360,299,306,398,310,278,409,376,290,408,355,356,304,393,344,424,468,356,362,428,380,459,417,390,458,381,451,420,362,297,374,345,300,333,288,388,368,299,411,367,309,407,351,344,299,304,304,394,366,295,403,379,315,387,369,304,406,309,374,373,295,296,390,294,277,324,322,439,362,461,380,306,282,384,371,311,431,372,289,399,344,298,317,401,347,307,319,297,408,361,333,311,320,308,405,326,378,393,319,393,380,306,391,350,298,311,291,384,338,309,326,396,317,312,435,369,296,402,355,338,312,415,304,382,342,338,304,302,378,351,301,288,377,320,292,415,315,300,448,329,397,362,352,307,390,349,316,389,345,343,303,303,396,364,309,391,355,295,393,360,343,311,303,295,395,371,291,317,389,348,301,348,317,388,350,302,341,319,392,344,308,330,419,350,317,314,416,379,364,301,378,366,347,306,382,351,293,304,394,308,271,285,321,337,426,376,297,316,397,324,299,411,368,303,303,423,329,399,306,394,328,373,319,296,405,370,299,329,395,375,309,422,367,350,299,296,410,357,359,313,385,371,351,304,379,342,295,299,403,370,300,316,387,360,290,291,366,313,303,411,319,302,400,326,296,399,326,300,444,311,369,312,297,281,301,296,388,325,314,418,378,359,281,371,332,311,312,387,344,303,327,394,354,309,325,291,385,353,293,349,308,388,362,307,325,396,319,294,406,324,298,401,355,300
299,326,383,314,311,420,452,407,375,469,382,277,315,414,353,444,386,293,288,401,308,408,506,432,282,303,386,349,306,299,383,320,303,402,322,307,428,356,459,412,382,299,380,356,307,392,362,301,396,370,344,354,457,420,349,341,446,415,356,317,279,397,304,480,432,385,306,303,307,391,302,287,309,330,310,426,312,290,423,320,283,461,327,370,306,298,407,319,293,441,379,358,302,373,373,309,402,350,313,392,365,295,394,370,288,388,364,292,398,337,347,296,294,376,314,292,404,318,281,399,322,291,408,330,299,453,318,364,318,290,403,316,306,420,368,302,403,378,361,302,379,337,434,457,386,367,423,375,465,411,362,441,377,457,418,360,302,362,350,295,314,302,384,352,310,410,371,303,401,349,332,303,304,307,389,378,309,415,366,310,398,372,307,417,316,372,361,307,305,379,315,267,314,341,422,362,467,402,294,284,390,348,309,442,372,306,370,354,303,319,403,357,295,323,286,408,376,341,298,314,304,406,320,388,383,299,402,360,315,387,347,276,303,281,372,333,284,324,396,315,302,426,369,300,408,367,351,315,395,325,396,352,342,302,299,378,351,306,303,398,301,293,395,323,291,457,324,393,386,366,318,376,367,293,410,366,349,305,294,397,362,311,388,351,309,391,359,332,305,319,305,385,366,300,319,391,354,302,348,309,386,351,301,340,316,375,350,308,337,414,351,303,311,414,375,362,305,388,364,353,301,380,349,308,306,393,312,270,295,313,320,428,371,291,319,394,307,290,402,363,297,312,404,325,403,306,390,302,368,315,294,402,351,301,328,394,363,318,422,383,344,316,308,421,369,351,302,386,363,361,310,378,353,298,322,395,350,295,319,383,348,307,295,374,323,290,390,328,295,417,315,288,412,330,305,441,322,361,307,287,272,303,298,394,332,316,422,384,364,292,375,306,311,305,390,347,293,333,400,356,308,329,296,382,349,307,334,306,394,336,288,323,400,322,300,413,322,311,405,362,306
288,334,387,305,315,416,444,416,371,468,403,274,315,414,345,457,386,291,276,401,329,417,503,404,294,288,387,352,298,300,378,336,292,409,316,300,424,351,466,418,392,308,369,377,305,403,371,294,393,371,361,348,460,417,353,341,439,427,363,312,279,396,294,479,417,389,309,298,305,378,297,281,323,332,319,422,316,312,422,320,286,447,320,369,317,298,397,326,308,430,367,363,322,387,368,304,384,352,297,388,364,303,399,362,306,391,375,314,403,353,350,299,284,383,316,306,412,322,297,406,323,298,395,315,292,442,317,362,305,294,396,319,299,429,368,302,399,359,363,302,378,334,422,449,393,364,427,387,466,407,370,446,374,445,418,357,305,375,350,282,320,291,396,362,298,426,375,317,399,358,349,306,312,291,391,370,316,415,363,313,404,354,298,414,297,376,369,294,307,383,314,260,333,323,439,372,450,386,294,301,386,365,305,441,379,301,377,347,298,312,389,347,308,325,300,416,357,354,302,312,283,412,321,387,377,310,380,369,301,391,357,310,305,296,382,347,302,339,400,322,305,417,381,302,421,365,342,299,402,319,392,353,353,298,301,396,348,295,291,367,328,281,398,328,307,435,325,398,375,355,308,383,358,303,393,347,340,302,295,402,369,312,390,349,312,386,353,334,294,319,298,403,349,293,328,390,347,301,354,312,400,352,295,344,300,391,344,296,329,407,343,297,312,417,373,363,303,377,357,366,298,375,348,299,301,398,293,271,287,327,326,429,371,300,314,395,307,310,416,350,298,295,408,324,398,315,393,319,368,314,288,407,360,310,325,404,369,306,429,365,345,302,299,408,366,367,308,396,357,372,309,376,368,317,309,404,357,285,322,380,351,304,305,376,312,289,396,328,294,394,323,282,397,334,303,448,319,349,305,286,274,295,300,396,324,307,434,372,374,294,360,307,302,317,384,348,304,332,404,353,304,316,292,382,345,301,341,316,380,339,295,323,379,327,289,405,341,307,419,354,293
303,331,388,318,308,436,454,406,359,468,406,285,306,427,354,451,402,291,282,411,328,406,499,414,299,291,393,349,304,300,374,322,302,406,312,291,424,355,461,407,384,320,385,375,307,381,359,308,404,369,353,342,444,410,351,339,442,417,367,299,294,391,302,481,410,388,309,299,313,396,306,277,318,330,313,421,322,293,434,314,302,463,320,368,320,314,403,315,305,424,365,363,306,365,365,306,398,368,313,381,370,299,393,362,294,382,365,313,400,357,344,302,294,377,298,283,402,315,290,403,332,304,394,332,298,444,321,364,302,298,384,321,292,424,376,314,404,353,346,305,393,342,416,461,373,368,432,385,456,420,356,448,390,458,415,358,295,364,339,307,314,292,390,375,312,413,379,303,404,365,352,297,318,301,383,378,302,401,356,310,388,377,303,410,317,384,375,298,300,379,292,272,323,332,422,364,467,395,302,289,389,365,324,425,360,309,373,348,290,308,395,353,310,320,304,411,360,345,307,312,289,414,317,385,387,306,395,362,295,383,361,294,313,291,378,348,305,337,388,318,307,425,366,306,402,364,346,315,410,304,391,357,349,307,300,391,367,296,304,373,314,289,402,319,302,441,330,385,370,360,313,382,376,301,396,353,349,305,297,395,371,309,387,362,311,398,345,350,307,314,294,379,361,303,324,398,341,305,338,307,383,359,284,335,304,368,357,292,341,419,346,303,303,402,358,359,286,399,347,368,303,359,348,299,314,398,303,260,270,317,327,428,364,296,317,391,329,307,418,358,309,308,424,332,402,312,403,326,367,315,295,422,360,316,331,399,358,305,440,366,345,306,294,404,368,354,306,380,367,353,311,380,364,305,326,404,365,294,318,398,361,313,298,386,313,288,409,314,285,410,310,303,397,319,288,453,337,357,298,300,269,304,300,402,332,321,424,378,359,300,351,328,307,313,384,358,301,349,395,357,311,336,303,393,358,301,335,313,390,354,304,321,385,320,290,403,314,300,417,354,321
287,331,387,309,307,426,459,416,368,466,396,284,310,420,347,450,397,292,274,396,328,409,508,414,293,297,389,357,306,293,364,312,300,391,314,304,417,357,469,421,397,318,380,369,318,393,369,314,405,373,355,344,447,402,358,337,448,421,349,313,295,404,302,480,414,371,297,313,305,392,287,292,320,336,314,417,326,304,429,327,291,433,317,365,310,301,393,309,309,432,384,355,313,376,371,305,392,361,302,386,367,298,398,380,300,392,374,300,393,347,351,309,288,384,312,283,396,314,297,401,328,285,391,316,312,447,312,359,304,292,390,317,306,407,372,308,416,359,350,321,373,345,423,449,388,374,425,376,454,415,385,447,375,454,418,355,300,363,344,304,314,298,397,366,296,420,380,310,407,362,342,306,311,291,398,365,314,415,372,304,392,353,295,415,306,367,371,298,297,372,299,264,327,333,437,370,453,405,298,287,395,361,323,434,379,314,378,351,291,306,387,366,317,329,292,407,359,350,312,304,281,414,307,396,416,310,399,378,305,377,355,298,310,281,385,340,306,337,389,320,293,426,378,309,408,343,343,312,411,320,379,358,334,299,298,390,355,307,297,379,311,295,396,324,296,454,327,401,372,350,308,373,365,297,401,355,342,314,294,410,370,298,388,360,305,406,366,339,305,311,298,396,355,301,337,383,375,300,339,315,393,351,302,347,321,404,347,281,333,420,345,300,315,410,379,349,302,389,357,358,305,378,341,309,310,396,318,272,289,329,310,414,376,297,331,398,317,288,412,360,305,306,421,329,399,292,399,314,384,314,296,419,372,314,320,404,374,301,425,366,356,303,310,407,366,349,299,387,358,364,302,379,345,299,311,386,359,290,315,395,347,302,305,382,323,296,388,328,291,399,313,292,396,328,303,441,322,366,303,297,267,300,293,396,322,310,435,388,358,295,372,312,317,308,398,343,295,339,400,348,295,334,309,375,355,306,331,316,388,339,296,318,390,315,305,415,324,294,423,360,300
305,311,395,311,310,424,455,406,358,466,385,278,316,410,356,453,403,302,272,402,322,411,501,413,279,301,384,346,306,298,367,319,289,400,325,295,430,353,468,420,377,317,390,367,300,396,374,302,389,365,358,350,462,412,349,335,449,419,350,305,289,406,296,475,427,381,291,317,321,380,309,282,323,344,312,427,315,302,421,317,299,460,318,366,323,296,403,315,303,434,367,366,289,380,376,307,400,364,305,396,368,316,392,355,306,396,370,311,397,355,356,321,291,369,307,302,398,331,295,404,308,299,400,321,293,448,329,354,308,298,398,326,311,420,360,304,416,360,359,318,384,342,430,446,383,368,450,394,469,410,362,437,373,453,422,374,301,372,332,296,322,305,397,362,302,412,368,293,397,347,344,301,317,313,392,368,308,399,367,304,392,355,312,403,313,375,357,305,301,379,301,265,331,317,425,363,455,391,300,287,388,373,323,431,359,307,390,349,296,305,400,362,293,315,295,419,350,342,296,314,308,413,325,383,380,318,390,362,293,383,351,290,312,290,371,350,289,340,408,320,296,418,375,295,394,363,346,298,407,319,389,362,334,300,299,389,348,291,297,364,334,303,386,315,289,439,336,394,368,354,310,384,370,293,404,342,346,299,295,407,367,314,392,371,302,403,361,346,299,300,308,400,367,299,330,388,349,318,343,315,377,359,299,330,312,387,350,285,338,437,351,301,304,419,374,376,319,388,369,366,317,371,355,304,300,406,306,255,283,321,333,432,360,295,314,402,305,290,420,358,307,315,418,338,387,291,393,309,359,324,288,398,376,309,323,395,353,293,424,376,351,305,298,406,372,356,298,395,369,354,305,374,359,292,311,388,357,301,299,393,357,292,290,391,318,294,400,315,301,399,326,295,396,333,303,443,307,368,317,280,276,302,300,407,322,315,442,370,365,289,364,324,305,321,392,345,298,329,409,347,305,321,291,387,352,303,330,309,376,346,297,317,398,314,296,400,330,307,417,355,312
294,321,396,294,300,423,465,409,359,462,393,276,311,417,349,454,387,293,291,396,319,413,497,399,287,298,379,359,296,293,380,316,295,410,328,306,420,362,478,407,386,309,362,368,314,395,367,315,396,358,351,343,454,409,354,347,438,416,361,298,289,402,305,481,429,385,313,301,300,386,295,290,331,334,308,416,320,288,427,321,293,456,319,370,320,306,396,316,303,443,369,355,317,381,352,294,388,366,300,387,374,297,396,366,308,389,360,301,390,356,349,312,290,373,315,295,411,329,286,392,334,293,395,316,295,449,317,355,306,288,405,323,305,423,372,323,389,358,376,308,386,352,446,451,381,360,430,363,462,411,367,451,375,474,414,361,299,373,351,304,330,297,409,343,302,412,377,298,403,360,347,299,312,292,395,357,298,420,366,302,387,359,305,409,308,379,364,298,290,384,299,261,331,331,432,370,470,386,292,295,405,363,314,435,376,320,383,334,308,316,406,360,300,321,299,395,359,359,300,323,288,412,320,378,395,315,385,361,307,386,362,299,307,291,392,358,313,344,400,319,298,430,376,310,395,354,343,298,407,302,390,353,340,296,281,377,345,302,299,379,310,295,409,313,293,447,320,393,378,350,301,373,361,313,382,375,350,309,306,400,376,317,392,368,311,411,360,340,306,326,299,387,360,291,315,386,365,311,339,300,383,342,295,338,306,385,356,302,324,407,338,295,322,392,381,364,304,392,376,355,302,360,342,296,317,390,304,268,271,323,325,423,372,306,325,395,325,307,411,359,299,302,426,312,402,304,389,311,372,303,316,386,368,302,323,399,376,299,432,351,341,310,299,412,371,360,314,398,376,362,295,373,343,301,314,387,351,306,312,388,356,310,297,377,324,295,401,313,294,400,317,300,394,329,298,445,330,368,305,314,288,300,316,399,323,310,449,371,358,281,356,314,315,324,397,340,304,329,401,350,315,319,305,381,344,293,330,305,399,339,295,325,399,322,298,394,311,303,407,361,314
288,330,395,321,306,420,461,399,362,453,400,282,304,419,354,454,381,298,277,390,316,413,501,403,281,287,400,352,307,302,377,323,285,401,321,305,413,341,457,416,388,317,377,374,303,403,368,296,405,358,338,355,471,416,348,347,437,412,358,314,290,406,293,482,436,361,311,309,325,397,316,281,321,344,323,423,332,287,425,317,317,459,313,377,313,301,404,314,302,430,366,355,303,371,350,303,387,358,307,393,356,294,378,372,313,391,362,299,411,361,344,303,293,373,311,295,412,324,295,410,330,287,396,326,298,453,323,362,293,290,403,318,301,425,366,306,395,354,353,302,374,326,441,451,381,371,429,381,465,416,373,444,384,462,408,352,292,388,339,292,317,303,391,364,291,413,378,300,390,357,346,290,318,294,382,362,313,411,367,291,381,371,314,414,299,369,362,306,299,370,305,276,326,321,426,362,469,409,303,297,395,360,324,441,376,313,373,333,301,324,398,352,303,326,294,411,354,352,310,321,296,407,321,396,392,312,401,368,310,394,346,296,316,298,389,359,297,338,405,309,303,418,367,306,412,349,344,297,404,321,388,354,337,302,286,390,361,298,301,367,327,313,405,328,289,444,339,399,371,364,317,372,370,299,409,359,349,305,286,396,373,313,397,360,314,396,359,340,293,310,298,389,353,289,321,396,356,306,346,314,381,339,294,342,302,386,345,293,335,422,345,294,314,403,372,372,309,381,366,355,311,369,356,294,303,393,296,261,282,320,320,425,367,293,317,396,298,309,409,347,295,299,410,320,388,314,384,317,377,314,308,413,374,313,324,404,354,312,412,368,347,298,299,409,358,357,298,398,358,362,304,375,366,290,309,403,352,306,304,380,374,307,307,371,311,282,407,329,295,407,323,302,406,315,298,425,338,364,315,296,279,282,303,413,334,309,420,374,355,276,369,305,291,311,381,351,292,339,410,360,317,319,307,384,349,294,338,316,382,357,289,318,391,324,295,418,311,308,413,353,303
296,329,384,317,306,429,458,422,352,454,406,282,309,419,359,454,405,296,269,399,327,407,511,433,300,304,378,354,296,296,376,305,289,408,320,291,411,351,462,419,378,311,392,368,301,394,363,299,409,364,352,339,450,410,340,327,451,416,354,289,290,385,311,478,422,384,298,301,323,387,295,289,326,336,314,415,321,312,429,315,302,459,319,367,315,301,409,326,291,425,359,347,299,374,357,309,400,363,299,399,360,301,387,363,303,384,361,293,400,345,348,309,297,370,320,295,411,328,300,400,318,300,395,318,298,453,317,364,309,297,397,319,298,421,371,297,395,361,357,312,384,346,425,457,389,371,429,379,468,411,374,443,370,461,414,361,291,376,350,310,324,306,397,364,310,411,364,302,397,366,333,304,301,313,380,357,316,418,353,290,394,364,304,420,302,378,357,300,304,373,306,267,344,318,432,366,458,409,294,286,403,371,316,433,370,309,378,353,304,316,379,365,305,327,301,413,354,340,300,319,297,416,309,388,389,310,392,359,308,388,357,282,297,297,381,353,304,332,400,324,294,425,376,310,401,361,330,304,407,310,389,366,340,298,311,387,360,287,307,366,320,311,414,335,297,444,329,389,375,342,310,385,368,305,412,364,335,303,303,388,361,298,392,356,306,405,343,330,299,314,299,396,367,293,334,392,350,314,336,318,385,353,297,333,302,395,340,290,334,402,361,292,305,402,368,360,306,398,366,367,304,373,344,295,312,399,302,283,291,333,318,417,368,301,310,402,324,300,428,361,310,303,409,322,409,303,394,300,373,297,302,398,362,311,335,396,353,290,423,356,343,307,303,414,354,370,309,386,365,368,314,383,344,296,313,390,336,306,300,400,352,293,298,381,313,286,392,331,289,396,321,306,392,323,283,456,308,367,303,303,284,310,285,401,317,300,432,388,366,312,370,328,321,317,397,354,284,343,405,354,306,318,302,373,338,303,327,291,387,348,303,329,398,322,298,389,325,307,406,360,302
318,338,381,301,294,424,454,414,351,453,389,284,291,422,353,453,389,306,279,408,313,408,502,421,268,291,385,356,308,308,369,317,301,418,313,299,432,360,463,424,396,309,383,385,310,395,369,304,403,375,364,349,441,419,349,336,450,408,370,306,286,393,302,488,418,386,318,295,305,396,313,276,318,326,319,426,318,295,421,326,293,454,324,384,325,302,403,318,295,429,371,345,309,380,373,311,395,352,303,384,364,312,397,355,305,391,377,307,396,359,329,296,284,379,321,286,417,321,291,404,331,299,402,327,297,440,320,374,310,288,400,316,298,422,360,313,402,364,362,294,382,330,432,438,380,371,436,365,475,413,382,452,374,456,422,364,300,369,353,307,321,302,388,364,299,421,380,294,410,359,344,290,330,305,383,346,295,413,380,302,378,366,299,412,310,377,370,294,296,379,300,284,332,323,427,356,470,379,309,292,391,379,327,429,363,306,395,348,313,320,394,341,305,324,295,413,371,343,319,313,289,430,304,374,381,322,383,354,308,390,359,303,301,285,378,340,295,331,390,311,290,418,381,307,416,361,342,307,397,313,400,350,340,295,294,390,349,295,297,375,318,296,395,309,290,439,329,386,373,356,318,378,372,308,398,359,335,297,307,398,373,316,388,368,305,397,352,343,303,320,302,398,347,303,319,396,343,311,347,304,388,354,299,344,312,380,340,292,326,407,351,295,319,401,376,360,300,391,354,358,305,378,362,298,300,386,307,274,287,324,317,425,369,301,329,400,315,303,403,351,307,298,419,328,394,307,386,316,365,308,302,419,364,303,319,404,359,302,436,358,347,297,306,411,367,363,300,382,362,362,292,369,341,291,309,394,338,305,329,377,363,311,301,369,324,298,396,321,298,410,323,294,400,323,303,435,315,363,304,292,269,298,293,408,330,310,433,368,361,303,349,320,325,314,391,354,313,332,419,358,300,327,301,390,347,304,336,323,391,335,289,323,396,319,288,404,324,298,410,351,298
285,335,392,313,303,422,444,417,374,456,393,274,305,414,368,457,399,297,291,396,323,411,502,401,279,291,384,352,313,297,378,323,298,405,325,314,426,349,473,431,397,324,369,360,312,400,362,293,400,380,346,333,445,415,337,337,431,413,354,295,283,397,304,476,427,387,307,299,328,379,308,284,320,328,325,428,315,296,411,332,291,456,324,371,316,299,401,322,304,439,376,354,310,373,368,297,400,365,307,393,374,308,384,366,305,397,369,303,411,350,343,301,305,404,310,298,404,314,300,404,332,289,388,328,293,441,318,365,312,302,391,320,297,419,365,306,392,355,353,309,372,340,428,450,387,358,431,373,463,418,373,443,390,465,428,362,311,373,345,299,322,303,392,362,300,397,371,303,386,367,349,303,302,299,386,365,302,414,377,304,375,362,302,410,312,371,350,310,295,384,299,272,320,329,424,374,467,393,304,288,390,356,316,435,378,303,385,353,289,310,385,345,312,309,293,407,367,348,304,323,294,421,322,379,372,317,388,365,302,397,360,298,299,286,385,343,311,346,395,324,307,416,372,314,398,365,348,317,403,308,383,361,345,299,305,386,351,303,292,386,331,298,395,323,295,438,315,392,367,347,308,384,374,304,390,362,334,303,307,394,367,312,386,363,293,401,355,340,303,319,297,377,364,310,324,375,344,305,341,307,384,352,297,328,322,375,352,292,326,400,354,305,313,410,380,362,307,385,349,345,297,372,357,299,304,403,304,267,285,331,319,438,368,294,331,399,327,290,418,371,312,308,402,313,404,313,400,307,380,319,295,402,359,311,325,411,358,307,433,360,333,309,303,425,368,355,319,385,357,353,310,370,346,286,308,396,353,284,320,378,345,294,294,369,330,281,407,317,295,412,324,289,410,332,292,436,318,362,297,292,278,303,303,400,325,317,443,375,368,303,363,321,303,314,401,362,292,331,406,369,308,325,294,379,363,295,332,314,378,346,303,330,392,318,293,395,336,301,408,367,308
306,340,401,314,300,427,457,412,354,455,392,275,314,416,352,446,393,301,276,393,306,418,510,409,276,285,382,353,303,293,376,311,302,409,329,313,426,366,450,405,393,320,374,366,305,393,353,304,407,356,338,336,445,412,348,331,445,419,356,300,291,397,304,484,424,384,306,312,320,382,304,285,321,344,304,419,329,292,415,323,298,454,327,371,314,289,400,315,297,432,381,350,311,376,359,308,402,357,307,379,362,311,396,358,305,376,368,312,403,350,339,303,295,381,316,292,396,318,295,404,314,290,413,328,315,434,326,364,313,287,397,322,295,417,370,306,405,365,361,309,387,340,430,448,380,362,441,375,475,415,369,443,375,464,420,353,306,379,344,300,317,306,394,366,307,409,371,311,388,358,338,301,310,307,383,367,303,420,367,298,399,371,304,409,316,380,356,302,306,386,314,267,323,320,428,377,457,387,296,292,387,371,317,419,382,303,394,341,298,324,399,364,314,326,295,405,355,336,299,307,299,410,316,391,401,313,388,362,305,391,348,299,308,282,377,352,296,342,388,319,294,416,381,309,400,348,344,308,407,307,389,360,340,305,301,381,361,295,295,374,312,298,400,315,303,433,333,392,375,364,305,362,371,310,402,356,344,303,313,395,357,308,396,355,297,410,353,339,284,323,301,390,351,306,325,391,347,308,351,312,375,344,296,323,313,379,338,304,324,402,347,287,309,422,377,364,311,383,376,357,326,361,355,306,316,404,298,263,277,318,320,426,368,300,341,393,336,302,421,361,293,306,421,337,406,311,391,319,357,325,299,407,375,308,330,397,363,311,436,358,342,298,296,420,372,353,313,384,368,355,310,378,343,295,317,392,356,299,306,394,352,303,296,371,308,298,412,330,293,398,312,296,398,324,305,450,308,360,310,295,270,299,303,409,338,306,423,378,368,297,357,304,303,317,386,351,312,336,410,361,309,324,297,398,351,308,325,298,370,356,300,325,400,322,297,402,327,311,411,364,314
298,329,367,322,315,410,460,406,355,468,381,288,315,420,353,460,386,292,277,402,326,408,511,405,289,291,387,350,309,289,371,310,298,404,328,295,430,354,478,413,381,310,377,366,299,383,364,300,392,365,351,347,442,412,356,326,462,409,356,304,291,408,302,473,428,380,302,308,326,380,305,275,320,348,317,415,324,294,422,326,300,460,308,371,317,295,397,314,289,429,368,351,310,377,365,299,387,362,299,383,358,307,382,368,309,386,364,313,402,358,333,311,293,376,320,288,389,316,281,405,320,291,405,332,290,437,325,358,299,291,388,316,300,429,375,315,397,356,365,323,383,339,430,441,376,370,412,364,456,408,367,450,374,451,421,363,305,375,344,298,332,294,389,360,307,413,364,298,404,356,354,309,313,297,385,366,294,423,371,317,397,362,291,404,323,373,370,299,307,396,307,263,329,323,426,369,462,407,291,280,393,362,326,423,366,302,378,344,323,317,400,347,308,321,303,414,359,332,310,337,299,417,320,385,389,314,401,355,308,403,361,297,308,293,358,345,305,331,391,316,284,424,376,318,400,355,337,294,407,321,398,346,347,311,301,386,358,302,291,370,332,289,392,315,289,454,328,395,378,363,302,375,362,290,398,355,340,308,293,398,368,308,384,365,307,419,344,347,311,320,305,396,371,279,325,402,335,310,348,304,385,339,316,340,311,378,349,295,340,406,351,300,310,397,368,363,303,391,362,363,302,367,341,306,298,404,299,255,280,332,319,425,366,322,328,390,319,306,404,359,310,309,414,329,398,308,394,321,380,300,307,409,365,318,328,403,362,312,422,363,348,298,288,407,373,366,309,391,367,363,294,372,345,299,331,401,354,307,309,391,350,287,305,381,328,279,395,316,302,395,315,297,388,322,298,437,315,378,303,294,262,315,298,402,329,312,436,379,351,303,360,317,305,312,383,353,288,330,405,366,299,324,305,389,343,302,340,311,390,344,294,314,399,331,273,404,317,301,415,344,306
292,323,380,311,308,415,452,401,354,459,394,280,296,421,346,450,391,307,281,391,326,417,495,428,288,291,383,360,317,308,383,306,283,409,327,291,423,340,470,410,381,304,383,383,308,382,369,324,398,361,347,346,452,408,352,338,434,418,354,310,282,404,314,476,422,380,311,324,311,395,304,279,338,324,317,421,316,307,427,324,294,437,316,370,322,306,401,317,303,425,365,353,304,379,351,309,390,365,308,394,368,315,390,362,312,378,374,298,408,350,339,308,299,370,300,286,407,328,288,414,317,298,405,315,296,446,330,366,303,292,404,323,306,418,358,314,397,354,346,308,379,338,432,449,373,369,434,383,464,413,366,446,392,452,426,371,307,362,346,307,307,293,392,364,303,412,377,308,393,360,348,308,311,287,394,369,313,404,367,308,389,369,307,418,314,382,366,308,297,369,298,267,324,334,429,358,468,385,296,286,396,375,317,426,377,290,384,347,299,321,384,356,316,323,296,408,359,346,322,319,281,416,317,389,397,321,401,358,315,388,372,293,317,294,377,358,306,335,412,317,295,425,379,313,405,358,341,308,408,321,391,352,348,295,292,391,356,298,289,394,328,289,403,331,294,449,325,397,372,356,311,390,380,300,414,348,335,307,311,406,360,301,397,355,313,394,367,336,301,309,303,383,359,292,336,387,332,306,348,310,384,346,301,329,308,386,341,293,341,403,343,308,316,425,371,364,308,392,369,354,297,364,356,303,301,395,305,260,287,322,315,437,370,303,327,395,324,294,391,353,305,305,409,326,404,315,398,311,372,312,308,412,370,304,326,391,358,313,429,370,348,308,295,406,362,358,312,385,359,355,311,366,365,310,317,397,355,313,319,380,352,303,301,374,308,293,391,321,278,404,321,278,408,325,294,447,313,366,306,294,267,322,294,401,335,305,428,364,358,284,357,324,307,307,378,348,274,343,399,347,309,320,290,377,353,302,337,307,387,341,299,316,388,327,276,408,331,291,415,363,316
292,334,401,312,306,416,455,406,352,459,406,282,311,410,345,459,402,295,267,402,312,412,499,396,280,303,387,355,304,299,396,308,295,412,316,304,414,370,463,414,389,317,373,374,305,383,364,308,398,367,340,336,435,415,354,335,447,417,348,295,282,405,300,484,427,381,316,303,305,393,299,284,315,335,317,419,324,299,425,326,304,444,328,371,314,310,399,320,301,424,369,373,297,384,364,293,387,356,306,389,365,317,391,361,314,381,366,313,400,347,333,312,288,379,306,301,405,321,291,385,332,302,404,326,301,460,325,362,300,288,396,319,300,409,373,298,406,377,356,306,379,345,428,455,384,370,430,371,450,410,369,445,387,448,416,373,307,363,343,299,324,316,397,360,298,421,370,311,404,359,327,303,295,302,399,354,310,414,361,304,392,376,298,397,308,383,348,307,305,387,319,263,319,323,431,358,456,404,301,293,394,366,328,428,360,313,367,336,304,316,398,340,309,320,303,413,345,355,307,315,280,408,313,391,386,315,391,369,319,395,360,294,314,277,383,353,308,341,397,319,299,424,376,303,413,354,354,304,412,315,389,364,354,307,301,384,353,292,308,380,317,294,398,334,298,439,325,400,376,363,310,378,366,292,402,350,348,304,294,401,371,293,401,369,303,389,365,341,298,309,305,393,343,301,316,377,349,306,345,305,388,340,306,336,315,393,346,296,340,407,368,283,309,410,363,358,319,389,363,361,304,376,353,292,310,401,304,259,287,325,323,428,365,292,317,380,326,297,434,358,308,306,414,338,394,314,388,323,371,298,292,404,359,300,339,402,360,314,411,363,351,312,293,414,369,369,309,388,359,348,299,374,348,303,322,394,360,290,301,390,349,313,296,376,321,289,402,329,294,410,313,294,409,333,309,442,325,368,311,299,273,312,299,411,325,324,435,373,357,305,359,313,325,314,380,335,293,325,405,362,307,324,290,387,348,301,346,305,393,352,296,318,393,324,285,392,327,297,414,350,316
306,316,386,308,286,435,455,412,358,457,396,280,298,421,344,454,391,315,276,399,326,407,505,416,287,290,383,355,300,314,381,315,279,400,316,301,428,350,460,412,402,317,375,380,311,391,362,309,412,377,355,344,440,416,347,341,442,413,357,299,292,399,293,481,416,383,311,303,307,387,311,291,318,322,300,419,311,302,407,315,293,455,318,365,316,290,392,318,303,423,372,348,305,370,361,303,393,368,298,379,369,296,382,366,295,391,360,297,396,364,344,319,300,383,322,296,401,329,282,396,325,293,390,332,300,449,317,357,311,283,396,315,305,415,377,308,421,359,360,297,392,333,431,449,396,356,437,382,462,411,365,451,383,448,418,356,308,377,334,305,325,299,403,375,301,416,371,325,397,350,340,294,326,305,390,367,297,415,374,303,389,355,312,410,294,380,362,300,309,387,305,268,321,317,440,368,461,383,304,284,397,360,323,424,363,283,381,352,302,313,391,369,302,320,279,414,368,346,305,310,288,423,311,378,382,333,403,369,315,393,367,299,316,280,372,347,300,326,390,316,294,420,366,308,411,349,350,305,403,303,390,349,359,307,286,396,345,303,311,380,326,279,397,326,296,445,334,394,375,355,309,374,360,306,394,358,344,312,299,396,370,309,383,350,303,404,356,351,300,313,293,397,354,295,318,396,351,298,339,306,381,348,297,333,303,371,345,288,337,413,354,312,310,415,364,356,309,399,359,359,305,359,337,296,299,386,303,257,287,329,319,425,377,299,319,397,314,295,410,359,297,298,412,328,396,323,396,313,386,303,293,404,364,298,325,402,354,313,416,365,347,311,296,423,376,363,297,397,366,366,308,381,355,288,309,387,352,315,306,398,359,296,290,374,318,291,402,323,298,406,317,293,417,321,307,435,346,354,300,297,277,309,306,401,329,317,429,371,360,286,361,313,308,324,385,343,294,342,415,353,310,316,288,390,343,302,323,317,372,348,299,322,399,331,291,406,327,299,406,361,303
299,323,380,318,308,415,463,396,368,454,401,281,321,414,353,451,390,295,287,405,329,412,504,426,281,298,393,353,309,298,367,304,298,416,325,313,408,356,461,422,389,314,380,362,306,399,362,311,397,371,347,350,453,418,349,332,439,414,360,299,269,381,310,489,412,387,312,312,315,388,321,281,331,342,320,427,309,296,423,325,304,453,328,379,319,301,396,305,304,432,385,357,300,373,366,306,399,359,312,385,356,307,392,350,304,395,362,312,394,346,334,306,290,382,302,293,402,317,292,402,323,298,409,314,298,453,319,361,308,283,393,328,305,424,380,309,409,363,359,301,371,354,431,445,375,371,429,371,477,399,349,450,389,443,411,358,296,360,343,290,321,298,395,373,303,415,370,308,394,359,336,307,314,298,384,354,314,414,377,303,383,376,305,422,310,373,373,294,307,394,298,285,330,320,433,365,455,394,293,297,386,363,321,428,377,303,371,352,305,311,392,350,298,324,296,399,356,344,325,322,299,411,325,394,394,314,396,367,297,400,360,291,308,293,378,350,299,336,399,311,294,425,369,314,423,342,335,311,412,317,391,353,341,327,297,398,359,308,298,380,318,305,400,317,305,457,319,389,389,362,310,371,355,305,403,359,347,317,309,404,372,306,395,349,305,404,363,345,307,306,295,393,349,293,330,389,341,292,349,309,376,350,302,342,314,387,354,293,342,419,354,308,322,411,371,363,310,385,369,363,308,367,348,295,308,400,294,262,286,322,315,419,356,298,323,396,317,296,416,357,314,317,416,322,406,312,389,321,373,318,292,406,368,308,329,410,363,309,426,361,338,299,300,407,354,362,305,402,370,358,317,385,346,305,309,394,354,303,305,383,367,302,289,377,305,293,400,318,293,410,319,287,389,317,297,441,313,363,297,288,276,298,302,400,322,315,438,385,360,284,358,327,306,310,388,355,294,334,413,351,305,327,298,398,348,299,328,303,394,352,296,321,389,318,290,406,326,296,423,368,303
295,331,402,313,305,418,468,402,362,463,396,290,303,423,368,448,405,296,276,393,330,409,504,410,295,286,390,353,300,300,387,323,284,408,311,297,424,345,462,419,393,310,380,367,309,404,359,319,400,364,347,340,446,408,356,341,441,412,355,306,294,405,297,486,420,388,310,309,312,391,297,281,324,331,318,419,324,296,428,313,295,435,336,380,297,301,399,322,291,431,375,368,306,377,355,309,400,374,306,375,367,314,385,361,305,392,361,302,402,356,344,302,292,376,321,298,400,332,302,402,322,282,410,318,295,435,323,347,303,291,400,322,304,422,366,304,396,357,351,300,379,352,424,453,386,369,435,378,457,416,369,440,384,459,419,359,311,369,340,310,310,303,402,370,306,408,367,306,417,363,337,301,304,307,398,373,307,415,372,317,384,363,294,416,318,374,370,299,299,381,308,282,326,322,433,359,455,389,304,299,406,369,325,418,366,299,384,343,300,309,379,362,317,313,303,409,359,346,310,318,281,409,330,382,389,320,382,356,304,377,361,296,312,282,370,368,306,335,390,310,305,424,369,309,405,371,348,317,410,322,394,364,340,303,296,381,350,292,294,379,308,291,394,319,308,448,333,401,365,357,313,389,360,314,400,361,346,291,301,386,356,306,392,366,300,400,355,338,292,311,304,386,364,296,327,397,349,313,338,297,395,345,293,334,316,382,351,285,341,418,352,302,326,407,370,363,311,402,357,359,315,380,349,302,303,393,308,275,291,329,309,424,375,305,326,404,318,302,413,340,304,297,413,341,401,306,398,318,364,311,302,414,354,310,317,404,362,311,431,367,340,296,305,419,368,371,295,393,363,360,319,373,352,302,315,389,358,294,312,385,357,304,273,384,319,293,397,319,287,413,321,295,397,323,305,444,325,371,309,293,275,294,319,410,334,313,417,363,362,290,360,304,306,319,392,342,294,339,420,370,300,318,294,388,354,293,338,309,392,343,297,317,397,318,297,405,329,303,404,360,307
316,326,386,322,302,415,462,411,362,451,404,282,298,418,350,448,383,307,278,397,317,400,512,411,289,296,388,366,310,298,371,323,282,402,321,301,413,360,460,409,367,318,373,360,319,385,363,300,404,380,354,335,452,412,342,327,445,414,365,292,288,388,298,478,426,376,305,320,319,382,308,283,332,337,321,439,331,302,417,319,292,445,334,372,316,294,403,313,304,435,360,363,302,376,371,299,393,362,296,399,361,300,389,366,310,406,365,307,399,346,347,295,285,387,315,296,396,328,288,403,314,305,393,315,294,438,326,367,313,300,401,329,300,429,369,315,407,356,360,314,389,350,435,460,378,366,414,385,454,416,374,437,399,450,410,351,312,378,335,316,331,293,392,368,309,400,377,306,396,352,347,299,312,300,391,364,298,412,375,314,396,365,298,399,309,379,359,293,306,375,301,280,329,323,433,352,461,404,309,296,387,367,312,435,379,308,380,356,310,306,395,357,310,326,297,392,365,350,300,327,287,414,321,388,388,323,389,367,298,398,358,302,310,289,373,353,303,332,396,311,301,433,380,318,404,350,351,311,409,329,391,355,336,299,311,397,362,312,308,378,319,292,405,327,299,435,331,396,367,358,313,394,355,322,381,355,355,291,288,397,365,307,389,362,310,404,347,358,300,313,294,388,364,301,315,393,346,303,335,319,392,340,291,345,313,383,346,299,333,403,359,299,310,409,381,359,308,374,357,346,310,372,352,298,312,395,308,266,288,322,327,438,365,317,317,383,324,297,407,363,311,297,409,333,411,304,396,308,366,316,291,399,360,293,329,401,361,301,426,367,349,290,295,412,367,360,307,400,366,357,308,378,355,302,314,394,356,289,299,371,360,302,311,378,313,295,403,324,289,387,318,291,401,330,301,460,324,355,294,298,271,316,313,410,321,305,436,362,357,294,360,298,317,308,383,341,294,329,409,360,304,323,288,381,356,303,335,307,389,350,296,313,404,319,301,392,318,308,416,360,300
303,327,385,313,303,406,464,417,357,462,395,287,306,407,360,461,385,293,297,399,332,416,496,414,287,294,392,344,302,298,387,322,280,396,325,300,423,352,455,415,391,315,372,364,314,393,364,301,411,376,356,349,446,406,355,329,453,413,334,297,299,395,300,485,421,369,319,308,312,404,291,271,338,328,309,420,327,307,426,333,304,462,319,371,315,300,404,315,301,437,379,377,309,368,366,303,381,376,305,397,358,317,388,364,312,407,370,299,418,347,338,297,298,387,312,291,409,315,292,414,324,305,392,318,292,436,315,364,315,292,406,304,288,421,358,318,412,354,368,314,390,333,437,458,378,369,438,388,461,436,374,445,383,448,411,351,307,370,341,310,316,303,397,357,296,400,373,296,408,349,335,305,313,305,390,368,303,422,363,297,385,348,309,405,303,385,365,294,308,378,296,275,331,315,431,365,464,408,295,293,381,360,310,435,382,309,383,340,305,310,403,350,304,322,283,403,362,344,309,310,284,416,315,383,395,315,391,363,304,400,351,306,307,285,385,351,310,341,380,319,291,421,375,303,398,350,346,311,402,300,397,340,339,307,295,390,360,299,293,362,317,284,404,316,303,435,325,396,369,365,310,392,361,299,390,365,351,303,290,411,361,310,392,368,302,400,360,346,297,310,307,397,358,296,320,386,353,306,348,303,375,344,297,342,312,377,354,291,336,412,354,303,316,413,364,355,306,386,356,363,318,376,357,304,300,395,305,261,278,323,326,436,367,322,326,402,330,310,409,355,301,307,423,346,390,328,399,325,381,311,307,421,361,308,324,391,365,313,421,363,342,306,302,419,370,361,306,391,359,349,307,376,346,291,308,392,356,294,321,388,359,306,288,376,320,307,408,321,312,400,333,284,402,326,288,434,318,365,311,283,273,305,295,401,336,327,448,373,360,307,354,323,314,330,393,347,293,323,409,365,305,315,301,375,354,301,342,307,396,340,299,316,388,316,277,407,322,308,416,348,307
293,338,393,317,313,417,448,416,361,464,393,289,298,412,353,463,387,297,292,395,318,420,500,423,283,300,395,356,306,291,378,311,283,408,321,306,423,349,466,407,388,318,387,378,314,388,356,311,410,366,354,350,449,402,345,343,446,410,350,302,295,395,310,487,430,388,303,306,306,390,306,278,320,330,322,416,320,294,423,309,292,442,332,361,316,288,405,330,280,426,369,355,303,385,382,293,386,365,306,393,360,296,381,376,302,375,353,311,408,356,346,309,306,382,314,289,395,326,297,389,326,298,401,314,307,443,296,347,291,284,393,321,299,421,359,296,399,360,355,309,388,346,430,466,388,364,428,376,453,407,368,442,374,454,416,377,311,371,330,299,317,303,391,371,300,423,374,306,399,357,347,295,310,305,385,351,296,407,369,308,386,364,303,417,309,368,361,306,305,388,293,273,334,312,433,369,469,412,291,285,392,368,320,437,369,304,386,337,310,310,391,359,298,315,316,399,358,339,319,318,298,413,328,385,378,312,396,369,304,391,350,305,299,283,377,350,306,338,392,316,298,419,378,306,408,349,357,303,402,312,389,355,326,289,293,402,357,309,289,376,303,297,404,298,314,439,331,390,369,363,316,390,372,301,396,354,356,303,308,398,364,321,395,359,306,392,332,356,301,310,299,388,347,299,338,394,361,311,336,310,388,339,298,339,310,381,362,297,326,414,362,307,311,409,372,360,297,391,370,361,305,378,346,307,306,404,297,267,295,328,321,426,359,294,317,389,319,299,417,356,286,305,420,336,401,304,391,313,371,313,298,398,375,289,333,404,365,296,424,364,352,305,298,414,366,363,303,377,364,368,309,367,354,301,316,394,361,307,301,386,356,291,312,389,328,293,408,328,289,392,338,296,409,317,298,438,330,351,316,288,282,293,298,395,324,297,444,380,357,291,361,310,313,335,398,350,287,333,396,358,301,327,301,392,343,305,345,320,381,356,299,316,403,317,291,411,314,299,405,353,304
292,316,382,318,316,416,467,409,366,458,399,279,314,403,362,447,411,299,274,406,321,417,507,418,280,295,389,358,299,301,379,315,294,385,331,295,419,346,469,419,382,314,378,371,311,393,355,316,399,351,350,345,447,404,349,338,450,412,359,296,283,396,314,481,424,390,307,294,306,399,300,274,321,341,309,423,338,304,424,317,309,458,320,370,313,293,395,317,316,428,372,353,305,381,361,308,391,364,300,393,367,305,391,374,302,392,382,299,406,339,356,291,285,364,316,297,398,324,290,401,320,287,411,313,304,446,320,359,315,290,404,313,311,417,360,296,406,366,353,307,383,343,421,444,375,372,437,379,467,418,371,444,378,442,408,366,290,362,353,300,312,297,376,357,302,416,372,308,407,351,348,307,306,297,386,370,313,424,372,301,395,356,312,411,316,378,369,293,297,383,300,266,329,324,433,378,463,398,304,294,390,362,325,442,374,306,380,345,306,322,394,365,317,326,298,404,366,339,309,294,296,410,316,380,388,308,395,369,296,386,356,302,311,299,379,355,306,340,390,323,310,425,359,298,410,352,332,300,399,321,398,358,342,302,307,394,357,298,305,372,320,295,395,324,289,447,330,395,363,352,317,388,361,301,398,359,350,305,290,397,360,293,387,366,307,418,357,350,303,317,298,388,342,306,342,393,365,304,348,315,378,354,298,329,314,389,347,292,342,418,349,298,319,418,376,367,298,389,361,357,313,372,339,292,301,396,290,257,295,320,324,418,364,304,316,386,305,298,413,363,309,301,411,322,405,302,395,316,383,319,294,406,358,298,329,393,372,326,434,380,345,299,309,428,380,349,311,404,365,358,303,369,350,297,310,394,349,302,309,379,355,304,289,374,313,301,403,335,286,412,329,298,398,315,300,449,325,369,298,289,271,308,296,401,322,323,444,378,359,306,357,308,308,316,394,345,298,335,389,351,310,321,302,384,350,302,332,320,380,342,308,323,393,322,292,401,314,288,412,355,309
294,332,389,322,311,435,456,416,360,463,396,275,294,423,345,472,393,310,282,395,322,413,497,416,283,300,382,357,307,306,375,297,290,400,323,298,431,353,472,411,394,323,374,380,302,396,365,298,393,366,341,363,444,414,357,322,440,408,351,303,292,384,289,484,420,384,301,306,321,390,319,278,325,330,311,427,335,301,422,321,301,461,322,373,324,300,407,321,293,426,371,359,308,382,368,305,376,368,315,401,353,303,394,365,303,385,351,316,400,361,334,305,279,378,310,296,391,326,299,404,326,273,397,328,289,441,316,359,308,284,394,324,297,413,375,309,401,357,353,299,380,347,423,451,377,387,427,375,460,401,379,438,390,452,421,367,289,368,335,315,331,316,403,367,311,425,373,308,395,358,348,305,327,304,389,352,302,432,372,300,395,358,308,400,310,382,365,303,299,386,308,261,322,318,421,364,467,395,308,280,386,376,319,435,362,303,391,339,308,311,390,358,294,320,294,420,358,332,320,310,301,412,331,392,383,322,393,360,307,398,354,299,316,292,382,350,309,352,391,311,312,426,369,305,402,352,348,311,411,319,399,348,339,309,305,387,358,310,292,389,300,299,405,325,301,437,336,393,365,362,306,377,363,302,392,349,347,300,301,404,373,303,399,351,310,397,364,357,300,316,295,392,362,297,313,385,362,309,333,312,382,349,300,338,311,384,352,289,334,400,362,296,322,404,374,363,312,381,358,362,303,379,363,298,299,403,308,274,291,330,323,424,374,305,318,399,326,310,416,357,323,295,420,322,409,305,396,315,374,308,292,415,379,305,335,409,369,309,436,358,340,304,293,413,367,360,304,387,366,359,308,374,345,285,319,392,350,303,304,372,352,307,301,382,333,283,412,320,302,404,319,294,407,327,304,441,317,355,311,288,285,307,297,404,324,320,439,368,365,294,359,326,308,320,378,363,292,333,405,353,310,323,293,372,345,299,353,303,384,349,304,327,395,311,297,402,332,294,405,351,309
310,322,388,301,297,418,455,415,358,463,398,280,307,407,341,451,401,300,281,398,324,421,492,434,286,294,390,353,293,304,386,322,293,395,318,306,435,350,454,411,389,308,374,378,323,389,370,304,395,356,356,349,463,417,350,335,447,413,353,292,296,392,301,478,429,379,311,286,318,393,310,274,333,333,313,444,323,298,427,315,294,451,314,370,318,304,382,330,302,431,376,358,305,387,367,310,392,362,309,388,342,314,382,367,309,378,372,302,394,363,338,309,293,381,311,292,416,331,293,395,319,290,395,318,296,447,328,355,299,299,403,321,319,423,369,299,404,360,341,301,389,325,423,465,379,371,424,383,452,413,369,443,384,465,415,368,305,360,347,300,298,290,395,360,301,413,364,297,389,363,339,312,299,314,391,362,298,420,374,303,389,369,299,394,305,382,362,312,301,375,306,262,347,331,434,361,462,397,302,303,383,368,308,439,374,300,382,344,299,309,374,353,307,328,307,423,373,342,312,320,295,417,307,391,397,317,380,364,301,397,356,297,316,284,387,352,309,334,410,326,299,425,368,296,405,361,345,306,418,333,404,362,346,309,286,380,353,309,295,377,313,300,405,319,296,443,323,384,370,356,317,379,365,293,404,364,346,305,303,385,369,313,397,362,297,396,358,341,299,310,301,385,360,289,330,386,354,303,339,316,381,343,287,344,318,386,347,298,328,413,341,298,313,404,383,366,310,388,371,357,296,379,349,296,308,400,306,262,285,311,322,418,373,304,322,392,325,290,412,359,307,305,396,323,397,303,406,318,383,305,297,395,359,299,332,393,360,311,418,358,343,294,298,407,374,365,311,393,357,358,309,380,359,306,320,401,348,309,316,383,348,317,299,371,327,282,394,328,292,396,328,294,411,315,301,445,314,351,295,294,275,295,295,399,323,310,437,387,350,303,365,309,307,326,397,355,292,337,397,351,287,328,300,380,349,294,334,303,392,351,296,326,394,329,289,404,321,303,404,350,312
306,341,392,306,298,418,466,405,344,461,408,301,312,409,346,451,394,307,278,406,327,399,505,419,285,285,395,358,302,295,384,324,294,402,317,308,420,360,465,413,387,316,376,376,306,387,368,304,391,373,355,348,441,417,352,322,438,418,348,303,290,393,283,491,436,374,309,304,302,393,312,278,316,334,320,422,327,299,435,314,299,454,311,373,321,291,391,317,296,434,371,354,313,362,356,297,383,350,307,392,369,302,399,368,302,385,363,310,406,371,345,300,297,384,324,292,410,328,304,407,334,302,390,309,304,451,321,369,311,293,403,318,304,430,382,317,395,363,361,321,387,348,438,455,376,359,424,393,469,404,362,437,385,464,428,350,303,374,348,306,314,309,393,361,304,418,366,312,412,356,336,295,306,309,392,370,308,424,364,308,394,365,310,408,309,377,362,304,304,374,313,260,326,322,432,372,459,388,299,291,369,356,332,433,366,292,370,367,306,300,396,362,308,317,292,412,358,343,309,323,293,422,329,391,379,314,390,362,302,394,364,304,315,272,373,354,311,330,402,318,293,424,363,322,405,357,345,307,412,320,393,340,335,304,293,385,352,288,296,372,312,298,406,311,308,432,332,391,390,375,308,380,355,298,418,360,341,311,293,396,359,310,387,356,312,407,354,342,302,313,303,389,360,297,313,386,351,302,343,310,380,339,286,339,311,386,352,295,332,407,345,290,317,402,371,349,284,376,358,359,287,375,336,309,291,398,309,277,289,331,336,438,377,290,319,390,317,303,402,364,294,289,406,316,402,301,402,316,383,297,303,411,358,319,322,417,367,303,423,359,347,306,298,427,376,353,299,378,361,359,309,367,332,305,306,403,340,303,326,395,355,300,309,376,324,288,409,330,296,391,322,294,408,319,291,428,316,349,306,300,279,304,293,401,325,319,424,371,360,292,363,315,313,316,389,351,299,329,413,355,303,320,302,371,347,301,334,320,376,343,299,322,386,317,290,408,333,290,416,365,313
301,325,396,315,294,421,453,406,353,461,389,275,293,410,354,461,406,289,276,393,315,412,494,424,286,295,388,354,311,287,376,308,294,398,325,310,420,350,456,419,384,315,381,373,306,399,373,299,406,362,353,338,456,413,345,330,452,422,344,299,287,405,290,475,430,388,305,312,311,386,293,287,329,337,318,427,325,299,437,327,297,447,309,366,303,304,406,308,306,432,380,360,309,366,376,314,385,368,312,369,366,303,396,359,305,386,357,302,396,367,339,288,282,398,308,290,389,331,302,393,318,283,400,329,291,439,319,360,297,300,397,317,305,416,379,309,408,351,365,310,383,325,415,451,392,367,423,377,460,424,358,445,381,448,424,344,304,366,348,300,315,313,379,359,301,432,381,306,401,353,347,297,311,300,386,368,310,411,364,298,395,357,311,406,322,376,365,301,288,383,312,256,329,323,427,372,460,388,302,299,395,365,307,441,372,302,371,352,307,314,389,356,311,326,293,410,364,340,312,308,296,419,297,380,382,311,387,364,317,399,364,298,313,286,380,349,305,343,400,312,299,421,372,312,401,351,347,305,399,308,373,362,331,299,292,388,353,292,289,369,321,295,411,327,293,440,327,396,360,366,301,378,362,294,399,361,349,313,282,392,367,305,390,370,305,395,341,343,304,317,290,375,355,301,314,390,345,309,340,310,382,350,288,332,298,390,337,303,338,399,362,302,312,409,369,373,311,375,357,358,306,378,338,297,309,396,306,261,292,324,322,429,362,299,317,395,321,313,415,363,300,305,416,330,395,310,396,314,379,319,307,406,355,300,337,391,367,291,436,361,342,299,304,417,368,362,305,388,352,354,302,372,345,307,320,396,362,305,307,381,351,285,307,370,327,300,403,317,283,399,321,292,397,309,296,441,317,349,295,287,280,295,300,398,312,314,429,378,358,299,357,293,309,326,390,351,306,326,401,361,297,325,294,388,349,304,341,310,381,352,294,322,389,316,295,396,324,294,413,341,299
296,309,381,312,301,423,442,413,357,457,395,275,303,423,363,465,406,302,286,403,327,405,503,417,285,290,384,359,290,299,371,331,289,398,307,310,423,351,463,422,385,310,381,367,314,397,370,305,390,364,351,340,457,412,350,342,450,421,360,300,288,405,311,478,430,386,299,310,315,384,309,282,329,345,323,417,320,303,435,323,296,455,323,370,317,302,407,312,299,433,370,359,299,386,384,297,394,361,298,391,366,297,389,356,303,391,366,313,385,361,333,289,297,379,318,281,398,319,304,402,330,298,400,320,313,452,321,362,304,292,396,301,300,416,375,314,402,363,349,312,383,343,432,457,391,372,430,387,456,417,367,430,379,453,422,359,305,377,337,294,320,304,399,361,308,423,368,306,403,361,335,318,319,292,370,362,313,405,368,312,381,353,297,399,311,380,355,301,294,382,310,248,330,317,428,378,474,387,304,285,396,365,326,439,366,299,371,347,299,312,393,358,307,333,290,410,353,341,293,323,290,410,316,375,393,321,402,353,299,374,357,301,307,278,383,355,306,325,384,322,295,419,369,303,403,356,338,310,415,327,388,355,338,302,300,392,344,296,310,379,321,282,394,334,296,438,339,388,372,368,307,382,349,305,399,358,342,310,298,398,367,313,396,347,301,401,355,348,295,320,297,382,358,294,329,378,344,304,336,300,380,354,292,338,304,387,357,292,319,407,341,301,307,395,383,348,301,388,355,366,311,373,345,292,297,399,308,277,292,320,332,426,364,288,313,392,306,304,400,359,312,299,405,324,410,308,392,314,381,311,305,412,355,296,322,397,362,292,425,361,351,296,300,410,366,357,314,396,360,359,302,370,343,292,317,387,350,291,319,384,345,308,299,365,323,297,398,318,288,394,319,293,407,322,299,442,319,352,295,297,260,312,306,406,317,326,420,374,366,287,356,318,315,304,387,340,303,324,404,354,309,307,300,388,358,297,347,311,390,354,291,323,395,314,304,400,325,308,404,373,308
301,340,386,315,308,420,454,408,345,454,399,269,303,425,349,460,389,289,278,405,329,414,514,408,284,296,386,347,307,310,388,310,296,406,320,303,417,355,460,412,392,298,375,371,304,414,360,303,393,368,354,336,448,406,356,330,444,419,350,303,285,405,297,479,437,388,311,309,319,384,316,279,319,316,301,412,333,310,421,315,302,450,334,371,318,304,402,302,312,432,387,358,294,368,357,303,394,367,301,377,370,293,386,372,309,398,369,310,394,348,341,301,289,390,305,297,395,317,297,396,324,284,406,311,293,444,310,369,307,280,395,326,301,427,360,307,406,360,364,311,387,347,427,445,370,352,426,397,457,423,369,448,383,461,413,361,300,367,349,305,312,294,401,368,305,414,371,302,410,360,351,293,315,313,389,365,298,420,377,315,380,359,310,397,315,373,367,310,299,383,296,261,320,329,431,373,458,404,309,311,391,359,299,440,363,299,364,338,302,320,386,356,309,317,289,412,345,347,306,322,288,413,326,379,382,308,395,364,298,391,355,296,311,285,388,365,297,342,402,323,292,424,372,306,394,351,349,301,414,307,401,355,334,304,295,398,343,313,293,381,311,298,411,319,285,449,330,384,378,355,302,368,367,301,403,362,327,310,308,399,364,306,400,375,313,403,359,356,300,310,296,390,356,306,330,393,357,296,355,299,381,355,303,334,310,391,349,313,336,407,368,299,311,406,369,361,302,384,361,350,314,373,348,301,297,390,304,278,297,326,332,430,365,302,313,394,315,286,413,368,307,302,429,316,405,315,402,319,376,307,312,406,366,319,342,392,361,309,432,367,355,299,299,412,364,358,303,395,369,359,308,380,349,315,322,391,347,285,315,393,365,300,305,370,316,303,396,314,301,406,320,283,406,329,308,433,315,360,298,294,275,297,296,413,309,306,438,375,369,294,350,322,313,318,392,342,307,341,410,360,298,325,305,386,345,299,338,313,380,355,296,318,389,324,284,407,318,304,417,371,309
302,349,390,309,294,421,458,411,350,469,396,285,308,421,347,460,390,303,279,406,322,415,501,409,300,291,402,371,291,303,379,328,294,401,316,312,423,349,459,406,389,311,382,369,302,391,372,312,403,368,350,350,444,416,348,334,444,411,355,290,299,403,303,490,421,378,318,313,297,388,305,288,323,355,320,429,326,302,424,312,297,449,317,373,319,299,393,326,302,436,376,358,302,387,358,295,390,366,298,391,361,291,397,368,306,399,364,314,394,354,348,292,293,378,314,290,400,323,293,407,324,298,402,325,294,441,342,357,317,291,407,317,293,426,370,309,398,374,356,295,369,335,426,460,385,373,429,379,460,409,366,444,392,443,409,365,305,370,344,300,316,294,398,370,316,411,365,304,395,348,340,303,318,301,397,363,305,421,378,304,391,355,290,403,301,367,355,294,296,393,297,266,333,325,434,362,459,395,301,290,393,367,319,431,369,301,375,346,301,314,395,358,307,316,304,415,345,351,303,317,296,423,319,381,393,318,410,362,306,384,357,306,302,296,379,352,292,338,406,319,290,428,362,297,389,351,343,303,410,318,384,354,343,302,310,378,362,287,305,374,323,293,403,325,300,438,330,397,367,362,305,391,366,312,400,355,357,311,294,399,377,309,399,359,312,406,352,335,311,322,303,389,372,307,317,385,345,300,327,309,388,344,299,338,315,377,343,293,348,402,361,317,312,414,366,358,308,391,379,349,306,367,351,295,305,388,305,253,286,326,324,436,359,296,322,400,327,297,410,354,302,297,409,326,403,306,405,318,370,301,301,409,362,295,330,403,358,307,440,360,346,300,299,417,364,357,304,388,360,352,318,368,342,296,306,392,357,286,320,382,362,298,295,383,308,289,390,325,295,406,318,290,408,320,308,441,321,365,309,292,270,302,300,395,341,308,435,374,373,287,364,312,312,323,390,344,299,327,400,353,322,325,294,395,346,299,340,309,393,348,294,313,401,329,299,405,329,309,408,354,308
295,333,382,312,300,411,446,397,360,461,388,293,309,433,348,456,395,316,284,413,327,400,497,416,294,298,396,358,306,307,380,310,293,408,314,300,427,368,460,409,386,286,372,373,314,395,360,296,410,363,358,357,452,398,347,328,437,419,355,306,289,414,303,480,436,379,306,309,318,392,309,274,331,326,314,426,319,305,435,321,291,455,328,375,314,305,404,321,302,445,381,357,299,376,365,302,391,365,304,400,369,300,399,371,305,389,358,310,419,362,345,314,296,378,301,299,396,316,292,400,318,306,414,321,302,435,339,370,301,291,394,318,309,422,366,323,404,361,368,318,389,345,427,449,387,378,416,380,467,425,362,456,371,457,412,366,310,363,348,294,333,283,388,371,301,411,369,305,395,361,332,308,318,299,393,359,297,424,372,309,383,352,298,407,309,377,360,304,305,385,303,280,326,331,431,363,467,394,301,296,378,357,323,440,374,310,397,344,302,317,389,365,309,312,308,419,360,344,310,301,291,415,323,367,391,310,389,365,298,390,356,291,304,289,375,350,306,343,397,322,304,417,356,306,409,352,351,317,400,315,409,363,340,311,304,384,346,314,293,378,314,283,398,329,302,438,336,393,378,365,307,381,358,304,407,349,357,303,297,408,363,303,407,369,309,394,356,337,289,316,297,382,373,293,325,396,335,309,345,302,392,338,296,339,300,381,355,303,326,405,370,294,313,404,369,350,323,394,371,345,296,378,348,298,303,400,311,249,274,311,312,424,356,302,333,407,322,305,415,352,306,304,423,325,393,305,399,322,369,302,298,400,364,311,335,414,362,303,424,352,346,302,305,408,384,367,299,392,360,352,304,373,339,304,318,392,350,300,317,392,358,311,301,378,323,298,415,326,296,406,310,296,416,324,304,448,313,358,302,285,274,304,302,415,322,327,436,369,359,285,366,307,307,318,379,337,292,333,396,356,302,325,306,379,349,307,338,305,392,341,301,314,401,317,292,399,341,297,406,364,310
294,329,390,295,303,423,445,407,357,465,394,272,308,408,355,449,386,299,268,391,319,411,505,427,299,301,369,343,294,297,377,315,304,406,319,305,425,361,458,405,379,311,370,369,300,396,361,316,414,355,362,344,451,411,352,339,447,429,352,307,276,403,311,476,421,378,306,320,319,409,307,275,320,332,309,419,325,294,421,320,299,450,321,366,317,301,396,326,314,429,361,366,294,385,357,302,383,374,300,396,359,298,390,351,315,392,360,295,397,358,352,300,282,391,307,284,407,320,299,413,319,281,387,325,301,438,324,367,300,289,387,333,302,420,373,311,402,360,354,310,379,340,427,463,378,370,435,383,461,404,367,445,383,451,406,349,309,374,356,303,310,296,389,364,309,409,369,302,405,353,346,292,312,293,394,367,298,397,364,303,397,354,311,412,311,380,359,307,306,385,317,270,321,316,424,360,461,388,303,290,373,360,327,437,364,310,379,342,303,305,408,348,306,317,302,406,361,350,309,321,296,415,317,382,385,326,382,370,293,394,343,308,309,289,366,350,298,351,404,315,293,426,367,311,402,366,352,296,405,316,382,346,336,311,297,380,348,290,297,369,309,291,396,323,305,440,339,394,367,368,304,375,367,313,414,354,346,311,299,400,352,303,384,359,306,410,354,341,290,315,296,404,347,300,327,387,362,301,342,308,381,343,290,339,307,389,339,304,330,412,350,297,313,408,382,367,294,401,349,357,310,379,350,290,307,389,299,261,285,318,314,436,353,298,322,393,314,297,414,350,308,302,426,308,401,309,405,327,373,307,292,410,361,300,320,402,367,306,434,351,341,301,300,410,366,383,303,384,359,354,301,369,355,290,317,388,350,296,295,388,358,307,303,376,329,301,406,323,298,407,325,285,406,332,297,453,316,364,297,292,275,308,309,408,328,329,422,371,351,295,346,311,310,318,381,350,311,340,395,351,310,324,293,387,341,300,333,312,386,354,290,318,398,307,285,416,313,294,406,359,311
298,322,392,315,294,417,445,401,370,459,388,289,303,421,351,458,397,309,269,392,329,421,509,419,289,275,389,352,293,305,377,316,299,400,313,305,427,361,461,422,387,315,376,365,309,397,371,308,391,373,359,343,448,408,349,327,437,410,344,295,300,407,290,486,424,386,313,314,315,398,307,264,319,322,319,426,323,302,414,335,297,448,329,372,320,290,399,314,302,446,367,357,299,365,363,307,387,361,315,399,355,309,396,346,306,386,376,298,413,361,346,307,301,372,314,300,410,311,316,395,314,297,399,328,291,434,333,367,303,287,403,323,302,442,370,292,412,356,350,302,374,349,439,459,376,365,432,375,456,419,374,443,370,451,424,362,298,371,345,295,331,294,383,363,309,412,382,313,398,359,346,311,315,296,389,362,304,430,380,299,405,362,310,419,295,378,371,300,311,381,287,264,320,327,447,362,449,404,297,295,384,371,315,434,376,308,376,350,305,307,399,360,301,326,285,403,355,342,317,323,291,406,318,384,392,317,394,360,311,383,351,284,304,277,379,349,311,339,398,320,300,419,373,302,399,359,337,308,408,314,394,354,354,310,287,398,348,304,295,385,310,285,386,324,302,450,319,393,368,358,309,382,361,297,401,361,341,300,295,390,364,300,384,357,304,405,355,341,300,307,292,389,347,303,318,394,355,297,339,316,379,340,293,342,307,381,355,299,334,393,360,288,314,415,371,351,316,378,364,360,302,371,358,294,302,393,305,257,294,330,322,421,365,306,319,391,315,298,405,359,301,293,411,333,401,313,393,321,390,313,294,421,365,317,317,395,356,303,435,369,332,310,286,418,371,366,295,383,359,359,305,362,356,306,308,391,352,306,316,386,361,299,294,380,329,296,399,312,295,396,318,281,413,325,300,443,315,373,311,287,276,303,301,404,328,317,430,369,358,297,370,306,318,308,377,348,305,336,411,350,307,338,296,381,342,296,337,314,385,341,303,326,397,311,293,398,315,310,418,363,312
304,321,388,294,308,425,449,404,362,467,402,290,303,417,361,455,396,290,280,407,315,409,495,405,287,289,390,353,309,303,377,320,290,392,313,297,432,353,465,418,385,317,376,381,307,404,364,313,394,365,370,343,457,407,344,335,449,420,343,313,287,408,295,475,424,386,293,308,312,396,298,282,324,328,297,434,323,289,426,324,291,432,336,380,318,305,406,319,308,425,367,356,296,375,351,302,396,355,306,387,370,313,399,361,309,385,361,293,406,365,333,320,279,404,313,301,402,328,287,398,324,293,415,326,303,442,315,357,296,293,405,318,304,421,371,306,407,359,357,303,378,350,436,453,376,360,438,374,462,415,374,450,395,453,427,366,304,366,346,300,326,291,382,367,305,417,366,300,401,358,348,301,311,289,390,361,305,421,372,316,389,369,291,410,309,369,360,302,307,381,299,264,323,326,419,362,459,394,298,286,387,353,325,440,368,311,377,343,307,300,392,341,307,321,297,407,357,340,306,310,296,412,310,388,383,316,394,368,309,385,353,300,307,290,378,358,309,338,392,318,296,426,370,306,419,350,339,301,413,320,391,349,342,299,300,380,341,308,308,377,316,297,402,319,286,442,322,392,374,356,312,380,356,309,393,366,343,300,295,385,365,302,393,372,294,395,354,345,307,315,319,391,359,291,347,382,340,306,333,298,404,338,303,338,305,386,349,293,327,401,362,296,307,409,363,348,297,384,368,365,294,375,358,307,295,391,302,276,281,327,326,435,378,309,318,390,311,302,406,358,304,304,417,317,395,305,391,325,376,317,306,423,368,305,319,403,370,305,425,360,347,306,304,417,373,366,307,393,355,354,313,375,349,302,292,386,357,308,321,393,357,297,311,380,312,297,409,315,294,407,314,297,397,315,304,441,319,357,304,295,250,303,302,417,322,306,433,378,356,293,361,310,312,322,384,352,305,337,417,345,305,310,290,390,347,295,333,318,377,331,306,319,398,322,297,404,324,307,424,350,305
298,326,402,317,292,414,446,399,358,457,387,281,321,414,357,452,386,302,275,394,325,403,510,405,286,293,373,353,305,295,377,322,287,389,329,300,419,350,463,429,389,322,383,362,304,383,362,291,400,351,341,343,445,410,351,339,437,405,341,292,292,396,298,480,431,389,294,302,311,392,292,280,327,337,305,404,330,297,432,326,305,453,300,378,311,301,405,319,301,445,367,355,311,380,350,302,393,366,310,383,369,312,388,361,319,390,362,299,407,358,346,306,287,383,321,291,395,307,304,406,319,289,396,320,293,441,325,345,319,296,403,314,296,425,380,311,406,364,355,307,386,344,437,450,380,378,428,392,461,418,372,447,374,446,426,352,291,374,338,311,319,312,388,364,299,413,381,314,402,348,343,314,306,309,395,362,291,406,376,299,400,362,310,401,308,374,370,299,297,379,298,277,333,322,444,370,469,381,289,299,384,355,309,437,377,300,390,360,287,316,400,361,307,322,284,410,360,344,299,315,289,414,317,380,388,313,401,362,306,387,368,290,299,278,380,355,313,331,393,330,301,425,372,308,409,355,341,325,409,308,377,354,336,300,295,388,352,306,300,380,318,287,403,324,303,443,336,388,361,362,316,382,376,286,408,348,341,312,303,396,366,305,396,360,296,414,362,346,296,321,305,392,365,302,329,389,345,315,333,301,394,346,298,336,309,381,335,300,332,408,352,303,318,416,367,363,302,401,364,359,309,371,346,295,315,389,305,259,286,325,327,447,369,300,319,404,324,310,408,363,304,313,420,325,399,312,403,309,380,312,309,408,373,312,324,401,370,317,428,371,336,298,296,407,360,351,308,375,370,364,307,380,355,314,323,408,366,295,307,395,356,295,303,383,338,301,402,333,280,412,333,285,409,318,289,445,327,359,300,288,275,303,302,408,322,302,432,366,360,291,352,322,307,306,388,351,305,330,405,364,314,328,295,380,350,298,337,313,390,359,305,319,396,319,283,403,329,301,410,355,312
296,323,390,314,310,431,445,407,358,455,386,298,302,425,343,464,394,302,278,403,312,414,497,421,264,305,382,361,301,291,373,326,298,403,319,293,416,355,457,412,389,322,385,375,303,396,358,311,385,379,377,337,444,414,348,331,447,409,361,298,280,393,301,490,413,379,302,287,309,378,299,275,322,337,308,433,311,288,421,327,290,453,317,375,315,309,405,322,293,432,381,375,305,376,360,288,390,374,305,394,357,304,379,359,300,389,362,309,406,352,342,305,295,385,304,295,419,322,286,395,323,288,393,324,309,455,327,358,312,282,405,308,307,427,364,312,401,367,342,302,390,343,421,451,380,359,424,369,461,417,365,433,382,461,420,361,299,375,348,297,328,309,393,361,313,428,382,318,396,363,340,304,324,284,396,371,313,404,364,301,386,361,296,411,298,361,376,309,302,379,315,262,339,324,422,366,451,397,287,293,391,365,328,437,364,310,391,340,309,315,383,354,315,333,299,397,352,329,302,313,293,415,306,379,384,308,382,362,305,380,357,303,316,294,365,353,290,346,386,315,303,421,371,302,395,356,343,301,407,317,384,354,328,301,292,386,343,299,300,385,318,294,402,321,299,451,316,406,375,351,325,379,376,290,401,356,342,291,293,403,367,308,395,348,296,410,361,338,302,311,302,378,353,305,317,394,347,307,338,307,385,354,304,341,314,384,353,301,320,406,364,294,315,406,380,345,312,381,367,352,308,367,345,302,302,394,299,276,288,336,329,431,363,317,326,388,313,298,410,348,306,318,413,341,405,307,388,315,368,313,305,401,366,304,336,395,356,296,415,359,362,290,294,394,369,358,290,386,365,357,311,378,347,295,316,394,353,287,298,377,349,298,299,372,310,283,407,312,298,404,319,291,401,319,307,454,312,360,309,299,282,302,297,401,324,303,426,369,355,293,364,306,309,308,390,353,306,336,406,355,321,320,293,392,341,286,337,310,391,344,304,323,408,326,286,400,319,304,405,359,315
292,338,380,311,297,434,451,410,344,465,406,292,299,409,349,457,395,283,281,412,325,408,503,405,281,304,386,363,299,304,387,318,301,398,331,298,436,353,464,420,405,312,375,370,300,391,366,297,393,367,363,348,443,413,354,336,434,399,363,290,276,404,300,494,430,382,308,307,303,406,295,277,322,347,303,425,321,289,415,327,293,453,324,378,308,286,395,322,284,438,374,364,301,378,351,298,399,351,309,400,368,299,393,365,304,394,363,303,396,357,337,293,299,382,303,290,404,325,285,408,328,291,408,327,301,445,322,346,312,291,400,323,309,427,366,299,404,369,356,308,387,343,420,450,386,368,429,391,455,414,372,451,377,459,412,350,299,354,347,293,318,298,397,371,314,421,384,308,407,357,333,299,322,294,391,379,296,412,374,310,387,367,307,401,306,385,371,306,288,374,304,262,331,313,432,361,465,389,303,289,392,358,318,432,368,309,369,344,302,317,399,358,308,327,289,411,350,353,312,321,296,410,313,391,383,311,396,373,306,393,360,304,312,296,391,351,307,342,403,318,295,403,367,308,397,348,353,325,407,320,401,364,347,292,298,393,355,302,312,389,319,290,413,317,286,440,331,399,372,357,302,387,357,321,403,365,347,303,313,393,382,309,387,370,301,396,364,357,296,309,306,400,349,296,314,373,353,302,337,311,398,348,314,343,310,383,351,295,339,395,355,303,315,404,377,367,297,391,368,360,295,370,338,304,302,391,304,278,274,329,319,431,369,305,321,389,309,301,405,365,302,310,421,327,403,310,390,334,373,309,306,409,367,302,320,399,366,293,424,369,338,306,295,407,378,358,309,392,369,360,316,379,349,304,312,393,353,292,308,381,355,302,311,387,326,301,407,328,304,407,310,295,400,327,285,451,327,362,312,293,297,300,296,393,327,297,428,379,352,288,370,319,296,302,394,348,294,329,412,347,303,307,296,369,349,302,325,316,392,346,292,319,391,322,290,386,335,305,398,360,307
302,327,394,320,301,422,460,408,367,454,394,284,308,404,362,468,407,300,276,414,313,410,517,418,293,293,388,348,298,287,385,328,298,407,314,293,429,355,454,420,390,317,380,362,303,388,361,305,401,363,347,340,447,418,351,343,447,419,357,305,281,395,291,471,419,382,301,304,314,385,300,285,330,338,305,413,314,297,422,322,298,453,325,370,310,297,408,312,296,426,369,368,309,387,348,289,404,367,301,393,360,313,385,362,301,384,367,312,399,350,344,318,285,384,322,302,410,318,289,415,339,307,404,323,288,436,316,362,297,290,390,315,300,422,371,309,413,364,364,312,371,340,447,460,382,377,429,372,464,422,370,456,383,450,423,374,301,352,352,308,313,293,394,354,291,425,376,298,399,359,344,300,306,288,389,361,303,409,375,303,384,363,299,411,317,385,353,292,303,377,300,272,324,327,418,363,464,400,303,284,401,357,320,427,361,317,386,347,288,311,394,359,312,335,297,420,350,331,302,319,289,420,315,395,394,316,393,361,300,402,348,304,327,293,370,346,320,343,384,318,296,418,370,313,408,354,354,304,412,313,395,348,344,296,304,396,351,311,292,387,317,294,409,313,296,446,329,388,366,362,308,382,372,306,410,356,346,309,302,398,351,310,378,368,313,400,354,339,303,318,291,392,358,285,328,390,362,303,353,303,377,355,290,330,304,384,344,305,323,415,367,296,313,397,363,352,313,386,360,359,304,367,359,298,299,398,301,264,287,326,321,421,376,295,315,398,326,299,416,353,309,316,409,313,401,310,401,313,371,309,302,403,378,298,328,397,368,305,413,380,353,299,295,407,366,356,308,393,369,358,305,372,350,302,311,395,345,303,318,383,351,300,298,376,314,292,391,329,305,410,310,308,401,318,305,440,314,359,309,296,285,297,305,396,329,317,437,365,368,297,360,306,320,322,386,356,298,344,402,370,318,326,298,393,342,293,344,310,382,357,289,314,401,314,294,395,320,317,413,354,303
284,337,390,319,298,432,463,413,362,455,395,281,321,424,351,458,404,307,271,400,322,413,509,417,278,293,395,341,301,290,381,327,301,412,327,305,422,342,458,407,397,302,372,373,297,384,372,307,399,349,357,349,449,410,366,340,446,409,344,300,271,402,307,488,417,386,313,307,301,384,312,276,323,332,314,425,320,302,418,320,295,452,323,366,315,288,401,311,311,439,364,354,307,379,372,293,390,367,316,380,364,295,394,371,305,383,353,308,409,354,339,306,294,398,315,292,410,319,297,401,330,295,398,311,294,447,318,365,306,295,399,330,302,426,368,307,404,359,348,305,388,343,432,452,370,356,420,379,468,419,354,439,375,446,419,351,306,373,349,293,321,305,392,362,304,407,380,318,408,362,348,302,315,303,388,372,305,422,371,301,396,355,302,403,304,374,359,315,311,374,306,264,322,320,436,371,458,384,305,296,384,367,318,438,378,305,379,368,298,315,390,358,300,323,291,419,368,341,309,323,294,411,324,385,386,322,392,360,314,381,378,300,309,291,379,354,305,332,400,326,307,421,379,298,403,365,347,292,408,327,386,350,338,297,303,392,351,293,305,381,320,288,400,325,301,440,338,391,370,361,314,371,373,307,393,361,347,298,293,391,367,298,405,367,315,402,358,333,285,316,291,390,377,291,319,396,336,310,339,322,395,349,300,343,302,391,354,296,321,383,364,306,300,399,367,358,308,392,359,356,310,366,346,289,298,397,305,260,298,323,323,425,367,308,319,390,313,295,411,357,304,305,422,331,392,318,393,315,370,310,301,412,365,304,334,406,367,307,423,356,331,309,302,417,378,359,305,387,369,359,307,375,344,311,307,390,351,298,313,385,346,295,304,372,308,304,387,326,299,405,320,294,398,321,299,438,317,354,298,304,270,299,319,412,324,312,425,385,353,300,363,324,310,320,398,355,303,346,402,356,308,324,299,394,351,288,331,306,378,354,300,321,394,316,284,409,327,308,421,352,307
303,338,390,310,298,423,455,404,372,454,398,289,317,419,359,463,410,311,274,404,328,406,509,424,292,285,382,352,309,299,381,324,291,403,315,307,426,353,458,407,390,310,385,365,302,390,361,312,403,368,350,349,450,413,354,330,442,417,358,308,281,414,292,478,431,368,323,312,320,391,299,270,314,323,304,425,325,309,435,321,303,449,324,364,317,302,391,317,294,437,363,359,300,376,368,302,393,368,306,391,367,307,383,364,321,391,355,301,389,352,352,309,297,370,317,305,404,334,298,408,325,304,401,309,291,449,311,357,312,288,391,307,293,418,377,307,401,368,373,302,382,344,423,446,383,360,437,383,471,416,385,451,397,456,428,367,303,367,345,304,318,315,382,361,314,426,364,295,400,348,339,309,307,292,386,354,305,416,373,295,392,357,309,410,308,380,366,299,313,387,300,270,333,338,426,365,464,399,295,289,391,372,328,430,370,320,378,352,318,315,382,364,304,322,292,394,346,339,312,323,308,422,312,383,388,308,386,362,307,389,352,303,312,279,382,357,300,342,397,317,299,413,369,306,415,359,353,304,405,317,385,357,350,291,307,385,360,299,297,380,319,290,405,326,300,442,339,391,368,355,304,376,356,312,396,369,353,305,304,398,369,310,396,361,303,401,353,344,317,312,307,388,341,302,316,389,354,299,335,315,397,351,307,337,304,386,355,291,334,398,360,296,324,408,365,367,302,384,349,347,314,378,350,299,304,390,296,274,278,338,323,429,358,315,333,399,326,294,419,346,307,309,419,322,401,303,403,307,384,325,288,401,374,290,315,395,367,312,432,362,345,303,305,416,365,359,301,392,374,361,308,366,334,305,308,388,363,299,306,374,365,307,301,373,314,290,400,321,292,405,327,289,389,319,296,456,323,361,320,287,284,294,304,400,322,323,429,361,368,284,362,309,303,317,395,346,297,335,414,355,304,313,304,387,341,282,339,308,378,347,294,321,391,320,291,401,316,308,417,363,321
296,337,379,316,316,419,450,411,365,463,400,289,306,413,350,451,406,296,276,399,310,410,510,421,276,286,386,367,305,297,368,313,297,413,325,296,420,344,463,412,385,318,374,364,303,398,353,307,401,368,349,340,463,407,348,332,441,416,347,299,278,419,312,485,432,389,311,290,324,388,308,278,320,333,311,424,316,293,418,322,301,445,321,378,328,304,410,318,297,440,379,359,302,386,365,308,390,362,305,381,364,306,397,366,305,390,368,299,394,353,332,312,289,382,310,298,407,337,282,409,325,284,403,318,293,449,321,354,294,289,404,309,311,430,363,307,406,349,365,305,391,339,427,445,391,373,418,378,460,419,375,446,377,456,407,368,296,364,356,304,324,297,380,369,307,424,374,306,395,350,346,305,318,287,405,356,294,416,368,307,396,353,303,415,296,375,356,301,295,374,295,271,308,340,423,367,455,399,298,298,404,361,312,415,386,315,382,344,303,312,389,354,305,321,281,406,353,346,310,312,282,407,309,381,382,312,385,353,312,400,374,294,309,307,369,350,299,334,396,316,307,425,372,328,405,362,344,313,404,314,402,355,342,307,299,383,348,299,300,382,308,290,404,323,294,451,323,384,366,351,323,380,365,304,397,348,349,304,308,406,370,296,385,353,312,393,351,351,301,321,288,389,369,306,335,398,351,304,350,301,384,349,293,344,312,391,353,292,337,397,355,304,323,411,380,367,300,392,367,353,317,372,351,305,310,394,312,271,280,319,327,425,355,306,322,385,315,302,415,363,303,317,416,329,398,310,389,312,381,313,296,413,369,304,333,399,367,295,427,364,340,305,298,412,373,369,291,389,368,364,312,373,351,306,317,388,363,291,301,385,352,304,289,381,306,291,395,319,305,401,306,288,409,320,297,449,317,362,308,282,268,300,307,399,324,319,441,379,343,298,354,322,314,322,379,354,304,344,402,351,310,329,290,382,351,300,342,316,387,351,286,318,390,326,285,392,310,309,421,355,318
306,327,382,316,315,422,454,395,363,465,392,285,305,420,370,441,391,307,278,400,311,411,502,426,279,285,388,353,290,313,376,313,309,407,316,310,426,353,463,409,378,314,376,361,314,397,373,304,416,362,343,339,454,414,348,325,450,418,359,297,270,404,301,485,414,397,322,308,326,390,301,282,331,335,307,421,321,305,430,327,281,442,328,375,320,292,398,317,296,435,368,362,305,382,354,301,384,364,296,392,367,297,397,361,302,386,366,303,399,356,348,305,297,384,311,297,425,330,299,403,331,287,398,318,316,444,314,375,315,295,405,325,303,423,360,310,393,362,353,313,387,345,427,454,368,364,443,377,463,425,364,439,380,461,405,366,316,373,349,294,335,290,377,363,301,421,372,296,400,355,330,298,317,304,391,358,306,409,370,309,388,367,309,408,301,378,364,301,295,396,304,286,330,332,426,372,453,381,285,300,390,363,311,425,365,309,387,359,296,314,398,361,303,328,294,407,346,348,317,318,292,407,312,394,385,314,399,360,306,391,368,311,305,286,384,367,299,336,383,321,310,417,362,297,407,349,342,306,409,321,395,356,335,304,293,385,342,298,311,374,330,291,399,315,292,447,330,398,372,359,307,384,357,306,405,352,338,311,294,402,370,304,379,360,303,393,364,347,311,318,282,392,347,306,318,400,346,309,337,306,387,362,308,345,300,370,360,297,327,400,368,306,314,414,371,359,313,389,350,355,312,386,352,293,304,391,315,257,292,326,319,426,357,306,312,405,329,299,403,352,291,292,415,319,391,308,392,312,390,305,293,412,381,295,325,397,374,292,425,364,342,302,296,421,371,370,297,389,356,368,299,368,352,300,301,396,364,297,325,397,357,295,283,385,326,290,395,322,291,407,316,290,397,305,293,455,323,365,299,304,277,302,296,391,314,318,436,366,367,306,363,320,310,311,390,351,299,325,403,337,313,321,293,387,342,319,326,313,373,349,295,319,396,323,304,409,324,299,416,359,296
301,332,393,321,288,417,448,405,362,454,405,279,309,411,334,461,395,293,280,400,316,412,500,416,289,294,391,357,308,307,362,320,285,400,312,294,417,363,471,408,392,323,376,370,319,404,369,305,402,361,341,341,457,412,348,346,446,410,347,303,291,411,297,471,431,396,298,311,309,387,306,278,307,332,320,412,326,295,425,319,303,438,317,374,323,295,400,326,294,422,381,355,293,378,372,297,392,364,315,383,350,302,396,363,306,384,368,310,401,339,346,304,292,383,306,293,395,325,303,404,312,289,398,321,291,444,315,355,316,307,397,319,301,417,365,302,403,359,371,307,398,347,420,461,389,380,431,371,455,415,374,457,379,455,418,357,305,367,343,305,308,289,384,370,303,419,368,323,396,358,346,306,305,304,386,381,313,419,380,299,400,353,305,404,307,388,348,301,283,385,293,271,326,325,441,356,455,393,295,281,390,352,315,424,374,294,383,343,302,309,384,353,307,317,303,414,346,349,307,321,291,427,314,392,379,313,384,358,309,380,359,288,319,300,358,351,312,339,401,315,311,422,375,309,394,356,345,307,400,322,391,344,353,314,310,380,356,294,299,382,312,288,401,308,291,437,318,390,378,357,307,389,369,298,408,343,337,302,303,399,366,296,398,357,302,399,365,340,302,315,283,379,352,293,322,396,344,303,355,306,390,347,297,339,310,376,361,303,330,415,359,294,325,409,373,361,297,388,362,365,323,363,344,283,298,397,295,277,285,329,313,431,364,307,323,405,328,301,415,362,308,296,415,342,390,308,384,293,387,315,297,412,372,290,328,412,359,306,438,364,337,308,292,422,371,348,304,395,357,361,307,396,349,306,320,381,371,300,313,390,366,298,308,361,324,272,411,324,284,397,323,303,413,322,310,448,318,358,306,281,281,306,297,404,321,310,422,383,366,300,357,311,301,315,386,350,300,331,412,364,300,336,296,386,342,291,340,305,380,336,297,324,391,320,294,387,313,310,420,362,300
301,325,394,313,314,427,462,415,356,472,385,286,314,415,352,452,410,305,273,407,321,408,505,413,286,282,371,364,293,292,386,319,291,398,319,300,427,355,453,416,388,328,368,372,298,386,360,315,408,374,351,334,440,417,349,328,444,424,360,307,287,399,293,483,415,382,303,311,304,382,313,271,310,348,322,415,320,296,423,323,300,450,329,377,319,303,409,313,301,424,367,363,300,380,357,312,393,367,296,400,360,311,379,372,313,389,367,304,401,368,338,301,293,380,318,289,405,313,298,409,326,292,401,321,306,460,321,359,312,291,410,327,305,417,363,301,407,365,351,289,384,349,432,448,379,360,441,383,468,420,362,437,374,458,410,361,302,370,342,310,325,292,396,372,309,420,369,301,401,364,356,304,306,296,403,357,292,420,370,305,378,365,299,415,306,378,356,307,296,377,309,271,336,323,432,366,461,397,286,298,384,359,317,445,358,295,385,333,303,305,396,365,299,325,297,410,351,343,306,321,296,408,314,388,377,321,392,365,310,391,362,311,306,291,370,347,303,330,387,329,304,433,375,308,410,361,344,306,410,315,374,365,330,296,299,395,344,299,296,370,323,285,404,327,290,447,339,388,374,362,297,376,366,299,414,353,338,311,298,388,368,304,396,354,310,398,348,341,311,312,293,385,370,296,320,401,359,311,362,307,382,351,304,339,308,387,362,302,342,409,361,286,323,412,373,357,309,386,364,358,315,371,348,300,310,394,305,262,280,330,327,417,366,306,302,407,326,306,417,350,308,298,426,322,394,314,392,330,376,297,293,408,357,300,326,396,354,307,421,358,327,306,290,414,373,360,298,387,358,368,314,379,346,292,317,389,357,295,318,385,353,296,284,366,326,291,404,326,293,402,331,294,406,316,302,448,320,359,303,292,272,297,297,399,336,305,431,372,368,293,365,307,317,304,382,346,300,331,408,350,305,325,301,389,334,309,332,306,381,353,304,323,398,320,299,403,321,303,411,361,308
297,326,388,311,313,432,455,408,359,464,388,283,312,410,351,448,398,295,287,385,321,413,499,432,288,280,391,347,295,306,387,314,292,413,331,302,424,357,458,409,374,314,370,379,308,398,358,316,401,357,342,340,452,415,346,328,440,411,352,304,302,406,303,492,436,376,309,302,303,385,299,282,323,341,324,422,311,294,424,323,310,448,327,375,326,304,403,323,306,435,367,373,304,377,368,300,385,367,314,388,360,298,387,359,307,393,361,306,410,359,334,304,293,383,326,297,403,318,293,396,313,300,403,313,292,452,320,364,300,289,403,314,301,432,367,312,404,363,352,310,395,351,428,439,378,374,438,381,476,417,367,445,384,459,415,354,300,382,338,302,318,303,396,370,309,417,380,306,410,363,347,319,316,303,391,377,298,416,375,310,390,368,300,403,318,367,368,300,300,389,294,278,329,319,427,366,469,393,301,289,386,364,325,435,364,324,378,349,292,303,400,343,305,324,303,415,358,339,303,322,297,403,322,384,394,315,390,364,297,398,359,306,299,291,385,347,324,342,395,324,308,412,358,302,401,347,349,303,414,314,393,367,350,306,313,389,359,293,286,379,309,291,403,317,296,445,332,389,355,366,324,382,361,296,409,358,358,303,305,398,364,301,385,372,305,414,353,354,315,326,309,375,373,300,321,372,366,300,335,304,398,346,304,324,303,381,347,289,336,401,348,309,313,401,366,369,315,387,371,357,292,379,350,296,315,376,305,264,282,322,314,423,368,307,330,393,318,300,414,354,304,295,412,341,398,310,393,319,352,310,292,414,353,306,323,392,360,308,428,359,345,304,309,402,361,359,293,390,368,358,311,377,343,299,309,400,357,294,293,381,358,307,293,385,317,276,405,325,294,410,324,296,405,324,294,441,317,363,296,286,278,293,287,401,336,311,433,358,357,293,361,319,312,318,376,358,306,322,410,361,311,337,307,382,346,289,331,304,385,340,302,333,402,316,297,404,326,302,416,358,306
312,309,387,327,302,429,451,405,359,466,404,275,317,410,351,441,389,297,281,408,309,413,506,420,276,293,391,352,298,304,358,303,288,405,327,292,421,352,457,427,382,311,367,369,307,384,370,302,417,368,363,344,440,412,356,341,447,400,356,307,293,401,283,482,428,382,310,304,321,392,302,288,326,331,306,421,332,293,431,327,307,450,334,371,328,306,412,317,306,447,378,359,302,375,362,302,398,363,312,387,368,293,390,371,306,397,368,310,404,362,335,294,287,384,319,294,411,319,304,401,322,284,401,325,296,447,327,372,308,279,394,316,302,411,366,305,387,362,356,296,363,340,429,457,389,371,430,380,473,418,367,439,377,450,415,357,312,373,350,293,319,304,393,379,299,404,365,313,396,339,346,297,307,301,390,364,304,410,361,308,384,355,311,401,306,374,369,317,305,383,305,265,315,322,428,368,460,395,297,290,384,370,316,436,370,309,375,352,285,312,396,354,312,325,299,410,369,332,305,310,280,413,315,389,396,307,379,352,308,396,351,291,309,293,383,346,299,340,386,319,308,416,373,312,399,364,340,310,403,318,388,360,350,300,298,392,363,309,298,377,317,286,397,322,304,443,329,398,372,348,306,380,373,317,391,354,335,302,307,400,358,307,385,365,312,411,348,341,304,318,297,397,351,293,332,382,357,305,343,308,382,341,301,341,315,391,352,292,335,402,341,294,315,418,371,362,301,391,362,351,301,384,364,308,291,385,303,271,279,317,308,424,365,299,322,391,313,302,412,359,311,308,420,320,396,309,386,322,370,306,295,402,367,312,315,415,372,301,418,363,346,304,304,419,376,360,302,383,367,359,305,372,358,309,309,393,352,307,308,386,355,300,302,373,298,291,406,329,287,412,322,293,401,325,296,451,317,370,312,286,272,305,292,405,324,309,447,368,366,292,360,310,314,321,379,352,292,327,397,362,318,319,306,376,344,315,340,312,383,341,301,334,398,316,294,402,321,303,422,353,308
305,320,389,306,306,425,449,407,364,449,409,282,301,424,356,450,391,299,275,403,329,409,498,411,286,296,391,354,307,300,381,324,289,399,325,294,413,354,467,419,386,305,376,379,314,396,360,304,394,363,354,340,444,403,344,342,456,420,360,315,293,401,308,486,416,369,311,304,315,384,295,282,327,331,308,436,319,295,420,323,290,452,303,367,313,305,390,308,303,424,359,357,314,385,370,285,384,366,300,387,371,297,391,369,316,384,362,302,395,360,345,314,282,387,312,301,394,315,302,405,319,297,404,335,302,438,327,364,308,281,402,315,290,426,359,297,406,353,354,323,385,349,433,441,389,373,428,386,461,417,379,451,383,450,419,349,304,374,346,303,321,307,391,363,312,410,362,307,401,367,356,297,316,292,386,369,288,418,381,303,394,363,297,409,309,381,355,305,290,387,305,278,327,320,423,366,451,404,304,287,377,356,318,424,372,305,374,358,305,306,396,366,316,315,304,402,363,345,297,311,288,412,321,382,396,331,401,375,302,403,365,302,309,293,378,357,290,345,394,317,303,421,367,307,409,356,346,317,396,315,393,355,346,302,288,385,340,321,296,379,323,292,419,324,299,436,337,386,365,361,316,376,357,295,401,351,345,304,309,389,365,297,394,355,311,397,363,318,299,311,291,394,364,294,320,378,360,306,344,301,380,335,305,332,315,389,356,287,320,413,350,303,326,400,367,362,291,384,360,357,307,375,330,282,295,404,318,275,281,338,317,435,361,308,316,394,307,310,408,357,304,314,412,341,405,298,388,311,372,309,306,398,372,307,329,400,353,302,431,357,356,301,304,410,374,366,302,382,357,364,310,364,356,300,315,402,351,301,297,378,349,304,290,380,318,287,395,320,277,400,328,294,412,314,297,432,323,370,302,292,275,304,311,391,333,318,436,368,358,299,348,307,325,316,371,357,293,347,406,355,307,315,291,372,352,299,332,310,384,354,295,326,401,327,286,408,328,295,411,364,297
299,332,402,308,309,417,456,404,364,464,407,298,311,421,354,454,401,295,277,386,333,410,505,407,273,297,389,355,298,287,383,321,282,407,299,305,419,371,464,411,387,311,383,369,310,389,355,289,404,359,366,337,445,416,355,337,448,425,361,304,288,413,297,480,418,378,303,314,320,393,316,291,320,337,311,425,331,295,418,323,302,444,327,372,315,305,404,316,309,446,370,349,305,372,369,311,406,355,316,405,363,303,393,362,292,389,376,308,390,360,350,305,290,369,316,291,399,311,280,406,314,296,398,315,297,432,314,364,299,290,403,310,305,420,372,313,401,366,352,307,376,351,442,442,375,362,434,371,462,424,358,460,379,452,422,349,306,376,348,308,324,295,387,364,295,413,361,312,396,374,356,298,324,300,383,361,308,427,368,304,394,365,304,409,322,385,365,295,296,384,300,283,329,324,442,378,452,400,304,298,394,366,318,428,375,307,385,354,297,320,394,364,316,323,307,417,365,343,309,312,300,421,321,385,388,311,399,361,313,398,351,299,286,283,367,343,307,341,378,323,298,425,371,300,410,366,349,314,399,323,400,352,345,305,300,397,346,300,306,379,314,282,398,320,307,453,328,395,371,354,309,380,349,311,389,358,334,304,306,406,371,306,396,373,308,400,357,360,303,318,297,387,351,305,342,398,333,307,340,302,406,353,293,326,305,382,343,293,330,407,370,281,323,404,387,357,312,386,360,356,308,369,340,291,300,391,311,254,285,327,312,426,372,304,312,390,330,308,410,350,311,288,425,328,400,304,403,311,377,317,291,401,367,311,325,398,368,289,437,368,343,307,297,417,364,361,313,386,362,361,306,372,360,295,306,399,343,304,311,378,353,295,299,375,325,307,398,324,296,398,337,290,409,307,298,446,336,372,301,292,269,305,295,392,333,314,421,371,365,294,364,313,316,317,394,338,302,318,400,360,308,318,298,388,354,297,344,307,384,346,302,317,380,329,288,387,316,297,410,352,311
299,316,375,313,316,418,461,403,364,450,398,281,313,414,349,445,395,311,272,410,312,423,510,400,285,294,378,360,293,299,382,323,287,391,320,314,425,354,465,418,392,332,374,368,305,386,356,314,405,363,354,357,447,418,343,341,444,407,348,294,287,394,304,466,426,387,310,307,319,384,309,269,324,334,315,423,330,301,413,317,310,445,314,368,317,314,405,318,305,430,360,367,313,384,364,318,392,357,311,387,365,322,386,362,308,390,372,311,402,362,362,310,283,387,312,299,409,320,283,398,321,285,401,330,299,437,314,357,322,304,412,331,301,419,373,302,403,359,362,307,383,334,419,450,385,368,433,375,447,393,359,444,376,452,413,366,301,368,342,305,332,299,395,366,304,418,361,315,402,357,345,289,319,300,398,372,296,415,362,318,393,375,296,414,303,372,345,296,305,373,305,260,321,320,436,354,466,405,298,277,398,368,325,427,375,315,371,354,305,306,391,360,302,311,292,402,358,352,309,315,285,412,334,385,383,314,387,362,302,392,361,299,307,299,391,348,305,343,393,315,312,423,371,310,397,349,352,300,409,327,396,353,322,299,295,394,353,294,310,368,332,296,402,312,304,437,321,382,381,357,313,373,364,310,412,352,341,297,298,389,375,293,390,361,312,408,359,344,313,318,303,394,360,298,331,396,341,286,340,320,380,357,291,339,309,375,354,298,333,417,360,285,333,410,360,364,304,398,361,344,300,368,361,299,296,376,302,274,276,323,318,433,365,300,325,397,317,300,404,361,323,302,408,318,405,306,394,324,376,307,307,408,369,299,327,398,368,306,428,371,347,319,308,424,371,351,311,386,361,350,307,373,347,308,320,404,357,297,306,380,351,296,308,384,326,289,401,315,291,411,322,292,397,323,304,442,324,345,314,287,277,290,293,394,326,319,433,370,372,292,367,320,306,319,387,344,286,327,400,355,313,319,292,383,349,303,340,316,396,343,304,331,393,327,292,423,318,291,414,358,315
292,328,394,300,306,421,461,410,352,463,390,291,308,425,359,454,384,296,276,411,317,421,514,406,293,309,389,349,304,310,371,329,295,398,323,304,423,355,452,412,396,302,376,363,308,389,359,291,404,368,364,349,448,409,350,326,451,424,352,293,292,403,314,484,431,391,309,300,303,389,299,274,311,345,322,429,321,295,435,321,305,452,305,382,320,306,407,313,299,421,381,355,301,387,378,307,381,349,309,393,361,307,389,373,300,392,363,306,407,350,341,307,284,372,317,293,396,311,283,398,331,291,398,317,294,427,318,366,311,298,410,326,300,422,349,309,400,372,356,309,383,328,428,447,389,356,434,387,457,416,365,438,368,442,416,367,301,366,344,306,321,287,396,365,304,401,360,313,405,349,355,302,315,297,390,371,305,409,373,310,378,360,303,420,312,382,381,311,304,381,305,259,321,333,438,365,458,405,300,282,392,369,322,441,367,320,377,358,300,310,386,364,302,325,318,405,359,338,301,322,299,411,316,384,393,317,402,367,304,401,365,293,313,270,378,356,303,348,402,314,298,420,362,302,399,351,358,298,415,307,407,362,341,299,308,400,349,303,295,375,329,288,396,319,303,447,339,395,377,345,316,368,372,294,400,348,328,303,303,390,369,312,389,359,301,402,361,341,298,308,291,398,355,291,319,394,357,299,350,313,385,351,305,332,312,381,342,290,328,413,345,304,317,398,373,355,297,390,368,365,308,369,349,287,307,393,303,266,284,339,324,431,363,303,324,385,314,315,409,352,296,309,417,330,411,315,388,316,387,306,302,406,361,299,339,399,365,295,419,373,342,319,295,424,357,373,306,398,369,352,294,375,343,300,314,400,364,297,317,381,360,307,298,370,313,294,404,329,298,411,314,300,394,325,297,438,321,372,303,282,288,301,297,408,321,313,432,382,354,296,372,314,311,310,388,348,304,326,408,362,316,322,298,385,353,296,346,305,387,349,292,321,387,325,292,415,323,296,422,360,308
296,333,381,311,302,418,454,420,362,470,398,287,317,419,360,461,410,303,284,403,325,423,502,416,298,296,391,360,299,304,370,317,294,400,323,291,414,355,466,423,408,322,381,373,300,397,345,310,400,374,354,332,450,411,357,332,444,411,354,307,283,399,294,487,416,384,295,315,305,393,311,271,315,338,325,425,321,298,424,313,293,454,324,363,290,308,397,305,297,434,378,361,300,381,369,308,399,367,312,399,348,310,388,373,311,390,364,303,411,366,351,309,302,381,324,284,396,324,303,395,323,291,409,329,308,445,330,361,294,292,399,317,286,431,363,319,412,364,359,299,389,337,420,454,386,363,433,377,460,415,376,437,377,454,412,361,312,380,343,304,325,304,415,359,304,416,368,300,395,361,348,294,322,300,386,364,300,417,367,297,388,356,292,399,299,380,356,295,313,380,303,260,324,329,430,361,463,392,291,293,386,363,328,433,347,314,379,344,301,310,389,349,299,325,304,400,350,342,308,317,283,402,322,377,397,310,391,369,293,387,344,296,313,274,376,366,309,336,395,316,300,413,366,304,420,370,340,300,409,312,397,356,334,311,301,399,347,305,303,383,317,298,405,328,300,438,328,389,377,361,306,387,368,289,408,354,337,309,303,402,369,315,388,367,318,414,356,348,300,313,298,406,347,309,341,402,347,298,359,309,386,351,303,334,307,399,349,305,314,404,358,307,311,406,376,353,308,393,358,359,319,377,353,289,313,400,303,259,284,320,308,417,376,301,313,402,324,299,412,357,292,319,406,320,395,306,408,313,378,306,297,405,362,302,328,394,358,296,433,364,348,313,310,420,362,365,314,385,365,366,318,370,350,297,312,384,355,292,304,381,347,302,306,370,324,285,401,315,282,402,331,298,396,316,299,443,319,356,311,295,268,299,315,403,327,312,440,366,357,287,362,322,308,306,396,354,303,338,402,359,311,320,298,380,348,295,339,304,380,347,306,310,397,314,284,400,337,302,416,348,309
301,332,393,317,299,417,463,406,364,465,396,286,311,414,346,457,391,299,284,406,317,410,500,412,283,288,384,363,292,300,384,321,289,403,330,313,434,350,471,425,396,319,383,366,301,403,368,315,409,364,349,349,447,422,338,330,453,412,344,297,293,402,297,474,424,382,309,303,305,389,302,280,325,329,308,430,331,297,424,319,296,449,325,366,315,312,397,312,314,442,373,365,303,378,355,300,393,357,311,388,368,305,391,357,295,384,355,299,388,346,348,308,286,373,315,290,391,321,292,400,313,292,408,322,292,436,320,360,298,297,401,322,310,426,362,306,407,367,353,292,376,340,428,452,385,370,429,377,462,422,374,453,379,462,423,368,303,372,340,300,320,290,395,357,306,427,376,308,397,349,361,302,303,288,391,375,309,412,359,321,387,360,298,416,315,397,362,298,292,392,307,270,333,321,432,367,468,411,293,290,391,361,318,424,361,299,395,338,287,304,394,358,300,320,295,404,363,347,312,317,307,404,324,389,388,312,382,363,298,394,357,308,304,285,395,337,309,341,400,328,291,418,374,303,409,339,348,303,393,317,388,353,336,292,303,389,349,295,298,380,315,299,404,323,294,444,333,389,370,348,308,368,364,311,415,345,340,297,300,393,372,300,385,357,309,409,358,353,296,307,303,394,363,295,321,386,355,315,341,308,389,352,315,327,317,378,350,308,335,413,365,292,306,416,376,362,312,398,368,369,298,375,344,312,296,388,309,265,284,331,319,422,364,298,331,388,317,300,420,353,296,304,429,324,405,321,395,324,366,307,289,407,366,299,330,399,355,309,435,367,345,306,296,409,362,360,304,389,361,371,313,367,345,300,308,396,359,298,316,388,344,299,306,378,326,296,396,317,295,392,315,301,391,322,290,433,317,368,312,277,266,304,293,400,336,315,431,378,347,289,349,302,318,317,379,355,293,331,407,356,299,320,282,388,348,296,354,306,376,356,304,329,394,314,288,402,332,301,403,354,317
292,331,385,324,299,417,464,401,361,453,403,287,309,421,352,442,401,299,286,396,325,410,504,417,289,284,387,356,299,304,376,315,298,411,321,317,424,350,461,423,397,308,371,371,308,396,364,306,406,361,357,350,454,417,352,331,460,410,360,280,287,409,315,489,417,390,303,301,313,398,308,280,331,328,316,437,313,293,420,327,300,453,324,375,315,301,389,318,298,441,379,367,306,376,359,308,403,358,314,393,363,297,372,365,304,388,365,311,399,366,356,313,285,375,324,300,406,320,289,424,313,280,398,316,296,445,323,366,316,292,393,317,306,430,365,307,407,352,365,316,376,344,442,453,392,380,429,375,461,417,374,450,373,446,415,366,321,378,328,311,324,300,396,355,301,417,367,300,394,357,352,299,317,303,384,355,307,408,377,302,383,359,304,400,310,381,366,297,282,370,306,258,321,325,429,371,456,400,300,294,386,357,308,441,369,311,367,339,312,311,392,366,305,321,300,413,367,338,314,323,295,410,315,371,382,316,391,350,303,398,359,295,305,270,381,338,300,335,398,325,298,414,377,307,407,356,349,312,397,305,389,354,342,292,305,384,349,302,305,376,318,295,400,326,290,443,341,402,373,363,325,369,360,298,397,336,339,298,303,390,361,309,383,367,304,390,353,323,286,311,298,384,348,287,327,386,329,287,347,314,383,359,294,331,316,378,351,307,354,411,354,296,305,421,357,355,299,389,371,352,306,371,359,305,313,395,307,270,290,335,318,433,361,301,324,387,312,302,409,359,308,315,414,336,399,320,399,321,383,321,295,405,368,296,330,404,371,315,429,361,343,313,293,431,369,372,308,398,353,362,307,364,333,305,310,398,356,297,306,393,353,297,291,372,315,288,388,312,301,402,327,295,400,318,296,435,309,360,292,295,270,308,298,401,324,322,437,367,355,299,359,313,319,313,391,357,297,328,415,355,307,319,291,380,350,291,324,317,375,350,294,325,397,333,295,408,315,309,414,356,307
283,327,395,309,300,432,463,412,363,468,398,290,297,415,346,437,392,282,279,396,317,401,502,415,283,304,395,354,312,303,380,320,291,401,309,296,424,352,462,428,381,312,373,367,307,397,366,300,404,365,353,349,442,419,357,341,449,402,352,301,292,398,299,501,424,381,307,304,311,389,309,285,318,329,314,432,310,295,432,322,305,449,320,373,310,286,414,314,309,442,372,354,308,377,355,302,398,367,308,394,366,300,396,347,313,383,361,307,397,351,349,315,292,390,312,295,401,335,299,397,318,299,407,332,292,440,319,351,310,288,415,314,287,428,374,313,408,368,353,313,382,346,428,444,386,373,428,389,454,421,373,443,388,457,413,357,298,379,342,307,325,286,395,375,299,413,367,304,388,363,342,294,315,294,389,377,295,405,379,320,386,362,317,417,307,389,371,303,298,381,307,267,319,321,429,365,453,382,305,290,390,365,319,437,371,310,383,349,303,296,392,346,300,324,293,411,371,349,329,322,289,414,302,400,394,316,397,355,305,386,351,314,311,296,374,347,302,329,400,323,300,418,372,317,394,352,341,321,410,308,402,346,342,291,306,395,354,304,301,382,315,287,396,322,293,449,323,390,376,356,317,387,370,294,410,359,344,298,297,395,371,307,404,349,307,399,362,342,286,315,295,401,342,303,326,385,344,315,350,304,379,348,304,331,297,392,338,301,331,411,348,312,306,422,391,357,301,383,364,355,306,377,344,282,300,398,307,276,282,315,312,427,358,300,328,394,322,297,421,355,309,311,421,333,387,314,397,306,371,313,303,417,371,305,324,394,369,302,425,357,341,313,294,409,359,358,311,393,364,365,318,372,350,302,306,412,369,301,305,386,347,295,312,370,322,289,403,321,306,405,330,292,392,324,292,455,316,351,311,297,283,310,309,404,331,320,435,369,364,297,351,309,318,319,386,349,291,337,409,358,313,319,292,386,341,313,335,311,395,343,289,335,396,318,298,402,328,303,400,358,312
304,323,381,318,293,428,463,414,358,467,399,288,302,428,346,440,394,294,276,406,330,414,500,404,288,287,400,353,282,297,374,312,292,404,328,299,422,369,460,417,396,328,382,377,300,410,364,308,400,362,360,348,465,408,353,340,444,415,354,302,282,403,309,488,421,388,308,300,307,387,298,283,325,331,307,425,325,296,433,329,294,450,317,379,309,297,404,319,312,439,385,370,301,376,371,300,393,367,311,395,364,308,397,355,312,390,369,309,403,363,341,310,293,381,315,293,405,329,291,396,323,293,391,317,310,441,330,374,306,289,389,314,288,425,370,305,396,358,360,302,375,347,426,448,384,364,431,371,466,412,365,439,370,467,424,361,295,358,345,303,324,309,398,373,308,411,383,306,396,342,339,295,331,302,390,372,300,418,367,302,391,368,308,413,313,377,364,301,288,392,309,268,322,328,429,358,467,389,294,295,389,368,328,428,367,306,392,337,304,310,406,363,315,332,300,409,347,345,309,320,300,418,316,388,377,317,391,359,312,386,358,301,308,294,385,341,310,326,412,312,295,419,371,310,413,363,347,317,406,319,392,365,338,304,293,390,356,290,302,377,317,291,405,315,301,426,320,376,369,360,318,383,364,298,406,354,360,312,298,391,352,309,388,357,311,400,354,348,308,310,310,399,354,301,328,383,346,300,340,303,396,348,297,330,316,392,350,298,325,396,357,322,308,415,365,361,305,392,354,349,309,373,342,299,303,405,299,259,284,327,319,431,385,301,327,388,318,302,413,349,302,293,410,321,403,319,400,319,382,308,287,416,367,295,325,394,364,316,425,357,344,313,304,413,364,353,302,400,366,344,317,366,344,311,309,397,364,289,312,384,356,306,296,389,312,291,397,320,290,396,328,305,396,321,297,454,327,359,302,300,276,287,311,401,329,314,442,376,358,289,364,309,306,323,391,361,292,337,395,347,310,316,308,380,349,305,339,316,385,355,301,321,403,322,292,415,314,308,415,359,324
302,325,398,310,298,420,455,408,355,465,396,280,303,395,350,457,393,313,280,395,319,407,498,426,288,298,394,355,300,298,374,322,293,396,321,297,428,356,465,411,388,324,379,378,291,383,363,305,401,354,354,343,447,413,350,339,444,407,348,294,281,416,311,466,428,390,311,297,313,385,294,273,316,334,312,436,306,303,422,320,297,449,323,386,313,315,409,317,314,431,386,359,310,368,369,296,385,358,305,394,367,303,396,356,307,397,376,310,404,343,338,302,285,399,304,296,403,317,295,407,325,281,393,317,294,448,326,365,298,292,408,321,305,418,371,300,399,353,370,301,378,340,434,446,371,354,438,372,464,416,363,451,384,452,412,365,288,368,341,306,317,294,389,368,302,424,371,306,413,350,342,301,312,304,382,371,309,414,379,311,394,363,303,417,309,387,359,299,310,386,302,272,325,340,429,356,467,401,289,310,380,375,312,443,373,296,377,349,310,316,398,356,306,324,302,412,358,349,313,325,301,416,318,393,390,307,397,373,302,375,360,291,316,290,368,343,296,345,389,317,294,418,364,312,409,350,361,306,391,312,391,353,347,312,298,390,360,308,301,377,309,297,412,324,299,438,322,392,373,361,305,375,377,303,403,363,344,311,297,392,362,302,391,356,304,387,361,340,306,318,293,392,361,297,325,399,348,299,349,302,395,352,294,328,305,396,346,307,325,398,354,293,315,419,373,368,302,379,363,364,312,367,364,299,303,386,293,269,290,333,316,414,363,302,316,399,319,305,414,360,307,293,421,316,394,306,393,307,379,320,308,415,389,300,327,400,365,311,424,376,336,310,293,404,368,349,294,405,361,358,301,372,348,292,311,402,364,294,304,390,341,300,298,372,323,302,392,331,284,401,327,285,412,334,300,464,320,344,309,287,272,298,307,394,327,313,422,377,359,298,376,309,306,312,398,340,282,336,399,349,312,325,295,374,359,296,338,301,398,363,293,314,400,323,281,398,320,315,407,360,297
307,311,397,316,298,419,461,401,357,472,389,283,319,421,356,447,392,297,277,396,324,412,508,416,282,290,384,360,320,307,368,318,292,407,304,303,434,364,462,412,363,317,377,366,309,393,354,310,405,361,351,357,452,415,350,332,437,429,357,297,292,400,300,475,439,396,308,299,316,389,304,277,329,327,312,430,312,297,423,325,292,447,312,367,315,309,402,323,308,427,370,355,304,389,379,296,399,363,310,391,357,313,396,352,318,396,366,309,412,356,349,297,284,378,324,294,403,319,286,402,317,284,406,323,309,436,322,366,293,300,415,322,314,430,368,300,389,363,356,318,383,333,436,455,383,356,428,391,451,422,383,432,387,451,425,369,311,372,347,308,330,295,396,380,302,414,365,316,409,347,340,292,309,284,391,358,294,418,360,309,389,356,302,407,305,364,374,303,303,377,297,270,333,327,434,366,472,405,299,285,395,362,326,438,371,314,379,350,297,304,387,366,308,325,314,413,357,340,302,306,301,417,315,387,404,327,390,363,303,391,358,299,304,290,370,346,310,339,402,322,293,410,374,309,410,362,349,304,409,306,386,349,329,300,302,381,358,297,296,380,329,285,390,313,297,448,325,391,365,364,304,381,370,297,390,357,347,311,296,405,366,303,389,354,311,399,369,343,306,319,304,397,349,302,326,398,343,300,348,314,381,345,294,326,296,377,346,292,335,405,365,302,311,406,373,365,301,387,362,363,311,366,348,295,302,397,297,278,286,326,331,415,362,313,324,385,330,308,427,354,302,308,409,336,405,301,392,315,385,306,302,402,370,312,333,402,365,303,430,373,345,314,299,414,367,357,301,389,366,365,315,379,346,293,322,395,342,300,309,389,354,287,299,373,311,274,396,326,290,395,322,290,402,338,289,440,335,353,303,281,284,306,294,406,315,318,429,379,354,307,356,317,313,313,391,362,293,327,406,361,286,312,303,393,339,298,336,308,390,349,303,327,406,312,298,400,320,314,412,369,301
307,330,392,313,288,426,453,404,364,465,390,278,326,406,350,446,393,299,280,387,329,406,495,413,296,309,384,360,299,298,382,327,283,405,319,303,420,359,459,424,403,307,363,365,306,398,366,310,405,362,361,340,449,402,349,335,447,416,358,309,280,398,306,466,425,372,315,311,316,385,300,274,318,335,314,413,329,288,441,310,300,450,317,363,311,301,401,327,303,435,373,366,322,368,369,299,383,361,303,380,362,313,401,350,314,389,362,307,399,361,339,300,288,392,311,291,421,317,302,415,318,288,402,317,290,443,317,369,303,287,403,315,299,422,379,309,416,356,359,313,391,346,423,474,387,379,429,396,463,418,375,445,379,457,421,356,297,366,339,312,310,294,378,371,302,419,377,304,397,358,347,300,292,303,392,368,311,413,372,298,386,368,297,400,308,378,357,302,304,383,311,270,316,315,421,362,474,404,292,306,392,358,315,430,367,292,378,355,322,323,391,346,305,317,289,416,347,335,299,312,293,417,323,395,388,316,390,344,303,394,360,310,312,288,388,353,305,332,389,317,310,428,362,304,394,359,348,328,417,325,393,363,316,315,303,385,357,306,312,368,313,290,404,325,291,451,324,400,376,358,305,376,366,296,406,355,341,302,299,397,370,293,399,357,301,401,355,351,307,314,293,390,357,293,328,383,345,317,339,321,385,356,289,335,313,385,357,300,331,395,356,300,299,405,366,355,296,381,369,358,297,380,355,296,306,383,299,262,287,324,325,415,368,306,326,388,311,287,414,348,308,300,408,333,400,314,402,321,376,305,297,404,364,310,332,412,364,301,424,365,334,302,285,424,371,376,304,380,367,352,305,379,356,291,321,403,349,308,306,387,344,300,303,369,317,290,413,322,285,407,332,292,396,321,294,442,314,360,312,291,273,303,292,400,324,306,431,374,359,284,367,311,304,315,393,348,294,324,405,343,303,321,301,380,345,300,322,310,380,356,311,329,388,309,295,401,317,290,394,353,315
294,333,394,318,310,418,448,411,360,450,396,283,311,407,362,458,396,301,281,392,334,422,507,412,276,295,387,362,307,302,373,316,301,391,328,299,428,356,468,408,398,322,383,368,303,412,363,305,415,367,355,350,453,421,357,330,457,416,353,299,277,408,300,469,420,381,314,306,320,400,300,292,329,330,309,423,331,303,444,318,300,459,332,370,315,301,391,325,303,438,370,363,300,376,370,295,391,369,307,399,355,303,389,364,300,395,363,295,403,362,347,305,290,378,323,292,380,327,288,380,336,295,406,313,295,447,336,366,307,301,411,305,303,422,368,312,408,357,359,317,387,345,432,450,379,361,427,396,448,402,363,438,382,452,418,361,298,381,347,303,320,313,400,366,306,413,375,303,390,360,355,305,311,298,377,372,285,407,365,301,385,365,299,402,295,371,363,293,290,371,315,261,321,312,427,358,448,400,290,289,398,370,313,424,373,309,399,349,297,315,391,367,312,331,300,408,359,349,306,317,289,415,309,370,387,313,397,363,296,383,363,286,299,286,379,365,314,342,397,309,308,423,365,308,403,358,341,306,408,319,391,354,346,305,310,395,345,303,312,386,323,297,396,323,299,449,323,404,367,358,306,377,356,296,400,357,350,298,290,398,376,307,389,354,315,407,357,349,299,317,297,394,360,291,318,394,350,307,337,312,394,349,295,330,303,384,339,298,342,398,365,314,318,417,376,371,300,394,355,353,313,368,358,294,313,374,299,272,270,333,314,422,366,302,327,390,324,296,410,344,306,305,424,325,404,295,384,319,374,309,288,412,371,304,326,395,369,303,439,369,345,308,294,407,363,361,309,393,359,355,308,357,349,316,310,405,355,298,313,374,354,310,297,383,316,281,409,328,296,407,328,299,404,337,284,433,311,360,305,295,271,303,318,410,330,311,432,366,367,300,362,321,304,309,392,358,297,346,402,364,310,323,284,382,348,302,323,299,387,343,298,300,376,310,284,402,319,311,411,359,311
292,326,399,301,303,420,452,399,369,466,399,288,301,431,353,451,394,292,281,409,321,413,512,409,282,306,392,368,298,293,377,319,288,404,321,299,416,365,454,419,380,314,380,363,306,398,383,294,401,357,360,330,446,409,360,327,440,410,361,309,290,403,316,484,429,389,302,297,315,390,307,267,312,348,314,418,328,290,434,323,294,449,324,376,309,300,396,318,310,434,357,355,297,388,354,283,393,362,317,400,358,301,396,366,299,384,377,307,399,366,347,289,287,388,311,293,406,311,283,400,306,289,392,315,306,436,323,351,324,289,413,314,300,430,363,309,410,353,350,302,391,347,432,460,378,363,430,375,457,416,374,443,384,452,409,369,296,376,338,308,329,300,395,364,300,412,376,299,391,336,342,297,310,301,387,353,306,407,369,297,392,347,292,402,319,366,366,302,301,382,314,263,321,319,428,361,465,397,293,299,378,364,316,432,371,305,376,357,305,310,397,357,307,313,303,414,370,345,298,320,299,409,320,392,384,314,390,368,295,383,364,284,315,292,378,351,303,349,387,320,287,414,378,315,411,359,352,305,412,326,390,353,345,297,297,397,362,314,300,382,309,306,401,331,290,444,323,389,359,370,310,381,356,291,402,354,348,302,296,401,374,307,399,358,297,393,355,345,291,318,294,394,359,318,328,384,358,307,332,303,378,341,300,341,312,390,350,298,341,409,352,302,318,404,369,372,301,389,363,360,305,373,350,293,306,398,305,260,286,329,308,417,362,305,324,400,318,285,415,360,311,315,422,326,405,299,402,315,378,300,298,407,368,290,334,409,374,316,429,358,334,302,296,412,372,362,312,392,362,360,292,368,356,310,312,383,361,299,322,388,354,299,303,379,322,292,396,320,281,405,323,287,405,309,303,449,319,364,299,297,273,308,300,403,319,315,436,376,360,294,380,321,318,311,394,356,293,333,394,354,313,317,289,375,343,289,332,302,379,346,298,336,389,314,279,408,318,298,425,354,318
295,320,387,309,310,409,456,408,351,461,397,278,302,412,358,456,405,296,280,414,316,415,499,407,279,300,395,371,307,297,375,319,298,393,312,296,421,364,460,429,384,301,383,373,311,389,369,299,409,362,346,355,451,416,347,332,441,432,358,298,284,393,301,480,414,371,308,302,312,376,307,291,324,336,313,430,323,286,421,324,305,454,314,378,318,311,401,314,293,438,379,353,309,374,376,304,403,367,297,391,367,300,385,364,306,393,355,302,399,373,351,308,284,379,309,277,402,315,289,398,316,308,404,320,291,455,318,367,310,295,410,319,314,424,368,298,414,356,360,317,383,332,437,460,372,375,428,382,465,435,366,440,376,459,414,366,309,365,342,294,319,300,405,364,308,415,375,303,396,357,341,305,300,309,394,356,310,407,368,301,390,362,299,418,319,380,358,308,297,383,317,272,335,324,427,368,468,395,296,291,388,359,316,440,378,313,374,352,302,311,386,351,300,320,292,412,349,337,309,333,295,416,317,386,389,317,402,366,310,382,338,298,297,284,369,355,306,338,387,313,310,432,368,306,393,343,352,312,409,309,379,364,335,301,287,397,351,311,280,369,325,293,415,324,304,442,344,373,383,359,311,370,373,304,409,348,337,293,299,402,367,296,390,359,308,406,369,345,287,310,309,396,353,289,331,390,343,299,333,316,376,343,295,326,305,388,346,288,342,401,352,288,322,409,381,355,299,382,354,351,305,378,343,296,304,394,295,267,284,335,334,431,376,313,315,399,326,307,425,354,299,311,408,310,396,313,399,299,379,306,288,400,361,298,328,394,376,311,431,381,349,303,295,406,370,377,311,380,354,359,315,374,346,295,322,391,353,296,313,386,354,296,300,390,329,300,401,321,293,404,314,292,404,318,295,446,318,349,310,295,291,298,296,405,313,308,430,373,352,293,349,305,309,312,390,353,290,326,402,361,310,324,292,372,351,299,338,301,383,336,301,327,395,305,280,398,314,305,415,352,312
298,332,394,305,299,414,447,404,366,471,386,291,304,423,364,451,395,297,276,409,315,410,492,413,290,307,394,359,300,316,380,325,296,406,311,301,433,348,460,419,391,319,384,367,299,388,358,314,402,359,363,344,447,417,350,330,457,413,356,299,289,400,297,485,423,378,299,296,307,390,312,282,320,325,318,412,316,298,428,310,297,456,320,374,319,299,396,315,288,428,373,367,300,370,368,302,380,354,306,386,364,311,399,359,304,393,356,295,402,338,348,293,293,381,302,295,399,321,301,401,316,298,408,315,298,435,316,362,304,288,390,321,301,418,360,303,409,358,358,309,377,336,440,451,374,369,437,382,469,420,365,437,395,460,414,363,308,370,348,303,325,295,394,367,315,424,372,300,405,367,340,308,332,310,379,362,309,419,380,301,390,349,319,407,304,384,366,301,288,382,302,275,331,323,434,374,476,387,300,297,394,365,319,442,375,312,371,359,309,308,397,349,303,314,306,414,366,340,306,315,298,409,324,374,392,306,385,363,308,394,360,294,316,297,373,354,304,347,404,321,298,415,366,298,398,345,345,311,410,317,380,356,347,311,288,384,350,291,293,376,319,287,405,323,309,432,328,395,367,356,312,371,368,314,396,358,344,309,310,399,365,297,399,361,301,400,356,342,302,321,299,400,369,293,322,387,351,317,345,304,384,361,300,337,303,383,345,301,347,397,362,312,313,413,362,348,297,399,345,367,314,371,340,293,313,400,307,271,280,328,322,424,356,308,317,387,325,299,408,364,310,309,421,322,389,301,389,319,367,306,300,397,374,293,332,388,363,301,406,362,363,311,287,411,384,360,306,389,378,365,299,367,351,296,305,394,355,292,319,387,351,286,298,376,315,289,427,319,286,395,319,280,412,314,288,445,312,362,313,288,278,295,300,397,322,316,427,372,365,294,348,299,321,313,380,351,294,326,406,353,298,320,298,382,358,313,340,309,385,348,301,329,393,314,297,403,314,305,420,345,304
308,338,396,315,298,425,464,387,361,457,392,280,307,424,347,457,414,287,276,408,333,408,497,425,279,304,381,359,300,300,364,317,293,414,326,312,420,364,458,424,380,313,370,369,314,390,348,313,400,362,352,360,446,402,353,336,446,414,362,298,276,397,303,472,418,383,300,301,316,406,285,287,329,335,318,427,326,295,415,315,301,457,315,367,315,302,393,322,304,431,372,364,315,376,348,313,393,365,310,385,366,301,401,350,312,386,363,315,400,356,343,319,295,385,312,284,401,332,291,402,314,289,401,305,292,447,320,350,303,287,407,322,297,417,378,323,393,365,354,303,380,356,433,454,385,370,426,372,448,405,370,438,381,455,424,362,312,363,355,313,327,306,404,360,296,421,371,312,398,355,337,313,306,316,387,360,294,410,376,302,390,362,304,412,296,365,350,301,289,380,303,282,330,324,427,378,469,395,290,300,391,358,325,449,374,303,390,352,302,297,391,349,300,333,309,407,339,341,303,332,287,408,319,374,377,318,392,360,295,391,346,292,316,286,388,350,300,346,402,330,299,418,374,305,405,354,340,308,404,306,393,344,338,312,305,393,343,301,300,375,324,272,407,344,300,436,326,386,370,352,311,385,366,295,392,359,333,315,298,402,381,301,395,348,310,407,355,336,301,313,305,383,354,294,331,390,341,297,350,307,382,341,286,327,315,375,338,309,345,415,363,277,317,403,382,359,302,379,367,354,313,368,357,300,309,395,301,260,284,319,323,435,378,297,326,402,318,305,411,363,301,301,402,333,398,315,397,325,383,319,284,404,370,289,337,394,365,309,438,368,343,307,302,407,370,350,303,400,366,361,298,370,369,287,308,392,362,310,312,398,345,296,292,397,303,288,400,330,296,390,313,298,395,306,294,435,325,364,305,298,272,305,294,403,331,317,436,378,366,306,361,311,312,310,389,348,306,331,409,356,293,331,294,384,342,306,338,318,384,346,314,323,395,315,293,408,317,292,419,363,309
291,324,389,310,305,414,440,407,361,480,385,292,309,426,353,450,394,303,279,398,325,413,482,417,289,292,377,363,307,295,376,317,308,399,321,303,427,358,451,410,396,317,378,376,326,390,369,300,394,357,360,351,447,412,344,341,445,401,344,287,287,396,302,491,429,374,300,305,316,397,304,286,325,333,327,424,321,299,427,319,303,443,327,365,316,305,411,310,295,429,372,352,292,373,370,295,400,361,303,386,360,297,382,361,293,400,360,313,407,366,358,306,288,392,319,296,403,316,299,405,333,300,397,319,318,442,318,345,308,280,407,314,295,424,370,303,400,356,352,320,382,346,424,454,372,371,439,392,463,412,360,461,376,452,410,355,303,366,339,302,314,298,393,368,298,410,359,305,403,358,334,304,314,305,398,355,295,409,372,316,387,369,312,409,302,386,365,306,300,381,301,267,322,326,440,368,453,396,307,289,398,360,323,432,378,305,380,348,308,312,385,354,292,324,298,397,350,338,311,325,294,421,313,383,397,319,397,371,315,391,349,303,320,296,375,341,306,333,402,313,291,418,378,303,409,354,346,324,405,304,393,355,337,310,309,401,348,305,299,382,324,293,398,312,306,449,322,391,357,365,309,393,371,304,394,351,357,310,301,387,366,290,407,358,305,408,344,346,305,301,295,387,359,298,322,398,349,306,334,320,396,333,302,326,311,397,346,302,339,408,360,309,317,419,372,361,316,394,366,355,313,366,348,307,306,390,296,262,280,331,316,423,367,305,312,386,317,301,417,356,301,305,398,330,393,314,397,322,365,315,296,400,362,293,319,407,372,300,425,369,341,300,298,408,367,350,304,386,359,363,309,368,340,290,311,389,350,289,310,393,360,294,304,366,322,287,406,326,300,401,311,295,413,315,286,432,318,366,304,299,278,295,305,398,319,323,442,380,367,302,364,304,303,313,392,346,306,333,409,358,300,317,297,383,347,301,337,295,392,345,295,318,400,334,296,403,317,299,406,352,310
300,333,386,312,306,413,453,408,349,457,397,291,317,407,372,458,390,288,281,393,323,418,506,414,300,286,394,367,311,308,380,319,299,414,319,300,423,353,479,413,368,305,375,376,315,401,360,316,400,381,342,336,445,408,350,343,439,410,355,304,295,397,308,474,429,383,320,298,306,380,314,278,323,343,308,416,323,295,422,323,302,451,325,372,309,301,390,313,296,443,374,349,313,374,375,300,383,363,297,393,365,307,375,379,310,396,370,309,397,351,351,292,294,379,325,295,400,327,294,409,316,282,401,325,310,437,319,353,309,281,393,306,307,433,353,310,404,370,361,310,389,341,436,463,382,368,435,382,455,406,371,443,378,450,413,361,302,372,338,297,325,298,386,358,301,425,370,301,402,363,349,304,303,294,401,369,296,407,382,310,393,375,303,399,310,373,361,306,292,383,307,272,305,324,431,357,458,396,287,297,377,362,319,437,370,301,375,346,309,313,394,356,309,327,293,401,354,344,306,315,294,420,313,387,391,311,404,377,299,393,364,298,302,296,377,342,300,330,399,309,301,416,379,320,395,348,347,288,406,318,395,359,345,305,291,396,348,300,311,377,326,291,409,325,300,442,342,393,382,361,313,380,371,288,392,370,345,300,301,400,377,298,397,359,298,402,360,348,305,306,291,393,361,289,315,394,347,302,346,305,386,344,309,326,304,387,344,302,328,411,348,300,314,401,369,357,309,384,362,364,313,379,357,299,301,395,310,260,276,331,327,429,376,296,321,390,312,302,407,364,319,307,420,337,396,298,413,313,376,316,292,405,362,296,330,407,366,310,428,372,343,299,300,424,372,371,300,388,356,357,311,373,352,292,314,408,359,303,315,391,350,297,297,371,313,300,394,331,288,406,321,285,396,320,285,446,320,369,302,275,275,303,302,404,319,319,430,369,358,295,352,305,316,323,389,340,302,332,409,342,313,312,294,387,343,297,349,303,381,337,297,323,398,310,305,415,322,310,406,360,306
292,338,398,310,308,431,467,416,365,460,390,288,303,420,349,448,390,293,287,412,333,417,504,424,294,285,390,375,303,294,381,313,293,405,321,303,429,357,451,410,379,309,381,381,316,400,362,303,397,373,351,350,441,417,353,323,439,404,351,300,289,389,298,492,422,385,303,294,316,393,302,283,320,325,309,426,323,287,430,328,300,448,322,369,306,305,414,319,288,425,376,360,298,388,366,307,394,355,297,397,352,304,389,358,310,394,362,311,395,369,351,298,287,380,309,283,386,317,290,405,309,300,394,325,302,450,308,369,316,300,392,322,311,418,368,310,402,359,357,310,385,346,431,445,386,361,434,377,460,414,373,439,393,452,413,360,305,370,342,293,315,301,404,356,316,413,371,301,405,353,360,312,317,309,386,366,300,403,381,307,396,372,306,413,309,368,356,299,296,393,304,260,313,329,426,359,465,385,296,301,389,363,329,436,382,300,368,356,318,309,398,353,310,321,296,415,361,339,301,306,276,413,313,387,400,312,400,362,305,400,355,298,307,297,374,359,314,332,389,317,306,423,382,296,405,357,330,305,411,308,402,357,337,307,312,394,353,309,306,376,322,290,399,310,309,436,325,383,359,351,318,372,355,304,384,351,334,314,316,398,367,299,390,363,309,418,376,335,302,313,290,388,347,298,324,391,338,304,347,313,391,339,305,337,317,381,344,307,340,406,362,296,309,421,386,344,316,391,367,352,310,363,346,302,307,397,292,256,280,327,323,428,374,284,316,400,316,291,421,355,309,310,417,320,410,318,398,331,377,312,297,418,362,308,325,392,357,308,425,359,359,304,297,398,372,350,304,384,359,351,318,390,338,292,323,406,349,302,299,389,353,312,295,371,319,284,401,325,298,401,333,297,398,321,296,427,320,369,297,296,260,299,298,395,328,319,427,363,350,307,361,329,318,317,383,360,293,341,401,364,305,328,303,384,350,305,336,304,375,356,297,332,389,327,292,398,327,288,415,356,305
294,310,399,317,300,416,456,409,364,458,400,284,299,414,365,466,396,309,297,387,329,417,500,417,288,295,388,356,305,310,376,328,280,398,318,309,421,353,465,437,384,317,385,373,298,384,356,308,417,377,377,352,454,406,346,330,431,427,348,318,292,413,296,468,424,395,303,309,315,387,300,278,324,337,324,434,325,298,419,319,292,450,320,375,314,297,399,337,298,427,379,358,294,391,353,291,386,362,304,395,363,304,394,364,300,392,350,309,409,367,340,304,292,386,321,283,412,328,304,402,316,298,400,318,299,440,324,369,310,289,400,314,299,419,370,301,401,354,337,300,383,348,432,443,387,378,435,376,458,423,359,434,382,447,411,366,303,365,337,311,322,297,392,370,312,415,377,302,395,350,337,297,305,297,390,362,305,421,367,319,380,359,308,399,302,383,371,303,298,376,293,265,333,330,424,366,468,389,299,299,385,370,322,431,372,311,380,349,311,312,400,354,307,328,302,409,366,347,311,319,290,411,328,390,387,319,401,366,316,386,368,298,310,276,380,343,315,327,403,321,296,417,370,296,401,366,344,302,398,318,387,357,347,298,289,389,356,300,298,370,321,290,405,308,297,447,329,394,367,358,313,378,362,298,392,359,337,308,286,402,368,308,389,364,308,397,359,342,293,316,301,392,361,297,323,391,349,298,338,320,381,351,295,329,301,387,343,292,343,407,351,303,308,399,372,359,307,390,359,361,310,382,346,296,306,403,310,267,287,312,319,413,365,291,320,395,313,295,408,351,295,311,417,324,393,296,383,308,379,323,286,409,368,305,328,393,373,303,422,365,340,301,296,413,362,352,314,387,368,353,297,379,359,310,313,377,350,283,305,375,364,298,291,375,317,292,396,319,286,411,332,286,406,325,312,449,309,371,306,285,279,300,300,406,340,312,436,374,356,294,369,308,299,307,399,351,309,331,411,348,302,324,299,394,350,296,331,316,398,338,298,316,386,316,302,403,324,291,415,373,304
304,340,393,309,308,417,467,405,383,458,394,269,314,412,350,449,390,299,279,401,310,397,502,422,280,297,396,341,305,293,380,313,302,406,325,297,427,358,453,408,379,314,379,368,294,392,369,295,404,367,342,360,457,405,351,337,454,407,356,306,287,389,296,484,402,394,298,308,310,392,287,288,329,321,309,422,322,300,418,324,294,449,325,371,314,296,393,318,296,428,374,354,298,377,385,298,383,355,299,390,363,316,396,365,299,395,358,312,393,352,344,301,287,381,297,296,403,318,283,403,329,288,394,325,295,431,322,361,301,287,393,309,302,419,374,291,405,360,371,302,387,346,426,458,376,363,433,380,472,418,378,442,373,458,414,363,308,357,340,295,318,286,394,361,287,419,365,299,402,354,342,299,319,304,389,369,308,410,370,306,377,370,305,410,306,372,362,296,311,381,296,268,324,333,435,357,452,393,291,279,386,366,317,430,372,305,375,352,305,303,383,362,306,323,275,411,364,336,304,306,302,408,319,379,385,319,397,377,306,389,359,297,311,300,374,345,310,339,399,317,307,419,364,316,395,348,360,307,401,316,384,363,340,300,301,398,343,296,301,392,316,288,405,315,304,437,329,388,364,365,308,375,369,304,387,346,341,316,295,397,371,302,387,359,303,399,353,347,314,316,299,382,354,292,330,394,346,314,337,299,401,341,292,334,308,373,351,308,331,407,352,301,317,418,374,374,298,393,371,366,306,386,342,294,307,385,316,275,289,319,331,417,359,303,324,396,321,301,414,353,309,302,425,331,384,299,395,327,372,309,300,392,363,304,323,404,364,309,418,350,339,296,291,408,355,350,311,398,364,356,313,370,343,303,307,390,345,293,316,389,351,289,293,382,315,296,412,330,304,401,317,294,410,327,285,443,323,360,305,289,273,298,288,415,329,313,425,371,351,301,369,305,303,316,391,358,309,329,412,357,310,335,295,390,363,303,337,303,387,353,295,321,401,315,283,399,327,295,413,365,317
292,339,392,313,319,423,467,413,352,469,395,282,290,409,342,452,401,295,286,404,322,404,503,424,289,295,391,353,293,297,379,314,277,398,324,297,425,360,476,405,395,317,376,377,309,396,366,309,401,376,359,349,451,434,352,336,443,409,358,298,288,399,309,469,414,395,309,304,311,400,298,271,325,339,299,430,321,295,414,320,301,453,318,380,312,304,405,323,302,431,384,359,310,383,370,305,394,369,302,396,370,301,389,371,313,392,369,302,381,351,339,301,282,379,320,293,407,320,306,403,302,295,402,315,291,441,327,354,303,284,405,319,299,429,381,308,410,356,358,307,375,341,431,450,377,359,434,375,463,415,360,444,383,449,422,357,315,372,341,301,318,301,384,361,302,424,369,300,398,359,343,297,304,293,388,364,303,419,380,294,392,371,300,404,307,361,377,297,299,370,308,260,329,325,432,367,459,388,290,283,403,358,322,436,376,307,392,345,308,310,400,360,300,313,304,424,350,333,309,307,283,414,318,389,394,306,382,368,300,392,365,307,306,302,366,339,306,341,397,311,292,415,380,315,408,355,353,317,398,325,383,359,340,310,301,387,354,295,298,369,319,287,401,318,304,443,338,398,370,348,317,384,360,302,407,349,347,309,301,403,368,311,393,363,298,391,362,333,314,318,302,382,357,311,331,383,343,299,348,315,380,338,300,340,316,379,343,294,335,412,348,294,317,417,364,360,291,397,350,367,299,368,360,307,302,387,295,283,280,337,325,427,360,291,331,395,290,294,417,357,312,304,420,334,393,299,396,313,383,308,299,397,372,306,330,403,350,307,430,369,347,307,299,400,357,371,294,383,365,350,313,363,350,302,301,397,349,290,320,382,365,292,291,393,322,289,414,321,292,394,313,287,403,316,295,442,320,354,298,286,275,302,308,397,320,319,424,373,369,293,363,318,310,318,391,350,309,332,410,355,306,318,291,384,339,301,328,301,389,354,297,308,392,305,283,400,313,294,413,357,303
308,323,383,311,302,423,457,417,364,464,393,296,309,415,350,453,391,306,273,405,324,423,507,417,288,298,391,337,304,300,388,323,285,398,323,310,418,359,459,421,379,320,385,369,309,397,366,309,405,359,353,342,436,414,359,335,449,422,352,304,282,403,306,488,414,380,302,306,305,381,319,269,309,337,307,418,318,302,436,314,309,454,322,373,317,298,399,318,289,432,365,364,312,382,366,296,395,364,307,386,363,298,389,358,309,392,365,310,411,360,353,316,289,368,324,304,396,315,291,404,322,295,403,317,299,429,313,370,310,293,401,316,303,428,356,310,403,369,355,300,371,343,436,458,380,366,426,376,467,402,369,423,387,458,402,366,306,370,345,305,327,295,400,385,300,428,381,297,401,351,332,298,306,298,403,357,296,407,365,299,395,371,307,408,311,376,362,299,316,372,305,270,333,331,436,370,457,388,301,283,380,362,307,432,375,304,371,354,301,308,380,366,306,310,311,406,376,356,312,320,293,418,323,385,386,320,393,365,306,390,360,304,304,292,381,344,307,332,401,311,298,419,374,301,412,361,349,298,399,310,394,349,341,312,295,380,348,299,301,375,321,291,401,308,298,443,337,392,374,364,308,380,366,310,398,368,339,308,309,395,364,317,400,362,300,399,371,328,303,315,291,387,369,287,328,383,370,302,346,307,388,346,308,334,325,379,348,292,343,403,339,296,316,426,377,362,305,379,368,359,309,366,349,305,319,393,305,266,284,318,338,427,382,306,320,394,321,284,412,357,307,304,412,318,399,301,390,319,359,314,299,410,366,301,331,398,375,301,426,373,347,301,286,416,376,353,303,380,361,352,298,373,345,309,303,404,353,306,312,386,350,297,286,378,324,289,394,319,295,408,328,288,401,326,291,439,321,364,308,293,282,299,285,403,317,312,435,370,358,301,353,322,322,320,391,341,294,330,408,350,301,319,312,380,349,301,344,312,379,355,285,317,389,321,286,405,317,304,417,355,304
288,329,380,315,299,424,458,409,349,462,401,281,301,420,349,451,386,301,278,392,335,411,510,406,295,289,390,363,300,300,387,320,283,395,316,308,428,361,462,413,385,320,385,367,314,396,353,315,405,362,356,359,446,403,339,330,444,420,345,314,297,388,298,487,420,384,307,313,304,390,318,280,306,335,312,421,320,305,432,314,307,461,323,370,317,303,409,318,307,430,373,353,304,380,376,313,380,365,318,386,361,302,391,361,299,390,354,309,402,356,336,305,284,379,325,288,402,327,286,393,324,292,395,337,302,446,328,355,307,287,398,328,297,427,377,318,401,362,359,303,392,354,424,454,390,355,435,390,453,419,376,429,382,467,418,359,297,367,338,302,317,307,390,362,304,423,362,307,384,354,345,309,307,298,387,355,303,410,382,296,390,376,317,426,310,382,358,310,287,377,299,269,322,343,427,361,462,392,302,289,391,347,323,430,379,305,390,347,311,312,401,346,308,331,291,399,361,339,299,313,301,408,312,383,388,298,385,356,313,396,363,300,314,301,376,345,298,337,392,314,294,426,380,316,394,360,333,291,409,323,385,350,340,308,304,391,346,297,299,376,315,297,414,330,304,444,334,414,384,363,326,389,366,310,390,358,345,301,293,406,374,300,404,364,302,417,346,350,298,321,286,388,366,305,326,396,355,321,345,317,382,349,299,337,307,399,360,296,336,414,348,299,320,417,373,356,314,389,358,356,306,378,353,312,310,402,308,269,288,328,321,428,372,306,303,395,323,306,405,353,294,297,418,326,411,297,400,317,366,318,297,404,367,299,338,397,368,305,422,372,340,316,315,416,365,364,306,401,357,351,301,374,344,287,305,393,348,301,314,375,355,312,294,385,316,288,402,324,291,409,323,297,394,314,303,440,327,363,313,295,275,299,307,400,326,313,435,358,362,296,346,305,318,320,398,346,293,334,407,346,314,322,301,380,354,296,346,307,385,345,290,313,410,328,310,409,321,305,405,370,304
293,338,386,314,306,414,454,420,368,460,395,286,298,403,359,454,386,306,280,407,316,404,505,422,275,287,385,350,302,307,368,325,293,405,334,306,423,353,467,410,386,311,381,371,303,388,366,303,407,382,345,356,454,416,337,341,444,419,346,306,289,407,291,495,421,386,298,303,313,387,301,289,339,334,310,419,332,288,429,336,308,456,331,366,316,300,397,314,306,426,370,374,304,374,357,316,391,367,303,396,367,316,391,350,282,394,372,299,410,360,347,305,292,385,326,294,407,319,289,405,333,301,401,327,309,443,324,360,322,280,395,331,286,422,361,301,404,363,356,305,384,332,437,456,379,371,436,382,465,433,373,443,370,446,428,368,305,368,344,306,320,285,390,371,306,408,373,300,384,363,343,303,312,292,402,366,292,416,374,311,386,362,308,406,317,381,368,308,294,378,300,269,323,338,450,359,454,400,290,304,401,374,325,440,363,302,379,351,315,307,401,346,303,310,290,412,356,346,306,328,280,415,312,389,392,310,395,356,301,377,366,290,313,279,376,353,301,344,386,325,306,428,362,301,414,361,355,298,398,309,398,362,347,299,296,383,361,300,295,380,327,281,405,315,300,451,333,402,377,358,304,378,369,302,400,353,342,293,305,405,371,302,391,357,307,410,354,350,313,313,300,398,358,298,334,395,347,305,340,304,388,336,303,344,308,376,348,294,343,404,355,303,307,406,363,364,305,384,363,356,311,378,343,305,310,387,308,262,277,327,326,426,370,306,308,392,320,304,416,353,310,297,425,319,403,295,402,318,380,303,310,410,366,309,321,396,363,317,420,364,349,298,301,406,370,367,319,386,382,365,293,362,346,292,313,395,358,298,308,383,355,290,293,386,315,291,403,314,300,404,321,301,401,315,287,432,320,353,307,295,265,300,294,397,312,324,439,378,359,292,356,316,299,330,392,363,299,337,411,366,306,323,315,385,353,285,337,321,375,346,296,326,396,326,288,388,315,288,412,357,310
294,322,399,313,309,435,463,400,361,454,391,281,315,420,351,440,389,305,279,391,331,422,503,404,281,303,373,338,310,303,368,310,292,399,322,292,418,361,455,422,394,312,388,365,300,392,371,300,398,368,345,351,449,407,363,335,443,405,360,310,285,392,320,483,415,382,303,308,316,381,296,281,327,343,309,422,324,301,420,323,302,443,310,376,314,302,385,311,304,434,375,348,311,371,360,292,389,356,296,379,352,315,397,359,304,384,360,301,397,351,351,308,276,388,308,298,400,334,286,406,326,283,406,323,291,457,319,368,308,292,406,323,306,421,350,315,414,359,351,308,376,336,439,448,375,370,437,374,459,407,380,445,392,458,411,358,315,373,337,289,325,298,394,363,304,410,367,309,392,362,343,291,316,303,398,358,301,423,365,304,384,369,297,404,292,379,364,295,296,384,292,269,332,328,427,364,471,395,285,281,390,361,310,435,369,302,379,351,294,302,385,360,314,321,304,422,345,341,309,312,286,410,325,382,395,306,389,357,302,394,359,304,307,289,375,363,291,325,381,326,310,422,370,300,405,362,348,308,400,328,388,359,338,308,295,391,345,307,300,386,319,300,398,320,301,449,324,398,364,354,301,378,367,304,413,354,349,320,292,388,377,303,392,347,303,399,353,357,306,304,297,388,365,299,319,388,355,291,333,321,399,357,301,334,324,378,357,306,330,393,367,296,311,416,374,362,310,377,362,365,309,380,349,312,306,395,296,264,283,320,320,427,367,304,312,398,324,303,409,351,300,303,414,322,398,304,383,318,368,319,310,405,375,300,329,400,376,306,420,365,343,297,299,414,367,359,298,384,369,342,309,372,342,308,298,394,357,293,317,388,362,286,299,374,313,310,402,317,292,396,311,288,398,330,295,441,326,372,312,277,264,302,296,402,330,316,428,360,359,306,359,312,321,314,375,345,301,335,404,350,299,325,287,383,354,297,327,309,397,348,292,307,384,309,294,398,328,299,405,351,300
290,328,381,296,298,432,452,407,353,466,402,298,307,422,355,443,386,291,278,402,322,414,509,417,292,303,386,346,303,301,379,325,285,410,330,291,420,349,476,423,385,303,371,365,317,391,365,308,408,355,355,336,441,406,354,339,451,414,356,296,275,396,303,479,426,384,304,302,324,379,287,283,334,347,307,424,319,292,417,307,307,444,327,371,325,301,396,314,303,432,372,351,303,379,360,293,399,355,308,386,360,308,394,374,302,379,359,299,392,347,340,308,289,376,303,298,401,317,289,400,326,289,407,322,301,441,318,372,306,288,403,327,300,423,372,315,412,353,348,314,383,345,426,456,383,374,428,370,453,416,375,440,385,449,415,364,290,374,345,287,329,299,379,364,298,412,378,298,402,353,345,309,319,292,392,361,290,411,363,305,386,361,311,414,311,378,366,303,295,375,295,255,331,316,427,366,462,396,302,290,392,360,324,449,380,306,377,338,300,314,387,354,295,302,305,406,365,335,306,314,294,409,319,385,388,314,384,370,302,387,368,295,320,286,372,351,315,353,399,322,299,415,368,309,404,356,335,314,415,312,381,349,344,313,290,387,347,300,314,360,307,289,404,324,292,447,312,401,377,359,311,383,367,302,398,370,337,293,306,406,366,307,392,352,309,406,356,358,313,310,297,383,356,302,326,393,353,292,345,314,393,354,287,340,314,395,356,296,327,409,353,301,307,416,373,365,313,387,368,349,310,367,353,311,314,389,305,280,284,317,331,413,369,307,323,396,325,286,417,358,301,305,421,317,402,300,400,317,377,309,299,395,374,301,329,402,357,299,429,361,344,305,311,416,365,363,320,405,342,362,312,369,355,299,317,391,361,300,318,381,355,295,304,377,322,286,411,332,303,408,329,299,406,320,300,447,318,358,302,292,271,299,296,401,329,311,418,374,374,291,363,309,312,317,395,345,304,337,400,364,299,338,290,381,354,291,339,300,379,341,312,326,410,321,293,399,331,291,418,364,300
300,324,379,305,301,429,460,404,375,476,401,271,307,409,364,456,393,305,290,395,312,405,495,422,277,280,387,361,312,309,391,324,302,405,335,299,420,356,467,420,388,320,376,382,317,392,368,300,392,364,356,351,457,414,346,329,443,402,358,301,286,386,295,479,425,378,298,295,322,390,310,273,327,316,319,420,316,297,419,323,298,454,330,382,313,296,402,322,300,437,377,354,303,369,363,302,381,354,314,388,366,310,394,358,310,397,366,324,391,359,340,313,297,375,312,297,394,324,283,401,309,286,400,326,300,457,313,364,309,282,412,313,297,423,362,303,408,357,354,296,381,341,436,468,378,372,431,379,459,411,361,447,372,462,408,365,308,365,351,305,305,295,388,367,299,423,380,312,410,356,348,308,314,311,408,368,300,419,369,299,387,367,305,420,310,375,366,305,303,375,293,266,338,322,433,361,458,390,292,277,401,353,307,443,379,304,391,352,300,321,387,346,299,324,293,412,354,342,298,314,303,402,310,377,380,320,392,365,294,388,363,297,301,294,381,344,299,338,390,323,294,402,375,302,412,359,346,310,416,325,388,362,341,315,291,400,352,295,311,369,304,294,411,321,283,432,330,407,369,369,307,364,374,299,387,355,341,308,295,395,376,310,394,354,307,405,363,351,320,312,308,385,351,301,313,397,362,295,349,311,390,359,297,342,305,379,337,302,321,399,342,294,324,411,363,358,305,385,363,356,306,373,344,301,313,392,281,274,295,323,331,420,367,307,323,389,318,301,416,355,312,299,420,323,381,311,408,309,376,304,300,419,367,306,324,391,366,314,432,363,342,317,303,419,365,354,321,406,366,372,313,365,346,310,314,401,359,294,302,386,364,310,293,386,305,291,402,326,295,400,317,297,403,309,287,443,320,369,326,280,271,294,287,402,326,318,434,367,375,296,362,313,302,311,390,356,300,323,403,353,302,323,312,386,351,295,329,309,393,352,309,309,393,317,289,399,328,302,403,354,323
296,310,385,306,294,407,461,417,357,457,401,294,316,409,352,461,397,305,288,409,313,430,508,413,277,290,385,357,303,289,375,321,288,401,321,302,416,359,466,410,402,319,381,370,309,401,361,306,396,367,355,355,445,429,361,328,439,420,342,298,291,401,300,485,425,390,306,309,324,386,299,284,321,327,308,427,318,293,432,318,293,443,321,371,315,298,389,313,305,418,379,372,304,376,363,292,382,364,312,403,363,302,378,374,306,393,371,293,398,345,328,307,287,383,309,285,395,312,290,414,326,287,404,326,286,435,325,350,313,296,384,323,303,421,363,314,415,369,359,309,375,331,424,466,368,366,440,388,462,412,373,444,380,468,415,364,315,360,345,301,339,310,405,369,303,417,360,299,401,374,342,300,313,291,384,358,309,410,376,301,386,363,301,412,306,378,353,314,290,380,302,262,319,320,428,373,465,385,294,290,397,363,324,430,378,298,389,359,294,310,388,355,305,323,291,412,357,346,317,312,281,406,313,377,399,320,400,361,300,375,354,294,312,279,386,355,296,332,381,328,309,419,366,324,397,360,343,307,419,322,403,353,346,310,310,394,358,294,294,382,330,290,405,328,296,450,323,391,367,348,308,393,360,305,403,366,359,310,303,396,365,310,394,359,309,399,357,343,311,319,303,382,380,307,329,405,350,307,339,308,384,357,304,324,314,387,338,301,327,408,354,296,304,402,381,367,299,388,365,344,310,378,349,298,304,394,320,274,282,331,324,412,368,312,327,397,312,302,415,361,298,319,404,324,400,309,397,307,386,308,303,413,373,316,337,397,370,304,425,363,349,310,297,412,353,355,303,388,364,353,310,376,347,298,315,395,358,296,313,387,354,304,301,377,314,293,408,322,292,415,324,287,406,321,298,444,314,363,299,303,266,304,301,402,322,311,436,364,360,287,367,302,291,310,391,352,304,326,411,353,298,321,303,381,353,292,327,304,383,354,288,310,391,319,293,407,319,296,418,362,318
320,328,380,313,310,417,455,405,360,457,396,287,321,394,351,448,401,299,278,408,318,417,498,417,293,292,392,359,292,299,384,318,295,396,330,298,429,345,454,418,389,309,383,360,312,390,360,303,393,369,345,344,453,405,358,339,458,412,348,303,293,407,306,478,421,379,308,305,317,391,308,280,315,331,315,419,325,297,434,317,309,448,318,366,325,302,403,310,294,434,366,356,305,365,367,298,390,369,295,391,352,288,383,365,305,388,368,308,400,355,347,301,284,359,316,289,406,311,301,396,328,296,398,320,291,434,328,358,305,286,400,320,291,413,363,301,400,360,365,314,376,341,436,452,388,368,432,383,458,422,369,449,376,450,400,359,295,376,330,306,315,308,390,370,296,418,368,302,400,354,345,313,308,299,397,368,295,415,367,305,410,353,308,416,317,385,371,306,302,388,299,274,324,317,433,360,456,394,305,298,387,364,322,425,374,315,383,348,304,315,389,362,310,327,308,413,359,347,311,321,295,427,320,390,389,323,396,366,309,396,367,310,301,288,378,345,311,344,394,313,310,428,369,311,396,368,347,304,403,317,386,374,333,315,303,382,357,294,306,381,326,293,411,333,286,457,330,387,365,360,316,386,366,304,407,357,352,303,293,400,370,302,388,379,318,390,351,354,304,302,306,381,366,289,330,398,343,312,343,314,391,350,285,333,308,377,357,300,330,398,353,308,308,403,367,364,297,376,369,364,315,368,355,300,303,392,313,270,285,324,316,430,376,309,325,396,317,301,413,367,311,312,412,328,401,315,391,311,368,298,288,405,358,303,330,407,356,306,423,369,348,309,303,399,372,377,315,389,371,355,310,362,355,309,318,402,356,300,314,380,348,310,290,383,322,292,397,319,301,400,312,293,394,325,294,451,317,363,307,293,259,296,307,403,326,321,421,379,355,292,365,318,298,310,381,337,292,330,399,369,294,333,303,396,351,293,320,303,387,363,306,312,382,323,289,394,325,298,408,352,312
290,331,386,313,303,417,452,400,352,457,404,289,309,409,344,448,394,299,293,388,331,415,506,410,285,292,395,343,308,301,370,311,290,402,323,307,428,347,463,422,393,307,397,368,299,389,367,306,406,358,344,349,446,420,344,337,440,415,341,305,295,406,292,484,422,384,309,303,319,394,312,275,317,339,315,429,318,298,425,317,294,463,316,371,314,296,404,319,310,419,377,358,307,382,360,305,386,349,312,397,358,307,393,347,299,377,360,310,404,352,341,297,284,374,317,301,406,315,300,393,313,273,388,323,289,454,312,357,297,298,398,302,302,429,368,305,398,365,357,306,384,338,430,459,383,365,428,371,461,414,373,442,381,442,413,369,310,372,342,295,325,303,395,366,307,410,382,301,402,348,334,300,304,303,387,364,307,411,367,300,393,360,309,405,310,382,356,303,287,384,301,276,337,335,423,356,477,387,302,304,388,367,321,427,364,308,386,349,299,311,398,358,304,323,305,409,349,336,305,309,297,414,319,393,384,302,389,363,293,392,348,292,309,292,380,353,308,325,399,309,307,415,370,322,409,352,338,311,411,320,403,368,341,306,297,393,348,297,294,382,301,290,401,313,300,441,324,381,368,340,307,366,359,303,395,360,348,288,292,405,366,289,394,366,308,402,370,346,299,321,298,393,351,307,341,388,366,305,342,307,382,347,300,338,296,375,344,287,333,412,353,289,315,413,372,359,322,397,357,341,304,362,341,306,308,399,295,259,288,321,316,420,373,312,324,386,313,306,411,356,313,316,417,322,396,307,401,317,363,308,311,410,363,307,309,409,368,306,435,362,346,316,307,412,365,372,312,396,360,360,310,371,336,293,310,398,361,310,310,398,356,300,302,395,304,282,417,312,301,399,322,293,403,314,301,430,320,368,306,269,278,305,301,404,329,308,437,369,372,304,364,318,314,307,390,341,295,337,408,353,302,322,289,390,343,287,336,305,381,345,290,314,403,314,296,408,322,296,417,363,304
300,338,388,316,305,424,445,408,368,467,405,280,310,415,349,448,391,289,279,398,325,412,510,413,290,286,372,346,294,305,384,313,285,394,321,306,429,361,454,410,389,308,384,369,310,390,366,309,401,371,351,345,443,409,346,350,432,419,348,306,285,396,311,472,411,367,309,309,315,396,301,274,318,339,309,422,325,290,427,310,307,444,327,371,317,312,389,315,299,429,385,353,318,370,365,300,400,364,318,382,368,309,400,366,312,390,361,308,394,346,322,296,288,378,314,301,407,309,287,405,321,295,392,321,303,443,321,371,304,302,404,308,296,437,362,310,406,363,361,318,380,345,435,458,377,362,442,378,456,411,371,439,378,454,417,353,293,370,348,298,320,306,382,365,309,401,358,302,421,359,348,298,312,293,395,370,306,437,370,304,388,360,317,406,305,367,362,306,294,373,320,264,329,326,432,368,458,402,293,288,390,367,315,428,375,313,380,355,306,321,400,356,301,328,288,416,357,341,299,310,270,413,313,381,400,302,397,366,296,392,361,313,306,292,367,363,305,350,395,308,309,411,375,306,404,351,349,305,417,304,394,366,340,305,308,383,360,290,301,384,309,287,402,322,299,446,336,391,369,366,309,377,376,322,401,350,352,300,310,387,358,313,385,362,309,411,343,346,304,313,291,398,360,307,318,394,360,312,335,304,380,352,301,334,315,387,347,306,326,410,350,291,305,408,361,363,304,390,369,359,314,380,356,296,294,392,305,255,293,326,311,433,379,301,327,382,308,294,416,357,291,307,422,334,392,307,394,312,371,308,313,417,363,306,326,395,370,312,418,363,335,301,300,412,369,367,301,384,357,352,309,364,353,310,308,392,352,290,309,408,356,315,301,379,322,296,404,307,293,410,316,299,406,307,303,445,327,365,313,288,268,312,304,402,324,300,436,385,359,308,367,330,305,325,393,348,295,328,412,350,293,316,297,368,351,286,335,318,378,340,301,318,407,313,288,395,306,304,406,359,309
296,341,372,317,308,426,452,411,359,461,403,284,303,415,343,452,393,301,290,403,315,405,503,418,284,316,390,360,303,304,377,321,281,408,319,292,441,366,460,416,379,303,370,379,308,396,365,315,396,366,359,345,441,419,351,333,452,421,341,288,289,407,299,489,425,383,306,306,311,394,305,283,323,318,307,411,315,291,417,319,311,446,328,379,309,306,404,315,303,429,369,367,306,372,348,297,390,352,299,392,366,311,388,368,297,392,360,300,402,354,343,315,288,381,313,303,396,329,286,406,324,297,400,319,291,440,309,358,326,285,399,327,293,425,361,311,415,344,355,303,390,347,420,454,380,370,431,377,461,415,370,439,383,443,430,352,285,381,344,312,322,294,386,366,304,407,372,300,408,344,342,309,312,303,403,380,297,396,370,313,394,356,305,402,301,381,361,301,292,392,304,259,322,319,418,369,459,406,311,285,386,355,314,441,374,314,377,337,308,318,396,343,305,323,295,415,365,352,308,312,283,399,317,377,402,328,387,370,303,411,367,316,318,286,379,350,295,326,387,322,312,421,361,305,405,355,352,301,404,306,403,352,337,312,300,387,367,303,306,381,316,284,404,324,301,444,323,394,369,345,312,379,362,300,406,344,355,292,301,407,365,304,386,361,313,406,358,353,296,313,285,390,354,302,324,397,342,307,342,296,386,360,314,337,316,388,371,294,324,394,364,303,320,406,373,367,301,390,356,359,307,375,351,310,314,390,312,276,283,333,328,424,377,297,316,386,333,303,422,362,304,305,420,330,399,305,387,316,366,314,293,415,371,300,327,393,361,307,422,365,343,315,312,414,361,356,318,391,361,357,310,370,344,300,303,392,348,298,307,407,340,307,311,393,315,285,404,323,295,398,322,297,411,316,311,435,314,351,313,281,278,304,301,400,330,311,445,366,364,297,353,311,311,312,392,358,292,319,412,350,302,326,309,386,350,313,346,313,389,334,299,311,391,317,298,398,315,299,415,359,296
296,334,399,314,305,428,467,405,361,464,396,274,305,404,355,453,403,300,293,402,317,407,505,397,285,288,388,341,289,303,390,317,283,400,327,303,433,358,466,414,388,313,378,373,310,385,347,304,405,364,342,345,453,413,350,333,443,416,348,304,293,394,303,476,432,378,302,293,316,402,298,268,326,325,302,434,328,289,423,333,310,444,319,373,302,308,397,317,296,442,355,348,307,378,365,293,394,373,307,383,374,310,398,362,313,389,371,307,398,361,338,295,293,386,324,288,401,319,290,406,315,280,400,311,306,435,319,358,320,289,403,328,305,432,365,321,407,366,360,311,391,347,426,462,379,369,440,374,462,417,371,448,372,456,417,369,310,360,345,291,324,306,393,366,307,406,360,300,404,354,348,299,310,294,395,362,316,403,379,312,393,352,302,404,300,376,357,305,291,379,303,281,335,332,427,360,467,390,286,289,393,366,305,432,367,296,382,352,309,304,392,360,310,327,297,413,340,339,298,307,287,414,323,376,385,310,394,371,307,377,365,301,308,298,384,351,313,344,399,314,280,418,375,310,381,357,355,314,397,311,391,349,342,311,301,392,357,294,305,379,315,303,387,326,292,447,326,389,366,355,305,393,370,299,400,358,336,294,299,395,377,295,397,367,307,400,355,338,299,317,291,397,363,307,311,387,347,297,349,313,386,343,303,337,309,392,349,302,324,398,359,310,297,399,379,371,310,400,363,353,308,374,338,304,310,398,302,277,284,321,318,419,361,307,326,383,321,298,405,359,297,309,414,319,411,304,401,329,377,313,286,415,368,306,323,399,366,294,425,357,342,305,308,400,370,362,295,376,359,370,300,379,341,297,316,402,355,302,312,384,360,292,301,373,314,301,391,329,297,401,325,297,405,314,297,447,327,358,306,293,276,296,301,393,329,311,436,374,351,298,371,325,310,322,399,354,299,331,404,350,305,321,297,382,341,305,333,310,377,341,304,319,391,315,293,418,320,310,415,365,305
295,324,401,308,301,413,456,404,363,460,389,276,304,413,352,454,399,291,275,398,337,407,501,418,298,288,385,359,303,306,366,297,290,395,328,306,426,350,462,421,394,310,377,377,295,388,364,309,393,354,347,345,440,408,366,331,443,412,351,296,293,404,303,485,432,392,299,296,312,393,298,291,309,332,307,417,317,296,422,324,302,450,325,377,319,301,403,320,310,435,356,367,306,371,376,293,385,359,297,390,360,298,391,364,308,401,367,315,393,343,341,307,286,383,311,291,400,301,287,407,335,289,398,311,299,455,310,369,302,289,403,310,298,421,371,304,409,372,356,294,388,338,423,453,377,369,427,387,465,428,354,449,374,451,414,352,291,368,352,303,314,300,395,377,296,414,378,299,409,351,349,299,310,307,394,371,310,408,355,311,412,357,308,413,304,380,354,300,294,381,304,269,330,315,427,358,467,396,286,289,394,366,325,425,362,308,397,347,290,308,391,353,309,324,284,409,351,343,308,314,283,419,313,377,394,320,390,361,309,389,365,307,307,283,361,359,307,333,383,318,309,422,379,312,408,365,341,305,408,317,402,357,342,298,298,392,367,304,302,384,315,289,395,328,288,439,329,385,368,368,315,379,355,300,395,357,340,315,306,407,360,302,400,365,283,403,350,335,305,316,294,393,356,297,314,393,349,307,349,313,381,333,297,340,317,381,356,296,337,398,349,296,307,405,378,350,295,392,361,359,296,367,352,294,303,386,296,272,287,314,314,435,366,307,328,399,319,303,421,345,297,307,411,331,397,306,398,312,380,319,309,419,361,303,334,398,367,299,418,352,342,306,299,415,359,351,299,391,366,366,310,365,345,300,311,382,353,304,318,390,355,301,286,378,313,292,398,322,292,410,330,286,411,319,298,445,312,374,310,290,277,301,298,419,310,312,434,369,360,296,369,305,318,325,386,350,302,327,398,357,306,309,298,388,339,293,336,316,389,341,302,328,396,315,297,405,322,311,413,370,306
298,325,391,316,305,427,458,405,372,460,398,284,309,422,345,441,388,297,272,403,321,398,502,420,278,294,389,345,311,294,375,314,286,404,313,295,429,360,471,417,386,298,377,372,304,389,360,300,403,354,353,344,448,417,350,334,450,415,358,304,287,393,302,478,410,391,300,301,324,399,305,277,322,337,312,427,329,309,425,316,304,453,317,373,319,297,397,331,291,440,376,352,314,366,380,299,381,367,298,398,358,312,384,359,303,377,361,297,387,357,351,299,301,383,322,299,401,326,306,405,329,296,400,320,296,435,319,366,320,287,406,329,309,431,366,311,401,359,353,312,369,345,421,450,383,373,438,372,455,403,368,448,389,460,421,363,307,378,350,304,325,300,385,358,304,421,375,303,404,356,332,304,324,294,384,360,290,404,378,305,385,372,309,408,301,388,361,312,305,381,301,264,333,325,439,367,470,405,288,291,403,375,321,437,379,310,386,352,300,313,389,368,306,312,297,416,358,346,315,325,302,427,326,390,390,307,397,358,307,387,352,298,313,280,377,341,304,329,391,327,291,422,373,300,405,358,345,304,401,319,388,367,335,298,293,395,343,300,291,371,312,305,395,322,292,447,328,393,373,356,309,373,354,312,393,364,350,302,297,386,366,301,389,364,305,398,361,351,308,300,299,388,365,301,329,394,354,316,338,300,390,355,300,345,306,389,360,302,331,407,348,297,299,409,368,358,304,395,362,362,303,368,341,303,296,390,296,269,282,334,323,427,364,293,319,392,315,308,417,355,313,299,413,309,406,299,401,314,384,326,293,415,366,299,333,401,350,317,420,372,347,310,302,414,365,363,304,393,353,348,302,369,350,298,295,390,368,296,313,396,344,296,304,383,310,287,412,321,297,404,329,306,408,324,280,455,333,363,309,298,278,294,288,406,330,301,437,357,369,296,361,322,305,307,391,346,294,334,413,359,302,316,297,396,355,297,343,310,393,340,293,326,395,327,287,400,329,306,398,345,302
306,330,389,319,288,424,456,412,361,474,391,284,304,415,348,453,395,299,277,398,330,414,501,405,292,286,388,376,297,297,379,318,288,408,319,305,414,343,460,418,383,303,384,366,309,394,379,307,393,347,350,351,448,404,357,338,441,408,348,304,284,392,291,480,431,374,306,309,312,400,301,284,320,332,313,423,323,297,425,330,314,439,323,379,306,307,400,313,302,439,373,361,306,375,364,291,398,362,302,381,357,293,390,356,308,388,362,307,402,358,350,305,301,374,305,281,412,331,296,409,326,305,403,333,311,445,329,369,303,285,401,316,306,432,367,305,397,360,364,303,390,344,435,455,379,355,426,381,457,404,375,442,377,457,411,364,293,368,343,291,323,300,376,364,308,404,358,311,399,363,343,309,296,316,387,367,304,414,369,312,388,370,296,408,303,391,358,305,307,391,292,263,323,325,432,354,463,394,292,287,392,348,319,423,372,304,370,362,301,311,401,354,306,318,301,417,359,341,309,322,292,414,309,384,390,300,393,368,316,383,351,294,310,290,394,333,307,327,394,320,311,418,359,313,404,362,362,309,418,312,377,353,344,305,309,394,340,288,303,376,315,295,395,314,302,428,328,388,380,360,310,386,355,299,395,353,345,304,298,390,362,313,390,353,305,402,356,341,301,324,295,382,363,299,319,389,348,298,347,309,397,354,303,335,317,374,330,299,336,403,353,295,302,399,367,345,304,400,357,344,306,375,351,298,305,397,286,267,284,314,312,432,360,314,323,392,309,293,414,351,296,296,405,334,397,303,387,315,378,313,295,406,362,304,327,399,373,304,407,365,339,313,290,416,367,355,309,388,375,359,312,365,345,300,306,402,346,289,313,384,364,298,294,374,319,282,402,320,289,407,328,275,398,331,296,443,331,355,299,274,289,309,299,401,331,321,441,371,357,298,353,305,304,316,371,351,291,334,404,357,297,326,290,375,344,295,331,305,392,332,294,325,405,318,295,396,328,300,402,363,302
298,330,393,308,311,423,454,409,351,456,391,295,307,416,362,452,395,293,286,401,319,416,499,413,292,293,389,353,305,301,379,311,285,391,317,300,420,360,470,424,386,309,390,364,304,389,352,291,411,359,355,348,451,405,355,338,445,401,347,300,276,406,299,482,421,388,296,306,311,394,311,272,328,329,317,420,332,298,411,311,302,452,315,368,313,306,399,322,295,433,365,364,306,383,372,301,395,348,305,391,359,301,398,355,307,394,365,307,410,358,354,309,296,378,323,298,405,322,291,395,308,299,400,327,293,444,326,365,297,283,400,304,306,415,368,308,398,355,356,300,386,346,433,455,390,374,434,387,469,425,367,441,379,437,430,361,287,381,353,312,313,303,387,373,298,415,373,309,408,355,347,300,304,299,398,360,318,425,363,301,382,370,315,409,314,382,371,294,298,384,301,259,322,328,425,363,460,399,285,294,382,360,314,422,365,307,386,340,304,308,406,352,312,320,285,408,348,340,308,317,296,417,311,391,382,306,392,369,290,388,365,292,309,294,376,340,311,335,406,322,314,420,360,314,408,363,343,303,408,315,394,354,333,304,305,392,350,310,305,380,325,300,399,318,284,431,328,409,385,365,301,376,362,294,404,353,335,300,311,391,370,308,403,357,309,400,362,347,305,312,304,397,353,284,327,385,344,298,335,307,391,349,304,332,312,392,339,299,335,403,366,305,308,401,368,360,319,406,379,369,301,369,351,315,300,393,302,269,293,331,320,414,366,318,316,380,320,297,416,352,311,291,397,332,409,309,399,316,386,315,301,412,374,315,334,394,359,315,423,361,339,300,300,419,361,368,292,401,358,349,311,377,349,306,309,378,353,311,313,380,347,314,296,376,313,283,404,321,285,399,318,307,399,323,290,435,315,355,313,284,284,302,299,403,328,322,433,379,359,292,360,315,313,324,391,353,307,325,398,369,311,325,301,380,345,289,348,308,382,347,301,321,407,316,283,395,322,309,410,359,297
313,340,404,315,304,417,465,401,358,467,395,271,306,421,360,448,410,296,279,397,305,403,513,404,281,287,402,350,303,305,376,302,300,401,317,297,426,363,450,413,392,311,385,371,297,388,365,317,401,362,351,336,453,402,360,351,448,413,347,305,279,405,290,495,433,373,295,300,314,384,317,262,321,334,329,420,324,290,415,320,282,432,330,366,318,297,400,307,305,436,376,355,301,380,379,293,389,377,309,390,363,297,395,359,316,389,357,297,395,347,349,322,279,377,313,285,400,315,297,397,321,291,419,319,292,446,311,362,295,282,392,314,304,418,370,313,406,356,357,312,389,340,433,452,384,368,434,375,460,420,366,438,388,451,420,362,301,354,353,294,331,293,398,365,300,427,365,308,400,351,346,295,315,302,387,364,291,401,368,310,385,369,307,412,313,377,353,301,292,362,287,259,325,331,440,369,464,400,302,292,389,366,315,429,366,312,380,365,295,306,397,351,303,311,301,396,351,348,307,309,301,397,320,384,395,313,394,359,314,379,363,303,311,275,378,347,305,337,412,317,305,418,376,298,414,361,352,308,411,305,400,346,342,292,292,388,347,296,294,383,322,282,408,326,302,437,328,395,374,348,302,377,360,301,408,353,336,287,296,398,370,304,386,361,317,396,367,355,299,305,293,391,357,299,340,385,351,318,344,311,389,358,302,343,311,385,351,294,339,403,371,296,309,401,371,362,297,390,353,345,304,372,356,297,297,399,294,269,286,326,319,438,362,301,329,396,308,296,417,367,305,308,403,323,407,302,400,325,363,309,303,408,372,300,320,400,362,317,425,352,341,306,298,419,364,371,298,388,364,360,309,370,357,297,319,399,362,304,312,387,363,301,306,379,331,291,399,335,290,401,334,271,398,325,291,444,311,372,333,299,283,311,291,385,328,321,443,371,347,282,364,304,314,325,397,344,296,331,402,370,307,309,289,401,351,296,344,303,385,349,291,336,390,315,289,403,312,303,402,355,310
303,331,394,304,308,427,450,407,366,464,404,257,309,406,347,444,409,306,279,400,306,400,511,417,292,281,384,355,310,312,388,328,304,400,334,298,421,364,455,406,386,317,381,361,298,408,356,302,386,362,344,354,450,416,360,342,443,416,365,293,287,393,295,480,437,384,311,303,318,381,306,283,306,324,317,438,319,307,423,319,298,430,311,387,318,306,394,323,299,426,379,358,320,378,373,300,396,369,304,389,363,312,396,376,299,394,364,295,400,362,343,300,294,390,310,293,408,319,284,393,329,298,402,315,290,448,319,367,313,294,396,323,309,428,372,306,413,370,357,305,388,334,450,454,380,365,428,392,459,427,354,438,374,448,415,359,297,365,357,300,325,294,389,365,287,414,369,306,400,358,344,311,321,302,390,365,307,402,369,292,391,378,302,406,319,377,352,296,294,377,294,261,319,336,428,356,460,402,294,275,384,355,319,425,357,313,385,351,306,303,400,351,313,305,288,416,354,339,305,309,303,421,318,384,397,311,410,356,306,395,352,304,300,293,374,339,303,335,395,330,294,418,374,309,409,361,352,301,404,319,404,343,350,301,312,400,362,306,307,375,319,292,396,324,295,445,327,396,380,360,312,361,370,297,405,372,352,309,308,396,365,312,397,350,302,393,355,353,309,313,289,392,358,295,326,386,366,299,336,309,375,351,298,329,312,389,363,290,319,407,364,288,306,401,384,351,306,403,364,358,306,364,341,302,304,395,310,261,292,330,319,429,359,299,315,398,313,305,416,351,292,314,420,313,407,310,396,316,379,312,296,392,372,297,328,405,360,295,425,365,349,302,289,395,351,363,298,398,364,348,306,373,340,294,300,409,343,301,318,385,358,298,298,373,318,295,404,317,288,407,335,300,407,311,298,456,326,360,303,296,277,302,295,395,323,306,434,378,353,299,360,308,311,310,386,361,296,334,401,349,307,333,290,388,348,293,344,310,383,350,297,320,401,325,293,409,326,298,418,363,322
307,326,400,317,290,423,448,412,374,456,398,284,303,420,356,451,396,300,276,408,321,395,489,412,288,297,392,356,315,305,381,307,291,403,323,298,421,360,451,419,394,319,386,358,322,399,367,299,406,363,338,345,444,400,345,339,440,419,351,307,277,404,289,477,412,379,306,304,324,375,311,278,316,323,313,401,316,291,427,314,296,457,304,367,320,306,397,322,302,429,360,377,315,378,363,305,388,381,297,375,379,284,387,362,317,399,357,307,397,361,340,318,291,377,307,294,411,328,291,396,324,309,399,325,302,441,327,369,315,302,401,311,301,416,372,316,401,361,349,302,385,347,423,454,387,365,430,391,460,421,391,456,374,467,406,350,299,375,339,292,329,296,388,364,304,414,369,308,408,350,344,301,307,302,395,364,301,425,370,306,387,372,301,417,310,369,369,298,307,371,293,279,307,329,444,370,459,389,300,295,380,365,331,440,377,315,385,352,301,307,379,360,301,306,295,404,357,334,307,334,297,413,318,379,388,316,384,371,298,406,356,314,318,287,379,337,311,340,417,329,302,418,372,311,401,364,355,309,411,310,386,354,339,307,288,386,339,294,287,382,324,288,393,322,296,446,342,390,369,350,320,371,368,309,407,359,353,300,304,398,378,305,394,371,304,400,362,336,302,313,308,385,362,300,317,399,349,291,346,311,385,344,287,344,303,388,348,295,328,409,353,296,308,413,365,352,305,383,367,361,307,378,346,297,309,380,302,260,292,314,314,425,373,303,330,399,323,308,414,363,317,308,408,322,393,308,389,319,373,317,298,415,363,313,338,396,362,304,432,360,345,307,286,424,372,358,296,400,360,350,301,362,351,297,314,393,371,310,310,385,363,310,305,368,318,291,418,322,288,389,327,300,406,334,294,441,313,369,302,290,283,302,297,405,326,321,441,375,364,289,347,320,311,311,389,348,288,327,421,358,311,325,291,386,355,287,328,309,398,346,297,311,398,336,284,411,309,301,407,353,305
302,323,407,323,302,418,453,415,361,457,403,284,303,418,340,446,400,295,277,381,319,425,498,402,298,305,383,349,300,310,369,325,282,407,327,301,424,350,460,416,390,321,374,367,304,388,362,306,394,377,357,342,447,405,348,340,434,416,351,285,289,400,311,485,423,382,306,312,308,401,298,277,320,339,309,426,330,303,428,314,313,435,317,377,320,296,410,309,309,426,378,359,294,373,361,299,393,365,308,386,356,320,388,363,307,389,358,300,401,354,343,307,298,376,309,299,405,327,293,409,331,296,406,321,289,444,323,355,311,284,401,321,307,413,377,315,409,365,349,312,391,341,433,449,383,362,422,381,457,413,364,447,374,454,420,353,285,371,347,303,327,309,398,373,293,423,379,296,398,362,346,301,320,295,384,356,308,417,373,312,368,373,308,413,306,391,365,310,294,376,305,259,334,334,437,370,471,386,297,283,390,353,315,443,369,297,383,342,299,315,379,363,297,315,293,412,359,331,313,321,290,425,326,384,375,298,389,360,295,398,357,315,312,275,377,335,308,338,405,322,295,431,364,297,412,366,345,311,410,326,402,358,344,313,307,385,349,302,302,387,327,293,408,331,301,447,305,380,386,357,305,389,374,298,412,356,350,318,306,397,379,303,393,369,321,401,357,348,303,325,312,389,361,306,325,388,354,297,347,315,386,350,305,337,307,386,338,301,346,412,353,300,311,419,364,366,288,362,372,359,298,365,343,291,310,385,302,278,297,338,313,418,361,297,323,391,302,295,408,363,313,317,410,345,403,304,398,320,373,309,305,423,356,303,332,394,365,300,416,368,347,300,295,414,345,344,300,383,365,361,308,379,345,307,315,402,352,298,324,387,353,296,299,368,328,299,408,325,303,402,316,293,402,322,302,434,322,364,292,294,273,291,314,406,324,322,424,365,361,295,372,304,309,308,391,358,299,337,396,363,307,321,302,380,349,299,327,292,388,351,294,330,400,311,288,400,326,300,405,352,313
302,336,386,314,308,411,445,401,362,465,393,282,303,415,349,457,402,293,274,387,322,417,505,425,283,279,390,352,307,300,378,310,285,400,320,301,412,359,469,410,395,322,385,368,314,391,370,313,393,373,366,351,448,409,344,345,447,404,354,304,291,400,296,477,421,384,315,303,318,382,300,274,321,347,318,420,303,304,431,327,299,444,314,369,313,302,418,320,318,440,378,373,314,377,369,305,382,363,306,382,367,302,391,373,317,384,371,314,401,358,342,292,303,375,309,277,397,322,298,392,329,286,419,328,291,440,316,369,314,290,405,315,305,414,365,303,408,370,362,299,381,341,430,457,382,365,415,382,460,403,370,445,386,447,427,350,297,360,341,306,324,294,390,361,294,405,372,310,406,349,347,301,316,286,391,366,312,410,368,299,393,363,304,410,311,378,365,297,300,377,297,279,325,322,440,376,478,386,299,301,389,380,316,433,363,307,390,358,300,307,394,348,305,320,310,399,358,342,297,324,279,413,317,395,396,318,395,369,291,400,350,292,298,293,390,342,306,344,403,321,294,419,377,314,404,358,352,299,407,323,394,361,339,299,291,385,348,304,304,383,314,291,409,333,299,456,328,404,375,348,316,380,361,310,412,366,345,303,317,403,377,305,395,360,301,395,346,345,303,306,301,400,361,303,342,391,353,306,339,318,380,337,298,332,308,373,345,297,327,394,358,296,310,412,361,357,305,399,370,364,305,376,350,302,307,390,311,252,290,329,321,417,366,296,335,400,311,303,424,367,297,301,423,335,413,302,388,309,383,306,301,403,359,312,336,410,376,306,416,351,346,311,296,405,369,358,302,396,366,345,307,373,345,302,316,398,361,300,314,382,359,312,298,382,323,294,410,309,298,408,328,287,400,321,294,438,332,373,312,296,276,298,303,400,334,308,427,381,357,290,365,306,303,312,387,340,292,327,383,348,307,320,283,389,353,298,343,305,389,338,298,325,389,319,285,393,322,291,414,354,310
292,327,385,316,297,416,463,403,360,461,390,287,297,415,351,447,422,298,295,396,318,410,492,414,288,296,380,337,302,292,376,320,296,405,336,298,427,360,468,424,390,320,380,365,296,382,363,319,407,365,353,344,447,411,343,336,443,414,360,297,291,403,307,488,429,382,307,291,306,382,302,274,321,328,317,431,305,300,413,318,300,456,316,372,315,297,403,316,302,442,372,356,304,377,356,292,392,361,309,394,355,302,394,370,304,391,375,303,403,346,355,305,300,383,319,288,400,329,290,402,322,313,383,327,298,443,332,362,312,292,402,330,305,418,370,306,393,361,359,303,388,345,437,457,373,364,426,381,470,414,370,445,396,457,427,357,292,365,350,304,319,298,401,373,306,414,368,305,405,362,334,298,314,298,380,371,312,424,364,310,396,373,310,405,297,381,365,304,296,380,298,268,316,319,424,365,469,401,293,289,389,368,331,435,377,290,383,348,313,314,394,354,293,309,294,405,358,342,311,326,287,418,315,373,386,303,390,366,304,394,354,310,316,303,387,342,295,335,405,320,301,427,365,308,408,341,352,298,405,319,391,353,332,303,299,395,349,306,306,381,320,296,410,322,284,438,333,392,378,353,307,367,369,305,399,352,340,302,306,387,364,298,402,359,301,415,352,339,302,310,308,382,367,303,335,385,352,305,340,309,383,340,296,356,304,387,343,298,337,404,368,306,314,406,379,346,313,387,362,355,303,366,353,292,295,393,306,266,286,332,322,424,362,299,321,402,318,306,409,368,299,300,410,336,396,301,397,302,374,299,295,408,372,308,325,411,371,310,427,364,338,311,304,417,379,362,300,392,350,350,309,368,340,308,316,396,346,308,312,380,364,290,301,375,324,276,390,320,305,396,322,295,408,322,306,446,317,358,297,300,276,305,303,398,326,319,432,375,356,291,359,327,311,323,391,349,285,331,405,356,302,328,301,383,352,303,332,315,390,340,316,327,396,307,289,402,323,298,410,367,314
301,326,398,318,304,426,461,406,350,466,386,285,310,418,357,467,401,306,273,400,319,411,504,405,294,288,383,352,303,297,380,319,291,405,321,293,439,355,470,413,380,318,383,369,316,393,373,302,403,359,364,341,468,410,340,343,456,423,354,298,285,397,297,487,431,378,320,306,305,386,308,275,317,345,314,420,323,298,431,323,292,465,319,369,310,300,401,329,298,434,361,364,308,375,371,303,394,363,298,377,355,305,385,377,309,379,355,311,403,350,334,309,294,387,313,283,404,318,299,390,325,305,413,319,283,431,311,356,297,290,401,320,315,413,375,305,407,372,355,310,403,342,428,453,383,370,435,386,458,416,370,444,389,458,411,359,309,361,349,309,304,291,392,375,303,414,359,298,402,357,336,306,317,293,384,356,288,405,378,305,394,370,304,409,317,362,368,305,295,377,309,269,334,318,429,370,460,405,304,301,389,372,315,444,366,304,381,343,300,300,389,350,302,332,304,407,350,342,315,316,289,414,312,400,394,324,387,358,295,397,358,295,313,293,373,346,310,332,395,308,299,418,380,317,396,355,347,306,420,314,397,347,342,304,302,388,357,301,300,381,310,286,405,322,305,447,311,398,363,360,312,375,361,293,398,355,341,307,285,396,375,308,400,361,302,403,353,349,307,309,295,387,356,302,325,388,345,303,343,292,387,354,300,341,310,381,351,302,334,408,359,290,301,408,374,364,308,389,358,343,303,378,359,300,299,391,310,269,292,324,327,429,369,303,326,408,319,303,417,347,313,305,413,320,407,321,381,323,382,300,305,416,370,299,324,396,356,297,416,365,342,307,298,428,371,359,308,384,356,351,307,368,341,301,313,388,350,304,307,394,363,300,302,372,309,300,389,328,307,403,329,302,407,319,305,441,325,366,309,286,267,305,294,406,323,311,430,378,354,298,374,315,314,320,390,355,295,336,394,356,304,327,300,387,349,291,323,303,389,349,310,316,394,317,281,400,322,297,416,355,310
302,326,389,315,313,425,467,431,362,467,403,274,299,409,356,452,393,300,273,393,312,431,499,402,288,300,404,353,297,300,363,308,288,402,327,298,435,352,467,418,399,321,387,368,304,378,369,297,396,366,350,352,452,420,339,326,442,414,351,303,286,393,308,478,421,378,318,314,317,396,309,281,324,338,323,424,317,294,435,309,283,456,318,382,328,307,382,330,295,438,371,353,305,365,351,309,385,355,319,387,373,313,403,357,302,380,362,310,404,347,344,297,285,373,312,293,404,316,296,409,313,302,403,326,304,446,312,361,299,297,406,325,299,434,377,298,393,362,367,311,394,355,433,445,369,373,431,381,462,428,373,444,380,465,416,360,289,364,349,301,310,313,397,364,298,425,370,293,395,361,344,313,322,309,386,370,309,416,368,309,391,369,313,406,303,382,376,307,309,380,308,270,324,328,441,373,472,402,300,288,391,359,313,437,374,312,380,348,299,311,380,357,303,315,287,413,356,334,307,315,281,410,316,380,393,305,400,344,308,386,364,290,309,285,377,340,302,341,400,326,313,427,374,314,404,351,345,311,409,317,393,362,340,308,296,386,360,292,305,391,317,292,422,317,303,446,339,396,364,362,302,368,353,303,390,353,344,302,305,399,367,315,399,349,292,414,351,354,293,301,289,390,357,292,326,397,349,307,336,313,381,364,298,335,314,377,347,293,341,405,349,300,310,400,364,353,295,389,372,352,305,367,349,297,306,397,308,258,287,316,336,429,358,316,321,395,322,301,422,364,296,311,414,327,393,304,391,328,375,315,287,406,364,309,336,395,364,307,425,365,352,311,297,406,355,357,311,394,375,355,302,382,348,301,313,396,349,301,320,373,361,308,300,379,313,296,406,323,307,401,326,288,405,326,298,449,314,335,308,278,277,298,308,400,324,318,426,383,358,289,357,303,309,300,386,343,289,332,407,371,300,320,302,380,346,297,345,311,380,357,294,324,388,317,275,403,320,291,415,356,317
307,320,382,303,296,422,460,415,369,463,394,286,310,409,356,458,397,300,269,399,320,395,514,423,273,293,384,355,312,304,376,318,299,406,317,316,421,346,466,421,395,298,387,365,297,389,358,308,395,365,359,343,437,415,354,350,456,418,370,304,288,406,298,467,432,397,301,300,325,383,304,284,332,348,310,411,327,301,419,327,287,459,321,372,302,299,393,314,296,439,370,369,315,368,364,302,385,371,299,411,372,316,392,362,303,396,349,326,397,352,348,302,283,370,319,281,409,328,288,392,320,292,406,325,297,445,325,361,314,290,403,310,307,421,366,304,403,379,357,301,376,340,414,443,373,375,434,382,461,419,363,439,387,464,416,368,308,363,351,298,323,295,393,371,301,412,365,307,391,359,345,302,304,301,384,361,309,420,369,316,400,371,311,405,302,377,359,304,295,376,305,266,319,322,420,366,474,388,280,288,373,363,323,425,355,302,380,351,307,312,397,356,294,326,299,422,368,336,311,317,297,410,313,375,393,305,399,361,301,395,352,288,314,286,367,354,327,344,378,318,305,414,365,305,407,363,354,316,414,308,392,361,353,305,302,382,360,311,297,382,305,290,412,332,297,435,335,392,381,359,312,385,369,308,402,363,336,303,299,398,367,302,394,359,296,406,367,340,292,332,304,383,368,299,330,396,356,299,338,312,380,346,307,330,302,400,358,300,331,406,365,290,309,409,367,372,299,386,371,351,315,377,358,295,299,399,305,268,290,330,324,429,363,297,319,390,315,308,408,364,309,307,419,328,400,296,394,331,377,313,291,409,372,304,328,403,367,312,424,370,347,306,299,408,371,359,298,395,364,358,310,374,335,285,316,399,351,317,316,380,356,306,296,371,323,289,399,324,292,406,327,293,407,329,299,439,336,350,302,301,293,308,303,419,315,317,442,364,371,302,368,302,317,313,390,351,281,325,397,361,308,331,308,385,357,295,341,306,378,339,304,327,392,320,290,398,321,293,422,363,312
308,336,393,306,315,416,443,411,350,466,402,278,296,410,347,462,404,295,278,409,327,417,504,421,287,297,389,363,300,311,389,326,304,410,308,306,413,353,464,421,378,320,385,362,303,413,365,301,401,372,344,360,453,405,337,326,446,426,350,300,281,400,294,478,437,394,297,301,316,399,301,276,326,342,306,416,333,304,410,308,310,442,323,371,309,305,404,321,303,440,368,360,301,374,370,309,390,372,308,386,372,303,389,371,306,377,361,299,389,359,340,304,283,376,318,295,398,328,297,408,324,286,414,326,299,455,313,365,304,296,398,312,304,409,379,310,401,353,370,313,381,353,433,458,372,357,427,380,472,411,372,440,373,459,416,354,315,377,340,294,321,312,375,357,310,401,380,310,406,353,335,314,311,293,391,372,314,414,364,305,406,375,310,408,313,378,369,306,306,393,315,272,333,319,430,353,468,391,304,297,393,363,315,443,367,311,376,356,293,309,399,350,304,321,288,400,340,346,307,313,294,413,315,379,383,319,391,361,313,391,376,299,310,292,365,346,310,334,408,299,313,417,362,294,409,351,340,311,403,311,386,348,349,305,290,386,349,308,301,372,323,306,399,320,300,444,325,393,374,363,304,383,362,304,407,355,337,308,292,402,367,304,400,364,308,401,349,332,295,309,304,396,355,290,333,392,360,295,362,314,390,350,311,334,308,386,358,295,329,411,369,294,302,420,382,361,310,382,373,358,294,369,338,300,307,388,311,260,296,316,333,418,369,297,329,399,316,300,406,358,305,299,409,322,396,301,389,305,393,316,296,390,374,307,314,399,354,302,417,363,344,306,305,400,360,346,307,388,358,352,303,377,339,297,310,392,351,310,317,376,345,298,300,363,316,298,409,318,288,407,320,295,400,317,296,438,322,365,304,297,275,308,294,394,328,322,430,372,365,293,372,305,310,310,380,355,298,332,400,353,306,314,298,375,344,295,326,303,380,360,301,325,389,309,295,405,322,302,427,371,298
310,337,399,300,307,419,459,399,368,465,400,289,295,412,357,454,397,300,285,398,323,423,514,416,284,298,384,357,296,284,387,319,308,403,333,296,417,358,462,409,400,314,380,359,303,394,379,318,397,377,352,341,439,424,349,347,445,409,343,309,284,398,308,470,427,379,303,301,322,389,301,272,335,329,315,428,316,299,425,315,301,465,313,362,315,313,404,331,302,432,373,381,304,379,356,301,396,365,311,389,357,308,394,372,301,393,365,300,381,358,334,303,296,379,318,287,414,320,305,401,318,297,397,327,298,438,303,374,303,283,407,323,307,418,364,317,387,364,360,298,387,339,426,456,380,367,427,379,457,406,378,441,385,443,434,355,313,383,346,303,319,298,389,360,311,414,377,296,406,350,343,289,314,299,394,362,301,413,368,316,400,357,310,406,300,381,365,309,307,389,296,275,329,322,432,375,459,399,292,287,389,354,302,434,374,306,390,341,305,307,392,354,308,329,291,421,357,342,309,329,291,420,322,381,391,307,404,363,306,386,359,291,312,291,371,355,316,340,398,313,306,437,385,320,402,361,341,308,410,312,392,366,342,315,292,380,349,301,311,383,309,304,410,325,299,442,341,395,368,363,323,373,364,297,402,370,349,304,302,400,363,307,398,375,310,406,358,340,299,315,290,393,361,289,324,386,350,306,344,316,380,343,306,331,314,388,357,298,341,410,367,301,309,398,374,359,315,386,368,343,304,388,349,301,318,405,307,270,289,322,322,425,367,300,324,396,323,303,432,354,309,302,423,325,396,300,386,315,380,308,309,409,364,292,327,401,359,310,428,357,352,302,307,414,352,359,305,390,360,361,304,390,352,292,312,399,356,303,305,397,355,300,311,375,324,296,388,317,298,402,310,284,387,315,285,448,312,358,310,279,273,291,297,401,307,318,425,373,354,295,369,319,307,313,379,347,296,322,399,364,324,326,295,396,342,309,338,300,392,358,306,321,392,305,289,404,317,294,406,360,303
309,332,405,320,296,419,451,402,367,452,398,277,314,422,356,440,394,308,280,392,313,414,501,414,291,304,400,354,308,292,360,311,295,414,323,301,420,356,463,411,387,319,380,369,303,391,367,297,392,353,351,348,455,420,367,335,438,418,344,298,282,403,295,477,430,392,301,305,304,397,308,270,327,333,324,427,330,303,419,312,293,445,319,374,314,302,402,309,300,443,371,367,298,381,373,306,395,354,300,387,364,302,388,353,298,394,347,300,397,358,347,310,285,385,315,291,404,330,299,406,321,299,405,319,293,454,324,365,303,288,406,314,298,426,384,303,400,358,356,320,384,335,436,452,388,370,429,380,471,410,369,461,392,441,422,368,302,363,358,302,314,294,391,370,315,423,364,303,394,351,350,304,309,317,395,374,299,415,367,306,377,357,315,413,306,378,366,301,302,372,303,272,340,328,434,365,462,390,288,286,394,363,318,444,380,312,371,347,325,322,393,344,313,330,306,412,354,343,310,335,298,410,318,382,401,317,384,351,301,385,364,296,308,285,380,350,305,341,401,326,293,413,376,308,410,348,351,324,405,327,388,357,330,305,304,389,356,316,288,369,308,285,406,315,292,454,330,382,374,356,304,382,360,302,397,356,341,299,289,387,371,297,399,367,303,400,361,356,315,319,307,390,358,283,317,385,351,304,344,311,378,336,311,335,306,378,358,304,325,408,366,296,317,406,377,347,324,386,368,360,297,364,357,297,301,392,295,270,292,320,327,432,378,296,304,398,329,301,417,364,302,309,411,325,386,302,385,306,376,316,295,411,367,301,317,408,360,307,427,366,351,317,312,414,365,364,312,386,365,364,300,370,355,297,303,386,346,303,299,386,367,300,297,377,327,301,407,324,303,394,330,294,397,324,299,441,308,366,316,301,282,310,305,406,326,314,420,372,371,295,361,310,314,314,388,352,300,331,414,355,310,317,296,390,337,302,327,299,389,353,299,315,399,312,297,406,322,299,411,353,319
305,332,382,316,302,418,456,396,352,464,404,279,286,410,358,449,401,297,289,404,322,410,487,418,268,293,378,345,305,301,379,319,297,411,328,300,432,356,463,414,387,310,370,372,314,387,354,303,405,371,354,351,442,410,347,326,451,411,343,299,290,413,295,489,417,383,293,311,324,387,288,285,327,334,316,415,316,290,434,317,300,444,318,373,312,297,408,320,302,435,380,361,300,371,357,303,392,358,310,386,362,332,380,361,308,391,348,319,405,346,353,288,300,373,321,290,404,326,286,405,324,282,409,325,296,435,317,362,294,289,417,316,296,413,358,299,401,336,360,309,370,340,433,453,379,357,432,380,454,418,363,448,391,452,415,356,288,366,347,294,326,310,390,369,297,407,366,318,391,352,346,289,320,307,384,362,305,416,373,311,394,362,301,408,309,374,369,296,306,397,301,272,329,328,434,351,460,396,302,287,392,367,323,435,375,308,374,351,308,321,398,350,313,322,276,408,367,351,311,319,285,398,316,381,401,321,385,359,306,385,364,291,309,286,372,343,304,333,400,316,310,426,368,299,394,342,350,308,414,306,395,347,337,305,298,390,352,307,303,378,331,290,404,316,312,436,330,392,370,362,318,377,360,299,402,347,351,305,306,397,363,305,388,365,314,396,354,352,296,305,308,391,365,306,323,392,357,297,350,301,380,348,305,331,306,390,346,304,320,404,354,305,307,398,365,354,305,395,358,362,308,383,330,293,306,388,293,268,288,324,328,420,355,290,326,389,320,299,408,358,305,293,422,330,394,313,399,312,367,309,291,412,362,307,335,402,356,311,431,364,348,306,302,419,361,360,305,395,360,354,296,369,357,294,329,399,360,291,308,381,355,302,294,374,314,294,407,322,305,405,320,289,403,314,297,437,308,374,312,307,274,289,304,398,330,314,429,364,373,292,346,313,305,326,393,344,287,330,406,353,305,319,299,385,356,296,327,300,384,346,301,330,402,319,292,408,317,306,412,361,322
288,321,397,309,315,417,455,402,369,468,393,279,307,405,349,453,395,295,288,408,318,398,501,410,272,297,385,356,290,305,371,321,292,420,322,304,421,347,454,418,393,310,377,363,305,390,372,315,413,370,360,342,443,413,352,335,433,419,334,305,295,392,298,487,417,386,303,300,311,401,311,277,321,340,320,419,324,298,426,323,306,447,322,378,322,293,402,325,313,433,371,371,305,368,364,312,381,363,297,385,369,305,398,358,307,399,363,308,401,362,350,307,294,381,314,292,407,323,298,404,326,280,395,305,284,443,323,357,306,287,391,303,307,425,378,304,409,364,367,313,382,341,424,446,383,363,423,375,465,415,364,446,372,451,409,356,295,369,346,307,320,303,401,369,313,415,377,292,405,368,335,300,329,300,386,360,303,414,369,293,396,370,304,402,308,374,358,300,290,378,300,263,324,311,436,374,454,402,306,290,385,361,312,421,375,310,384,343,308,302,408,360,311,312,301,407,357,340,307,314,282,417,310,377,390,305,381,376,295,381,361,300,307,280,389,360,304,339,395,324,306,418,364,318,407,364,347,305,402,307,393,364,343,306,291,379,353,300,314,380,312,290,396,321,289,439,324,391,363,362,322,398,358,295,402,352,334,300,296,395,372,300,387,366,303,414,345,341,299,310,294,387,359,302,323,388,357,300,342,306,387,353,295,335,315,379,345,288,322,409,355,299,311,399,369,353,304,383,353,350,319,379,350,289,314,393,301,265,287,328,325,422,359,286,319,394,318,308,404,355,302,315,411,328,395,311,394,316,365,310,304,411,360,308,324,397,365,313,426,363,350,305,292,417,365,372,306,389,351,355,302,372,351,296,295,382,354,301,310,386,350,297,301,378,308,302,400,313,291,405,307,288,400,331,302,435,317,363,310,279,265,305,293,407,327,312,439,375,373,294,362,317,308,310,377,349,295,331,407,357,298,329,304,375,347,304,329,314,384,352,288,320,398,321,287,401,330,302,421,357,305
295,328,396,305,316,426,455,401,356,462,405,283,297,412,356,458,393,292,289,397,314,403,506,417,280,296,381,361,299,288,361,314,292,402,324,300,419,348,467,398,379,316,383,380,302,397,358,313,408,363,348,328,448,404,359,331,453,410,354,313,280,403,301,492,432,390,301,296,312,400,322,272,323,327,314,431,327,312,422,326,296,459,326,359,318,300,397,319,303,438,375,351,297,371,364,300,388,355,303,384,353,300,389,352,302,394,362,307,396,362,343,313,280,370,310,295,409,327,301,406,321,289,400,320,295,437,311,359,311,289,400,318,305,423,379,306,396,366,369,311,379,347,431,455,380,357,437,381,470,403,369,444,370,449,413,349,287,378,343,306,322,298,401,366,313,420,360,306,397,360,344,303,319,301,381,367,295,425,367,307,390,375,300,421,330,376,364,307,305,380,300,266,330,334,432,370,465,399,305,291,394,365,328,437,379,312,382,354,298,301,395,357,301,332,314,418,358,342,301,316,287,409,312,385,389,316,385,357,290,389,358,308,306,286,382,355,301,324,398,323,303,403,369,302,407,346,356,334,397,318,399,349,349,301,298,386,355,295,305,363,323,286,398,321,303,440,319,381,374,371,312,382,369,307,396,359,343,304,294,394,376,312,389,368,307,405,356,337,300,324,303,394,357,292,329,399,359,312,346,309,388,345,302,328,310,384,357,291,336,408,362,295,306,412,373,366,301,384,371,347,322,366,344,306,322,402,302,278,290,330,327,422,371,294,311,379,324,303,418,368,298,298,421,324,402,307,397,309,371,306,291,410,363,307,327,402,369,307,419,358,343,315,302,399,382,361,302,389,368,350,307,364,344,284,322,392,347,296,308,390,359,302,311,381,313,281,404,328,299,406,330,289,397,313,297,432,314,355,305,283,277,297,303,405,336,327,428,370,361,293,357,313,313,312,390,338,291,327,398,359,302,325,300,385,338,295,331,313,386,347,308,322,403,324,305,398,330,289,419,357,316
296,331,386,306,302,418,454,410,356,463,385,270,314,417,354,465,378,303,282,402,316,407,502,414,288,289,397,347,300,307,367,323,268,410,334,300,414,347,457,417,383,321,371,377,289,388,361,297,390,379,360,346,448,409,348,338,449,418,346,298,284,407,304,476,423,377,309,307,313,382,300,275,342,336,309,426,322,300,409,326,314,447,305,375,322,306,402,313,305,434,375,361,305,382,361,292,378,350,299,397,373,307,393,363,311,388,360,301,396,350,345,299,298,382,318,279,398,325,297,401,316,300,403,321,289,446,308,369,305,285,402,318,312,424,365,319,411,365,358,306,398,351,436,452,381,360,442,378,471,414,369,440,384,464,429,350,297,376,341,302,324,304,381,358,305,424,387,305,412,355,347,300,322,297,391,374,321,417,380,314,389,370,301,416,317,373,374,298,295,388,295,269,344,323,443,355,458,394,303,283,394,375,315,427,355,297,384,338,310,313,386,345,296,319,295,414,357,337,298,317,284,409,321,391,390,303,401,358,312,400,365,310,306,291,388,344,305,333,392,322,297,423,370,318,409,367,360,311,407,325,386,353,333,305,306,380,352,292,291,381,316,295,406,328,291,440,325,389,362,355,310,377,367,312,394,344,329,304,299,404,370,298,384,369,297,400,348,348,311,311,297,382,350,297,314,399,345,292,341,317,402,347,295,339,302,386,343,303,323,405,353,290,318,408,363,356,303,397,367,338,308,374,350,303,295,387,299,276,287,320,330,431,354,302,327,400,308,303,422,356,304,297,421,333,399,309,378,309,384,305,311,412,369,307,326,389,381,302,436,378,329,299,306,411,372,356,315,377,360,360,305,358,351,299,308,393,349,294,307,390,354,323,292,380,318,306,402,325,293,410,326,293,408,316,304,444,320,354,306,297,267,306,298,397,326,314,437,365,368,294,370,323,303,327,401,345,296,337,413,358,304,318,297,387,353,311,339,312,383,345,304,313,388,314,277,406,325,310,417,352,303
302,330,397,301,323,420,457,407,362,465,395,298,312,409,350,459,403,299,265,403,318,413,505,410,285,294,393,339,307,302,375,315,294,390,320,301,406,355,462,410,398,321,390,350,309,386,358,302,409,380,337,361,447,408,351,345,440,411,352,298,274,407,298,495,428,393,302,303,319,394,293,283,319,317,314,419,329,300,419,324,314,442,324,375,325,291,403,323,305,417,368,367,303,368,360,307,392,354,295,391,359,299,380,358,309,387,359,314,408,360,336,312,287,382,316,291,408,329,293,408,320,278,407,339,289,459,315,366,304,297,409,308,297,416,366,327,409,369,363,313,363,342,422,448,390,363,430,378,463,400,376,443,378,454,419,369,296,380,343,313,310,299,385,363,295,428,358,295,405,362,335,294,313,294,382,358,299,419,377,306,383,359,303,407,311,372,367,296,297,373,299,282,337,333,439,353,456,394,302,288,377,370,316,421,373,305,379,350,290,311,390,348,309,313,305,405,343,356,301,317,292,400,316,396,388,322,392,359,303,391,350,297,312,299,380,344,308,338,404,326,295,416,364,316,393,350,350,321,400,313,385,351,344,306,297,394,349,302,290,380,320,291,416,332,302,446,324,395,364,365,308,372,358,297,409,346,339,305,293,406,360,297,399,355,310,409,358,357,292,317,304,396,360,296,323,393,341,313,341,303,382,347,307,333,314,389,344,300,323,394,359,299,314,415,371,353,312,397,355,359,310,377,344,310,311,381,318,273,279,325,334,422,359,297,313,379,324,290,410,362,292,309,417,328,377,306,384,308,377,323,291,412,364,307,326,389,357,297,417,354,344,321,296,419,367,350,309,401,362,368,304,377,357,301,324,403,365,296,316,392,346,297,310,378,303,286,404,324,292,407,315,289,402,319,306,454,319,362,307,293,273,303,294,392,309,322,425,371,365,301,352,313,319,306,406,350,296,334,414,355,308,323,303,375,342,298,344,317,377,343,278,318,387,327,285,394,319,306,414,357,302
309,342,398,315,311,419,455,414,363,456,394,280,305,412,360,446,397,294,286,400,327,404,499,423,285,289,388,363,302,300,376,322,297,394,319,301,422,354,471,425,391,307,378,359,292,395,360,306,406,372,356,337,451,403,347,328,449,426,343,298,299,409,320,479,433,386,310,302,314,382,310,271,320,324,296,425,308,299,417,331,306,448,322,382,321,313,395,310,306,447,369,358,310,375,374,308,396,359,316,399,365,306,387,360,303,388,365,299,410,359,343,304,278,388,315,290,407,325,291,391,331,298,390,318,305,435,326,357,301,279,387,314,287,416,363,309,409,357,359,315,391,345,421,456,387,367,427,370,456,406,371,439,395,456,412,366,302,379,340,307,317,306,395,367,288,414,377,299,393,362,332,308,311,307,388,374,303,424,371,297,385,365,303,403,305,382,358,296,294,386,312,261,331,326,433,377,449,402,310,288,386,378,319,430,367,317,391,345,291,317,377,356,304,316,307,414,361,340,300,307,287,423,313,379,377,292,407,362,298,392,351,288,307,288,368,354,295,341,387,313,295,420,387,302,408,356,354,302,411,312,387,350,324,310,295,390,352,299,289,381,310,288,413,329,313,442,317,400,372,358,312,371,381,316,404,362,338,303,302,386,364,295,393,354,310,404,360,349,297,318,305,392,346,312,319,389,351,305,333,314,382,358,291,336,303,377,331,286,331,407,349,306,310,398,367,361,296,388,365,346,304,370,339,272,299,392,313,280,287,329,309,428,378,311,305,388,321,292,407,353,297,310,417,321,398,304,395,307,367,316,291,415,369,303,321,404,360,311,433,369,339,299,295,401,370,359,313,384,361,359,299,365,349,297,315,392,359,301,302,382,355,311,303,378,320,285,401,315,289,400,327,308,421,316,289,443,315,359,307,305,277,298,311,398,318,311,440,367,362,297,362,313,310,316,380,357,292,338,398,351,305,325,291,393,356,298,336,301,392,352,291,326,403,320,294,408,326,302,411,354,314
298,324,381,311,305,418,459,404,366,458,403,270,323,414,355,457,409,305,274,400,308,393,498,423,281,293,387,356,311,297,391,322,300,397,323,307,423,361,458,411,380,322,378,363,313,402,353,315,401,359,342,345,446,424,357,331,459,419,350,297,285,411,302,475,429,388,306,315,309,399,309,276,321,336,330,431,321,307,428,309,313,459,323,362,314,304,399,310,305,440,366,356,299,383,365,300,389,368,316,398,362,307,381,369,315,388,368,310,393,354,332,311,277,381,313,298,404,314,290,402,320,297,400,326,297,449,317,349,309,289,394,317,290,428,363,315,402,362,339,297,383,337,435,451,382,369,419,383,457,413,360,433,381,438,410,366,297,364,340,304,328,304,388,367,307,417,369,303,411,350,345,297,310,295,396,364,296,424,359,299,394,360,314,407,306,360,366,295,301,381,305,268,324,322,438,359,461,400,296,293,394,362,334,440,367,306,391,352,308,313,405,353,305,321,306,403,359,344,304,313,294,424,310,390,386,314,402,353,310,396,362,298,315,281,378,348,306,332,397,316,296,423,381,298,408,352,346,303,411,303,381,353,333,300,309,385,352,300,304,383,319,284,406,319,311,445,319,395,367,369,310,377,369,306,392,357,351,284,308,393,363,306,394,359,296,396,350,340,304,306,295,385,354,300,332,395,343,314,351,308,393,342,305,335,313,374,347,293,314,401,361,297,311,418,364,364,313,384,356,358,301,373,351,306,294,391,288,264,282,314,309,411,373,296,315,400,321,295,414,361,304,314,413,322,401,303,402,317,369,308,300,399,360,315,328,408,363,302,433,357,338,295,312,406,362,360,298,385,369,368,303,369,346,298,312,407,356,293,314,392,365,286,290,367,320,296,398,329,283,408,328,284,410,326,298,436,323,358,303,294,283,304,299,405,328,326,425,370,357,307,372,317,306,321,390,349,298,333,413,337,296,323,303,389,347,319,331,307,379,346,300,322,397,310,287,398,324,300,409,354,322
297,319,392,307,300,428,458,401,361,471,399,279,298,416,343,444,389,288,276,392,315,414,500,411,279,289,384,353,302,316,386,329,291,400,326,305,422,369,449,405,391,306,384,390,298,381,355,306,400,357,350,360,457,404,351,355,432,410,353,303,290,396,315,486,429,381,318,311,311,381,315,277,311,331,306,414,334,293,431,327,299,449,326,371,323,306,406,313,309,431,385,364,312,379,361,297,392,365,305,381,357,311,398,354,305,388,372,311,392,350,336,293,300,372,314,292,400,309,303,393,322,279,399,322,282,441,312,351,299,295,410,330,310,425,362,302,403,353,352,299,384,336,429,449,375,358,442,367,450,414,359,445,377,471,419,361,311,364,351,306,325,290,393,358,311,417,365,306,395,359,354,294,328,310,397,364,303,421,368,292,387,362,303,409,307,384,363,303,301,385,307,285,313,313,434,375,462,397,298,290,401,375,316,439,373,300,390,344,298,322,397,356,300,323,297,415,353,334,307,301,299,416,311,381,388,306,392,361,306,394,346,298,316,282,380,345,306,332,384,319,310,429,375,302,419,342,345,299,403,320,387,350,349,303,287,402,347,296,297,379,322,280,393,330,301,448,320,389,363,362,304,377,360,303,396,356,340,317,315,405,350,298,401,353,306,391,350,328,300,315,312,390,373,298,327,410,352,315,341,311,382,330,293,346,309,392,338,302,325,396,356,305,310,419,365,360,308,388,360,362,308,378,345,292,300,395,311,267,287,320,335,419,364,292,324,405,317,310,421,367,300,312,413,327,386,301,382,326,384,311,297,409,369,305,322,394,360,320,427,377,355,314,297,408,366,355,305,391,352,354,316,368,350,297,317,390,349,290,308,392,355,302,312,378,322,287,415,319,292,407,325,304,411,327,294,431,318,360,324,295,274,313,301,397,323,305,436,379,352,296,368,308,307,318,390,358,295,325,403,349,299,318,295,399,349,313,330,317,388,350,292,318,401,319,291,407,329,279,406,357,308
300,326,401,318,300,427,462,413,360,462,387,296,309,412,349,450,399,306,274,401,327,409,507,420,285,310,388,350,295,307,374,322,294,405,318,310,418,345,465,429,389,319,387,384,318,394,362,310,403,370,357,346,449,409,356,335,458,406,362,302,288,400,291,487,436,389,305,300,326,397,303,270,324,329,310,414,322,306,422,322,307,460,324,365,324,310,392,325,292,452,376,363,297,374,373,303,384,370,300,382,365,313,388,364,311,389,364,301,413,352,338,310,284,379,312,298,409,314,296,405,319,288,404,329,298,456,328,365,305,289,408,319,305,413,382,308,402,357,359,308,380,338,435,458,386,385,437,386,452,408,356,446,383,458,416,365,305,367,349,301,323,295,386,346,303,408,379,308,416,354,338,304,305,301,388,375,304,409,372,306,395,363,302,412,311,381,359,301,312,390,295,270,339,327,426,363,450,393,306,286,395,366,327,447,372,315,388,359,307,304,402,362,302,318,296,408,354,353,305,324,291,413,313,382,387,307,388,357,304,382,349,306,305,297,360,358,314,337,395,308,301,432,373,303,415,354,340,311,410,311,389,343,344,303,292,393,351,305,307,373,322,289,410,313,297,434,323,390,375,355,300,381,366,296,412,356,343,309,299,388,365,304,387,353,315,401,359,340,301,311,303,392,351,287,329,397,340,307,333,307,385,344,307,333,317,394,356,300,332,403,359,295,307,418,376,357,308,389,363,344,308,376,336,300,299,402,298,279,286,323,318,428,361,283,318,389,329,308,419,364,309,306,409,334,386,300,381,326,376,306,304,409,374,307,327,395,365,302,430,358,339,297,299,424,368,350,311,395,366,363,311,358,363,283,310,402,355,300,307,401,349,313,287,394,307,288,405,307,291,407,318,291,412,326,311,434,323,366,315,298,283,299,306,414,325,318,438,375,369,301,354,312,301,317,396,348,296,326,404,350,304,316,304,390,342,300,336,301,397,352,296,313,401,323,298,404,329,294,423,354,296
307,337,386,308,304,425,445,404,360,457,402,293,306,419,360,446,390,289,283,400,315,396,498,415,282,290,381,367,313,288,372,317,280,422,313,304,420,350,461,413,389,331,373,360,303,400,366,302,397,361,360,341,438,404,344,347,439,402,369,301,290,397,295,476,428,374,308,297,314,387,293,278,314,341,308,427,321,309,438,323,297,445,325,373,310,304,404,317,304,453,372,378,306,377,374,308,392,370,309,394,356,295,378,361,313,399,363,304,409,362,338,313,289,375,315,295,403,331,293,402,325,291,408,320,305,445,323,370,304,286,397,313,291,429,369,301,396,354,353,305,386,338,428,451,370,376,432,385,469,407,381,421,369,460,419,354,303,376,350,298,332,296,384,352,306,421,371,302,404,354,346,301,316,299,392,364,312,417,381,319,390,362,299,401,305,367,365,307,302,389,311,278,326,322,427,353,469,391,304,280,389,347,318,446,361,314,389,356,314,313,387,353,316,317,296,408,360,340,310,305,307,420,313,381,404,315,401,365,305,377,363,287,311,290,389,357,299,328,398,314,300,421,357,318,408,364,346,309,403,316,393,361,334,310,305,388,349,289,299,378,323,286,404,320,300,448,334,382,395,361,309,387,360,302,403,349,343,301,298,398,367,314,386,351,310,402,358,341,291,314,287,392,357,305,320,386,364,296,340,305,375,354,296,334,311,390,348,295,331,413,345,302,311,406,365,369,309,397,368,352,303,362,357,298,311,393,306,252,299,323,322,430,371,287,320,390,316,294,418,368,299,301,405,324,401,293,396,307,368,313,294,421,362,306,327,389,355,309,438,367,347,306,292,415,363,346,315,391,357,357,321,362,342,300,315,388,351,305,313,387,349,294,304,386,306,286,411,323,292,397,316,293,401,317,287,443,312,364,303,301,271,291,305,408,326,319,431,362,361,297,361,302,306,335,396,355,300,333,418,355,296,317,301,382,337,300,331,308,380,351,300,324,394,318,287,406,323,305,412,361,316
297,326,394,306,300,425,458,423,362,461,386,283,309,412,345,465,401,304,276,399,329,420,502,420,288,290,387,348,298,306,372,317,276,394,332,307,430,356,465,403,392,320,370,371,313,398,352,307,410,368,354,348,456,407,351,328,449,401,350,291,288,396,318,473,428,387,297,317,315,395,306,280,324,333,303,428,310,308,424,322,299,449,321,367,316,299,392,325,296,440,368,370,305,374,363,315,393,360,309,395,360,307,388,363,299,393,352,307,407,348,357,294,286,385,305,301,403,329,285,401,316,286,413,331,284,446,322,360,315,293,401,315,302,433,363,312,404,351,361,299,379,347,434,448,390,353,439,373,471,414,369,432,380,452,421,358,301,364,332,307,318,306,385,359,294,412,363,305,389,353,348,314,327,298,377,367,294,413,364,300,392,368,302,418,311,377,361,300,307,389,297,270,327,336,427,371,462,387,298,304,383,359,318,439,380,306,390,356,302,325,403,354,298,327,289,408,370,346,305,311,287,415,319,384,383,312,392,363,317,380,345,306,312,289,395,361,311,321,394,312,313,418,363,302,408,357,353,321,410,307,397,352,344,306,305,404,355,300,299,380,308,295,400,318,297,462,341,391,373,354,312,369,370,302,407,344,342,307,308,393,377,298,408,365,291,408,356,351,315,325,301,381,366,298,321,390,350,306,343,306,382,360,305,334,309,376,357,299,334,411,347,308,316,421,371,370,307,375,358,367,298,371,352,292,297,386,317,278,290,311,324,414,353,304,332,390,321,293,415,360,309,291,422,339,401,308,399,318,372,311,298,408,370,297,321,379,369,319,416,381,332,309,294,402,377,361,301,377,361,356,307,375,340,297,316,391,350,306,309,393,345,300,297,379,321,299,387,326,295,400,327,292,398,324,310,437,326,357,304,293,285,295,297,397,323,303,437,375,366,288,352,307,308,315,393,355,288,338,403,358,289,317,297,371,344,306,322,313,390,362,294,319,393,314,290,397,329,301,415,352,304
308,333,389,317,286,416,457,402,356,471,403,286,308,415,351,446,388,299,291,412,322,407,494,414,285,304,397,354,288,299,370,314,282,399,326,311,432,366,463,428,401,304,375,375,309,393,367,296,395,369,355,344,460,413,364,338,441,412,366,292,281,402,297,483,423,381,307,306,311,401,292,273,320,329,312,428,337,299,422,324,292,459,337,361,313,309,395,312,319,440,383,353,296,382,360,311,396,367,306,394,366,310,413,362,300,390,377,311,398,364,356,301,281,372,288,295,385,311,308,400,323,287,406,318,297,438,313,359,308,296,416,308,299,421,375,300,402,368,357,313,387,338,430,451,387,358,433,388,466,428,371,442,380,450,411,361,301,367,340,313,328,312,383,360,317,403,371,300,401,354,347,313,305,305,385,371,304,419,375,299,392,368,313,404,304,364,353,304,298,383,292,268,344,324,428,352,456,394,293,292,393,370,309,439,372,300,379,341,310,318,391,348,306,316,291,423,360,343,306,317,292,415,308,382,389,306,391,367,308,386,370,311,305,297,389,344,300,346,381,315,309,416,375,305,402,356,339,316,408,318,387,363,335,310,300,387,347,301,299,380,327,298,410,336,304,446,321,398,378,351,312,395,366,301,388,355,351,308,298,387,363,312,386,359,298,388,355,340,306,332,299,386,353,295,314,389,342,304,340,300,385,352,298,329,311,386,360,311,330,409,349,302,306,423,370,367,316,398,367,350,295,374,343,305,303,398,310,265,285,318,324,419,367,296,310,386,315,297,411,354,313,295,409,331,390,311,397,321,375,315,304,403,359,310,338,393,362,297,443,376,348,300,305,420,362,368,304,397,357,368,301,371,349,303,324,392,354,295,308,384,351,319,302,383,314,292,400,323,290,401,318,299,405,328,298,424,321,367,300,283,275,300,303,391,331,328,424,381,361,287,357,302,313,319,397,347,292,323,400,363,314,328,312,389,344,303,338,302,380,353,290,329,405,308,293,395,309,306,412,363,320
296,323,397,293,304,420,452,403,356,469,400,293,300,419,356,445,403,294,282,406,324,418,501,414,294,297,388,353,294,286,387,319,292,410,329,300,431,364,462,398,378,317,370,375,306,387,362,297,403,372,351,354,442,417,348,337,440,416,351,303,286,390,303,485,409,395,319,312,306,400,300,284,319,335,311,440,313,305,426,329,304,452,327,364,313,305,407,317,295,448,371,359,307,372,359,307,405,369,299,377,359,302,392,364,306,395,355,286,396,356,338,299,293,378,312,287,401,315,286,405,321,291,409,341,295,463,317,363,314,298,394,326,317,410,370,310,398,368,359,305,380,338,438,464,379,369,422,376,459,398,378,435,386,444,430,355,293,358,338,303,324,293,395,357,307,429,372,297,400,354,353,292,310,290,394,355,296,411,379,307,385,352,313,416,310,383,344,298,294,370,308,278,313,318,425,369,472,411,289,287,390,357,314,432,372,301,380,346,296,302,392,360,305,328,293,403,360,349,318,318,289,414,306,383,398,312,402,371,308,380,355,302,304,286,390,344,307,333,389,308,299,425,363,297,413,358,337,321,407,312,396,357,340,301,304,386,359,312,303,373,314,300,396,316,290,457,332,392,375,362,315,379,361,315,405,361,338,302,294,397,375,303,399,357,297,389,349,346,299,318,308,403,349,299,321,375,353,306,335,310,392,339,294,342,303,389,338,292,334,399,368,297,324,397,373,365,308,393,354,362,306,371,349,295,301,385,300,264,276,322,318,438,361,320,317,389,315,300,412,372,299,304,408,312,397,305,396,315,386,310,305,397,365,305,329,398,363,309,427,364,339,296,297,414,367,354,298,406,369,356,300,362,347,287,301,402,373,289,318,396,364,301,302,385,327,297,399,325,291,397,314,297,412,328,303,444,324,355,302,293,277,296,298,394,327,317,432,378,375,292,360,323,301,317,375,353,303,325,399,351,312,319,303,374,356,304,337,321,387,353,302,322,395,306,282,403,322,299,413,352,318
303,315,385,321,293,429,461,401,361,467,393,273,308,422,347,463,396,298,278,404,327,422,485,423,286,291,393,353,314,311,371,311,280,401,319,290,429,364,461,414,390,315,377,368,312,393,370,308,397,368,341,342,454,405,364,328,453,424,356,308,285,399,291,496,419,383,311,302,310,392,302,276,327,339,318,403,330,300,422,326,301,440,336,366,311,303,394,307,313,442,370,362,305,367,359,307,389,352,304,387,366,308,387,368,312,395,366,304,401,356,347,312,284,386,316,297,410,328,293,404,315,288,403,318,297,452,311,373,304,279,404,312,307,423,375,312,406,366,372,303,395,351,422,454,391,378,437,375,454,409,363,447,378,461,411,352,303,375,337,297,316,300,398,362,309,409,377,312,405,343,336,305,314,301,393,362,317,422,373,314,390,362,310,415,307,383,372,294,295,375,304,273,324,318,423,366,456,401,288,296,389,364,326,431,377,313,375,354,285,310,382,355,304,311,283,411,349,346,297,314,297,404,320,377,397,313,386,347,317,388,353,296,316,292,378,343,310,340,382,327,301,428,377,312,397,349,351,308,402,310,398,351,344,300,304,407,349,296,304,378,325,294,404,314,304,435,326,396,371,357,312,376,358,308,412,360,344,294,286,397,370,302,403,363,308,389,363,348,303,309,304,401,342,300,326,382,353,288,349,304,387,347,301,330,323,406,347,300,337,414,370,304,307,401,374,369,326,395,365,356,309,366,354,302,305,389,304,271,286,327,333,435,370,293,315,417,309,305,411,359,308,300,407,312,405,296,387,311,367,307,291,404,367,304,324,406,368,310,414,363,353,306,308,410,368,361,302,391,346,352,310,365,347,295,307,382,356,289,310,383,357,300,292,372,327,289,399,316,296,404,322,293,412,315,298,439,313,368,307,296,273,308,293,393,336,315,422,376,355,296,370,319,303,328,395,335,297,337,407,352,315,321,307,390,342,301,325,304,387,358,304,311,393,327,298,401,329,303,392,357,305
299,321,394,319,300,414,454,425,364,465,385,277,318,412,355,456,403,297,286,404,333,413,510,415,283,287,383,356,299,291,383,320,294,399,325,293,428,362,455,424,392,301,374,366,309,391,372,295,410,370,363,345,450,404,350,343,451,417,339,293,283,392,312,483,424,380,302,305,306,383,305,279,319,342,307,432,332,304,415,328,301,443,329,361,298,299,410,314,299,416,351,344,315,381,375,305,384,371,305,392,357,314,389,359,315,380,368,307,392,367,347,304,295,388,301,281,405,313,282,401,324,288,400,309,295,452,323,369,308,286,414,324,301,424,362,306,401,368,351,313,382,347,432,444,377,370,431,384,456,419,361,441,379,458,424,368,301,364,354,307,319,298,390,361,294,416,357,313,395,353,345,306,309,294,391,356,311,405,370,308,384,359,305,419,315,369,365,291,295,375,306,257,320,316,423,373,462,409,291,287,392,369,309,441,363,313,396,361,308,322,397,353,306,320,301,419,358,351,314,317,291,408,322,373,382,311,391,366,309,393,348,300,315,291,389,338,306,331,401,317,312,415,360,309,399,353,338,303,414,310,400,353,341,299,295,387,354,305,294,370,327,285,400,323,294,440,327,400,368,349,303,385,366,303,399,351,338,316,309,394,372,316,391,358,312,400,354,347,319,310,288,385,360,306,329,389,338,300,343,309,377,338,304,332,297,385,349,308,336,410,356,310,317,415,375,352,294,388,366,358,316,372,344,306,297,396,296,264,287,330,323,425,365,295,318,401,314,305,416,356,300,296,422,318,387,301,397,304,380,310,291,398,373,297,325,397,368,300,442,378,341,304,306,407,376,358,302,371,372,350,290,379,348,301,310,385,353,292,317,384,353,299,290,380,332,299,407,338,291,403,325,292,403,334,301,441,327,364,300,291,277,304,307,397,329,313,426,377,363,313,375,314,306,326,381,358,310,329,406,363,306,319,287,382,347,302,328,308,386,334,290,317,380,322,299,397,323,298,415,362,306
299,329,396,312,318,423,450,397,369,469,400,286,304,414,356,468,403,310,278,404,328,423,508,423,289,287,391,359,305,294,378,319,296,399,322,291,430,363,474,424,393,306,373,370,302,402,369,292,399,363,368,358,449,406,352,328,435,414,365,292,290,399,304,484,419,382,309,303,311,394,302,278,318,332,305,422,308,292,434,334,293,444,326,370,309,303,400,322,297,427,370,341,301,381,370,299,399,359,291,388,370,306,392,362,302,396,365,302,410,368,351,299,291,366,312,288,391,311,302,389,304,307,400,327,299,441,320,370,319,290,401,309,305,415,378,300,398,372,360,302,383,339,424,454,379,358,437,384,458,412,372,435,371,449,420,357,303,382,351,312,317,293,391,373,311,422,375,295,395,355,346,300,308,283,379,368,307,405,355,307,394,352,314,403,308,378,356,303,286,379,299,272,331,323,426,365,477,393,287,291,387,362,321,427,366,316,385,357,300,310,378,350,302,324,301,415,362,352,320,314,288,406,315,375,385,318,397,367,308,392,350,311,318,292,376,347,301,328,390,323,296,430,374,306,414,351,347,312,412,320,401,361,341,298,293,391,355,310,305,385,326,295,405,319,301,447,321,398,363,366,305,387,364,320,389,355,342,298,308,406,375,308,385,353,313,399,348,349,309,304,306,392,358,288,326,378,347,297,343,309,382,350,310,336,301,385,347,298,325,393,353,298,309,403,367,348,299,377,367,366,307,377,349,301,305,398,304,273,282,321,319,425,365,305,325,398,311,301,413,351,315,305,417,330,407,306,383,309,373,322,299,393,370,293,331,404,370,303,421,374,342,294,303,398,372,375,293,385,351,353,320,370,349,298,328,401,362,301,315,380,356,279,306,377,317,296,418,317,296,412,325,293,402,318,287,444,316,366,305,278,273,312,297,397,330,323,425,391,350,295,359,318,304,306,388,348,304,320,399,362,314,327,301,387,359,310,337,312,384,343,297,308,385,337,284,404,338,318,402,364,301
297,324,387,307,308,413,452,383,359,470,393,285,308,402,369,450,402,291,286,393,314,412,492,406,289,288,376,364,301,296,377,325,289,402,325,302,423,351,459,413,390,323,374,373,307,383,359,305,407,376,349,343,450,415,364,324,455,419,345,300,282,402,303,489,432,382,316,301,319,394,300,285,330,342,318,421,321,307,430,322,295,456,312,365,317,301,399,313,310,427,366,364,310,375,361,319,385,352,311,388,362,314,393,354,302,388,365,312,408,350,350,301,293,387,326,296,405,324,285,393,311,293,402,325,283,449,328,357,305,284,396,328,298,423,374,312,404,367,355,307,384,334,428,451,370,370,430,381,455,413,365,429,379,445,415,356,303,359,347,298,334,302,393,375,297,422,358,304,400,366,346,311,310,296,398,355,296,402,390,309,398,358,294,407,303,379,362,301,304,382,310,278,317,333,434,357,469,393,293,287,394,359,325,428,359,306,380,351,312,321,394,365,310,305,303,427,356,343,305,310,290,413,311,386,394,316,380,360,309,385,356,300,319,291,381,347,299,335,386,316,309,427,376,301,388,355,351,303,410,330,371,357,335,287,301,384,347,306,310,388,316,292,395,331,315,441,325,385,373,356,300,376,364,306,403,358,354,304,297,397,365,300,402,352,296,412,350,347,302,319,307,393,340,300,325,384,351,305,339,308,386,343,289,340,311,392,353,282,336,414,350,304,311,410,366,367,299,396,354,363,313,370,348,300,295,398,294,266,281,332,330,422,370,295,318,404,315,304,419,350,305,304,404,327,409,301,381,323,374,301,304,386,372,301,328,409,366,304,427,366,352,322,295,410,373,355,307,391,362,353,304,369,355,313,316,379,346,302,303,396,349,298,292,381,330,289,405,319,295,413,309,294,398,306,295,446,322,367,299,298,279,299,305,409,311,321,433,382,357,288,352,324,304,322,387,359,302,326,404,347,308,319,304,380,366,286,336,302,407,345,292,324,398,311,296,398,323,290,412,355,320
298,321,389,306,295,422,460,406,359,458,387,293,303,400,357,452,386,305,281,402,317,409,503,412,283,300,392,347,302,305,374,314,296,401,321,302,422,360,466,423,394,316,374,363,305,399,366,300,407,374,364,356,447,398,357,339,438,411,357,315,290,411,304,489,421,387,302,298,310,387,307,276,317,347,312,416,326,305,419,314,297,443,332,373,302,306,421,313,293,442,375,359,306,373,368,305,404,365,313,386,363,306,392,365,311,383,360,301,393,362,346,311,289,376,299,295,407,319,306,417,322,291,405,321,287,447,312,378,317,289,407,326,308,437,375,317,411,368,363,311,391,352,445,460,391,366,427,368,452,414,360,439,394,454,422,360,315,375,351,296,314,304,401,370,301,419,377,306,420,358,348,311,310,310,400,359,317,416,363,296,387,366,312,419,311,384,376,304,302,394,302,266,316,331,435,368,454,390,308,290,385,361,326,432,357,305,384,352,294,310,380,355,309,312,290,419,372,331,296,329,296,414,320,372,383,305,385,362,305,386,356,287,307,289,371,362,302,337,404,319,302,427,363,307,400,359,340,302,418,320,390,352,338,303,295,385,348,307,305,386,314,301,405,319,299,446,340,396,364,355,300,385,359,296,399,356,346,304,297,403,365,313,385,357,299,413,352,331,306,310,300,400,356,303,330,389,352,314,342,301,378,343,307,334,318,381,347,287,330,403,350,295,304,414,380,345,313,395,359,370,305,385,355,298,304,385,302,262,283,319,327,433,363,300,333,407,315,296,404,360,308,305,414,330,394,301,403,328,376,319,306,398,356,299,330,392,356,297,423,353,342,298,297,416,369,360,299,376,375,363,302,368,354,306,316,396,372,299,322,374,358,307,294,367,317,301,402,325,295,399,314,286,406,319,304,443,324,350,304,290,267,296,305,390,320,313,435,373,361,294,343,305,313,325,381,358,292,310,400,345,307,307,309,375,349,309,331,309,392,338,299,331,395,321,288,399,320,311,415,361,293
300,343,392,324,316,426,453,409,362,462,395,281,295,428,358,458,402,309,294,405,325,414,500,407,298,303,386,348,301,301,379,314,297,404,325,298,423,360,465,429,380,325,376,356,312,393,366,310,385,373,365,358,452,415,355,342,440,426,355,297,300,404,302,486,417,381,302,289,310,385,320,284,316,341,328,424,326,299,414,319,301,450,320,364,307,307,401,312,299,440,357,360,311,379,347,308,404,373,303,396,357,314,377,363,291,379,363,296,395,346,339,301,302,375,310,303,405,319,288,399,310,303,405,329,298,437,334,353,313,283,398,307,306,427,384,316,396,363,358,301,372,347,441,441,390,362,426,387,472,423,368,440,384,451,440,367,301,369,338,303,329,303,399,359,300,396,353,300,406,363,346,301,316,292,403,363,302,406,368,309,396,363,301,409,317,385,362,292,292,379,304,280,335,315,433,373,461,399,294,294,375,359,305,439,370,322,385,344,306,324,389,348,309,321,309,401,358,327,312,317,282,416,321,382,380,315,393,371,314,385,352,306,305,292,376,354,306,341,395,319,298,413,364,309,402,346,353,305,402,307,399,365,331,300,300,391,355,307,300,367,318,287,402,309,292,443,326,395,387,363,299,404,361,310,400,367,346,294,300,394,364,303,396,363,304,415,346,360,313,311,300,388,357,304,334,388,358,302,332,310,395,352,300,333,312,385,344,290,337,402,354,294,311,419,369,351,304,378,357,361,300,361,353,299,297,399,310,253,279,334,332,419,366,293,321,403,317,312,415,344,300,300,403,312,403,309,386,314,383,309,308,388,368,293,327,405,367,321,434,378,338,304,304,415,364,363,307,386,364,358,319,378,344,303,312,390,353,307,318,382,354,305,292,380,312,288,403,304,298,397,322,287,410,329,304,449,323,369,313,298,272,309,295,403,329,313,439,364,359,285,354,310,304,323,384,363,297,333,397,352,304,321,298,389,343,292,340,311,396,350,293,318,387,320,288,406,317,305,416,357,304
296,335,403,313,309,432,460,408,361,456,398,287,307,412,335,452,407,304,290,391,326,408,501,415,291,295,382,340,308,291,395,321,300,402,321,299,427,344,467,412,390,316,368,357,302,402,362,299,401,364,367,350,453,412,355,344,437,398,346,307,288,393,307,483,421,380,306,297,308,393,308,283,330,330,310,413,317,300,434,312,294,445,322,376,314,300,401,329,293,438,377,363,311,369,363,300,387,352,303,395,360,305,384,345,305,396,366,291,395,362,350,305,299,390,317,302,392,319,298,412,328,295,392,326,306,436,328,367,313,289,403,312,301,417,369,308,392,354,365,311,375,340,428,466,380,353,422,386,459,416,370,450,368,445,424,360,304,369,342,303,311,311,402,372,320,414,360,298,405,345,326,292,310,314,387,368,297,416,374,304,388,354,302,402,313,381,361,303,305,382,294,263,331,332,439,376,459,392,289,288,391,363,321,433,366,308,392,361,309,303,404,341,304,317,303,416,355,338,301,323,282,407,331,371,387,315,383,349,312,399,357,299,299,298,388,350,300,341,399,312,296,415,372,304,395,357,340,290,394,320,395,368,342,304,299,386,347,292,304,376,316,291,408,316,307,450,342,373,379,355,316,379,367,297,407,347,338,301,296,406,371,306,391,360,302,411,355,349,304,297,295,392,348,298,318,391,360,320,335,312,382,359,299,345,304,390,348,296,330,399,366,292,312,411,375,356,300,397,361,364,300,374,346,297,300,395,304,259,292,329,322,436,374,304,331,382,320,296,406,354,308,312,409,318,409,302,401,307,371,313,293,406,369,300,329,395,360,305,421,359,338,309,303,414,368,361,316,389,357,353,306,376,342,306,318,385,354,317,309,387,358,309,287,382,329,292,398,327,303,414,335,293,387,325,312,445,309,364,300,290,275,305,306,406,326,311,438,374,366,302,357,308,306,311,406,349,311,334,406,371,300,326,306,372,338,305,337,295,378,358,297,334,390,317,311,405,328,309,406,356,301
307,321,389,305,311,424,448,397,366,472,386,288,301,413,361,461,403,302,285,410,315,412,509,421,275,276,381,356,303,297,383,314,289,404,328,309,423,364,461,410,394,319,376,371,308,398,373,314,406,363,347,339,437,413,340,317,445,417,354,299,288,404,303,480,426,386,313,308,321,384,305,282,315,326,310,409,326,300,414,322,306,445,335,364,316,311,394,312,304,430,370,368,299,373,361,306,380,367,316,386,368,298,395,355,304,397,369,302,424,363,339,308,304,395,318,286,392,314,292,407,324,289,397,319,299,454,326,351,308,293,406,316,304,408,373,316,410,364,353,302,394,346,430,458,369,359,435,375,458,416,378,453,373,458,414,350,311,366,348,311,324,301,394,373,310,408,381,298,399,352,343,302,323,296,383,362,315,412,374,308,384,370,314,400,310,385,375,299,307,390,302,254,319,314,443,363,461,398,306,285,392,361,318,435,358,299,374,354,307,317,385,355,297,318,311,407,344,347,290,319,291,398,312,380,391,311,385,356,312,378,345,293,325,286,369,342,299,333,386,312,305,409,369,314,410,356,339,312,400,312,394,348,342,309,296,399,338,304,299,383,312,290,406,320,289,434,316,387,372,355,312,368,370,309,404,370,328,315,307,403,363,316,398,363,299,402,349,343,297,308,312,392,352,293,329,396,344,313,329,306,379,354,305,347,305,384,356,299,328,395,357,303,317,414,372,347,308,393,354,365,309,357,355,309,305,392,309,265,289,316,311,429,368,295,318,397,329,306,404,368,303,312,421,319,401,305,388,310,387,316,300,412,358,295,332,400,362,295,433,364,349,300,309,418,376,359,304,391,364,367,317,370,326,300,319,396,351,308,307,384,360,296,307,373,308,293,401,325,289,396,323,290,402,326,292,445,326,358,311,290,271,303,295,412,319,310,433,370,359,296,361,314,311,321,398,355,297,344,400,356,304,331,298,372,359,305,343,308,392,350,297,328,409,315,296,394,324,298,408,360,324
294,328,389,302,305,418,458,405,346,458,398,284,312,410,358,451,399,291,287,404,308,417,497,425,294,281,389,348,295,307,370,310,295,410,322,289,423,351,464,421,396,312,377,377,290,402,359,309,401,359,357,353,431,409,360,335,434,418,357,313,290,399,304,496,428,394,305,298,328,373,303,274,318,318,317,438,318,294,435,318,295,450,328,381,319,297,406,316,310,434,371,363,307,372,357,306,394,364,312,388,355,304,395,346,309,385,386,309,402,352,344,304,293,381,310,281,398,323,292,385,322,290,405,316,299,436,322,374,299,290,394,331,304,426,374,305,412,358,358,309,379,341,437,459,376,363,433,385,453,417,373,446,379,446,421,372,303,363,347,309,322,311,401,368,297,418,366,297,393,352,355,304,315,290,390,360,298,419,379,308,398,362,307,407,306,378,361,291,311,377,292,268,320,317,428,364,476,395,301,290,391,361,330,426,371,312,373,356,294,325,387,353,288,320,308,413,344,350,310,314,284,414,315,382,386,310,393,368,319,396,350,296,309,278,378,353,291,341,400,323,305,429,363,298,398,360,354,309,421,318,390,357,342,303,297,394,345,296,294,369,325,300,406,322,290,449,326,382,365,368,304,393,355,293,397,354,342,292,289,410,351,300,393,361,302,403,350,348,295,319,301,387,348,310,320,392,339,300,336,309,393,351,303,338,307,382,350,287,337,401,348,308,322,417,372,359,297,386,363,355,311,372,349,296,311,391,308,278,287,325,332,423,367,301,310,400,320,302,402,357,308,299,413,339,403,301,388,311,388,306,294,416,370,306,326,396,370,311,425,367,354,305,302,423,368,368,299,386,350,354,300,358,342,283,313,388,345,302,307,384,363,303,307,376,318,296,420,319,284,409,314,300,405,326,307,442,313,367,301,291,276,312,295,407,343,321,451,370,364,292,349,318,304,307,398,341,294,326,412,360,300,318,301,379,350,303,350,323,378,356,285,316,389,323,291,401,316,294,412,349,306
290,321,405,309,305,421,449,397,352,465,398,287,294,409,351,457,385,300,289,401,312,418,509,408,289,306,380,365,302,307,380,331,274,403,310,300,425,360,466,420,393,316,371,373,311,394,359,304,394,367,359,349,444,408,349,327,448,416,353,305,283,407,292,484,419,388,311,302,310,383,300,267,314,332,312,425,324,296,430,317,303,443,318,366,307,302,399,310,304,438,379,366,299,373,373,296,390,351,297,391,372,311,382,365,305,393,361,309,410,353,332,292,284,371,305,292,407,316,301,407,317,306,400,327,290,450,328,374,321,299,402,321,299,417,367,314,406,368,351,313,393,339,438,447,387,371,430,370,461,408,361,437,380,448,416,360,316,371,349,306,317,292,391,374,307,422,373,307,409,362,352,305,304,296,380,367,300,431,369,308,395,367,297,396,315,371,368,302,302,376,298,270,329,329,416,368,468,393,297,293,383,375,330,423,375,308,396,347,302,307,395,356,307,316,299,412,355,359,305,315,299,407,326,375,388,306,399,376,312,402,364,309,308,294,385,349,293,335,402,320,299,432,381,306,407,357,345,317,405,309,397,361,336,305,302,370,345,290,294,382,322,294,406,327,301,426,321,398,370,350,314,378,359,302,387,347,335,297,302,395,358,292,382,354,301,389,354,349,312,308,298,381,356,302,333,412,364,307,338,310,376,346,297,323,310,390,349,298,333,409,361,295,302,405,376,351,314,407,369,367,314,361,344,290,309,393,293,259,280,327,320,433,379,304,328,398,311,293,412,360,308,299,407,320,401,301,399,318,371,313,300,413,379,309,325,396,359,303,427,351,340,303,302,413,371,354,310,386,357,346,304,373,344,297,309,385,356,302,314,376,363,296,308,376,308,292,408,318,295,411,319,292,399,327,294,436,319,363,303,288,265,301,297,398,317,322,441,371,361,283,368,319,311,312,388,357,286,334,408,371,299,321,295,380,342,296,330,306,384,348,301,329,406,308,288,399,306,306,421,357,304
294,330,392,300,303,406,457,404,356,465,407,267,301,421,362,451,411,299,280,405,337,413,503,399,279,297,386,359,300,299,378,318,296,393,321,308,418,356,464,407,390,306,373,376,306,399,359,299,409,361,358,344,448,401,363,341,455,429,358,297,288,399,299,477,425,391,311,304,314,381,291,266,328,331,324,422,312,300,418,318,304,450,330,383,310,304,393,323,292,441,378,355,287,378,372,313,398,371,307,384,345,303,393,360,303,387,365,298,402,362,334,299,298,396,314,293,409,323,293,398,297,300,397,322,295,456,327,360,293,293,414,326,305,429,370,309,409,362,357,308,381,349,423,457,381,378,425,384,457,418,376,435,384,449,420,365,305,369,342,297,310,292,379,363,297,406,371,320,397,348,350,294,306,308,390,356,295,416,386,304,387,357,298,417,315,368,368,289,296,381,310,265,334,325,427,364,460,399,298,295,397,353,319,423,371,328,379,347,286,300,399,368,306,315,298,404,357,350,303,311,288,412,323,382,385,299,398,364,327,394,354,294,301,292,365,342,309,347,405,317,301,412,361,303,399,357,348,299,403,322,378,359,345,303,297,384,357,300,294,371,298,283,418,314,294,451,332,392,355,361,318,382,367,306,400,343,359,305,305,385,377,318,391,362,310,391,358,353,307,317,294,388,361,288,320,394,344,297,342,308,378,341,307,337,309,389,347,303,322,411,342,300,311,407,371,366,303,379,362,365,313,384,338,311,298,390,305,252,271,317,331,432,360,313,313,408,325,307,409,352,303,296,409,325,395,295,393,329,384,320,295,399,370,319,331,403,362,304,436,355,343,319,306,415,370,364,315,382,365,352,298,374,354,304,326,388,354,303,313,396,347,306,301,385,327,287,403,328,291,406,320,288,404,323,289,436,316,361,308,283,275,292,288,409,317,313,427,379,363,295,373,303,302,314,382,362,288,330,411,353,300,325,302,390,353,299,333,313,381,346,290,315,401,322,293,396,316,295,416,356,308
302,330,381,316,307,422,460,393,355,468,397,285,309,408,352,451,388,295,285,402,327,415,517,419,276,302,394,361,303,299,380,312,288,414,328,305,423,364,460,426,388,311,387,375,306,394,376,313,408,365,342,341,447,412,344,327,440,423,351,303,294,407,305,486,426,390,308,313,315,396,304,267,319,336,309,425,322,292,407,319,306,443,321,362,314,285,396,327,302,432,371,368,300,371,366,300,398,362,309,399,369,297,385,368,299,385,359,298,401,345,344,300,292,379,324,293,404,314,300,406,321,281,389,311,296,436,326,368,306,286,402,319,294,418,364,298,407,357,354,317,385,355,439,441,375,360,435,372,469,408,374,446,365,457,414,372,298,367,346,286,312,304,389,361,299,419,367,305,399,363,352,293,307,300,398,362,300,414,368,314,396,366,310,400,309,376,367,300,295,387,299,269,322,325,425,359,462,401,300,287,393,360,326,426,368,301,376,348,302,319,398,361,311,327,294,412,353,346,311,326,279,430,319,381,386,310,394,363,305,386,356,295,314,289,380,344,311,327,397,316,302,423,361,298,407,351,342,309,418,317,390,354,331,313,301,373,360,300,298,384,321,299,402,324,285,439,336,402,377,364,311,393,357,312,401,358,345,313,297,405,385,309,405,368,305,422,366,344,305,311,303,391,358,301,323,385,357,303,349,309,388,340,297,338,306,377,359,294,336,411,360,295,316,410,367,355,302,392,377,360,312,357,359,298,308,394,300,270,279,331,311,421,373,305,317,404,330,303,426,356,308,316,424,327,388,305,395,324,366,321,304,415,364,307,324,403,372,301,421,369,358,306,311,407,369,362,310,396,356,345,298,378,348,307,305,394,352,307,314,398,353,296,300,380,306,303,396,322,288,403,317,291,399,328,298,441,310,369,312,287,271,309,301,398,322,311,433,374,351,292,364,302,316,307,394,344,303,340,415,358,302,318,289,383,346,293,330,318,388,353,307,315,390,316,299,401,311,303,421,370,306
310,331,391,317,306,430,464,416,355,465,393,276,306,418,360,462,399,300,278,395,329,414,491,414,286,290,391,354,301,315,379,319,287,396,314,299,423,357,464,415,388,316,370,366,307,385,358,302,397,355,363,347,451,400,358,329,450,411,360,300,288,410,304,476,421,384,291,310,319,398,308,272,323,344,314,433,326,286,420,312,290,452,325,383,317,304,399,316,293,450,376,358,328,360,350,310,387,359,312,402,364,312,401,365,299,407,371,302,396,353,347,291,280,386,304,295,395,321,291,407,313,283,404,335,298,445,325,358,311,293,403,321,300,421,364,317,411,369,363,312,372,339,425,460,383,373,434,396,458,409,369,445,390,457,411,363,304,367,341,306,313,304,395,364,314,418,351,304,407,361,350,302,310,299,396,372,306,423,370,303,385,362,316,411,301,386,368,303,302,381,310,272,320,322,436,360,461,393,294,289,395,366,330,447,372,308,381,357,307,309,388,347,308,335,300,418,348,345,312,313,292,410,321,390,389,316,386,355,294,387,365,295,298,293,379,351,306,333,385,311,297,423,363,306,408,364,353,302,407,333,391,347,343,290,304,391,364,304,300,371,315,299,408,329,292,446,337,400,362,366,314,386,366,299,408,358,351,301,309,389,363,298,388,346,297,398,354,343,303,305,300,399,354,285,327,386,339,310,334,312,388,352,306,320,293,386,353,296,329,409,362,301,314,416,371,352,311,398,360,349,306,364,351,295,294,387,303,258,276,324,317,423,368,316,326,393,305,312,413,356,312,309,415,329,404,313,394,317,374,303,302,409,366,298,330,393,364,319,436,354,327,309,295,416,360,364,303,394,369,354,302,361,358,294,305,394,363,300,318,391,352,302,292,387,313,299,411,331,294,407,326,302,422,323,290,449,313,369,299,298,281,302,303,400,332,319,437,378,358,288,366,320,316,314,400,353,294,319,411,360,309,326,306,384,350,296,332,298,384,355,298,330,400,315,279,400,312,290,405,361,307
308,327,400,302,296,420,469,413,369,471,389,284,293,410,364,468,407,293,286,400,327,396,502,423,295,294,395,356,297,292,371,317,293,405,330,313,434,366,461,426,388,308,378,381,314,389,357,320,402,370,349,339,449,418,360,327,450,423,358,300,280,413,312,488,435,368,294,299,314,397,304,271,333,336,306,424,332,305,434,320,311,453,320,369,329,302,397,315,297,440,366,356,315,380,366,311,402,376,315,393,354,300,389,367,300,385,372,305,397,354,335,301,291,374,317,296,410,334,302,405,319,291,402,322,299,440,330,355,304,288,389,320,290,425,383,306,420,366,344,302,385,347,428,451,363,364,435,400,460,422,368,440,383,451,420,359,290,381,344,304,328,301,399,374,305,419,375,307,399,345,335,292,315,308,394,376,310,417,360,307,387,361,309,396,307,381,368,299,312,380,307,267,329,335,438,362,458,392,292,306,395,363,317,436,361,307,378,348,288,306,389,359,301,322,297,417,343,338,314,311,298,419,325,389,393,310,387,366,310,389,358,296,295,287,377,346,307,339,411,327,306,422,372,319,411,368,352,305,388,309,394,368,347,305,310,404,367,294,301,378,315,287,411,317,302,448,323,393,371,357,300,379,360,310,407,351,336,306,302,406,365,312,395,356,306,403,350,361,310,295,292,396,359,290,330,395,351,302,339,321,400,355,292,342,308,379,329,298,346,407,351,303,312,412,377,359,313,392,371,355,310,385,355,290,314,407,296,268,295,320,329,426,360,290,315,388,314,301,416,355,302,300,403,321,401,302,392,315,368,307,309,418,353,299,335,412,362,302,425,365,353,307,299,406,363,372,300,381,372,354,309,374,349,296,310,398,340,294,302,379,365,303,295,376,303,296,385,319,296,412,328,294,395,329,305,433,319,361,306,290,276,293,288,411,330,313,438,371,362,298,362,322,300,317,392,336,299,338,399,358,302,325,312,389,353,306,339,318,389,358,289,324,391,318,290,404,312,307,408,349,313
296,324,402,320,305,411,457,399,362,448,400,294,306,424,350,454,399,301,289,397,329,400,490,413,296,295,388,354,284,295,377,317,285,414,322,300,425,360,467,413,400,313,382,372,307,399,366,301,402,358,352,335,443,410,352,327,461,414,353,304,291,419,303,483,427,387,305,301,313,385,305,277,318,347,309,405,317,295,434,312,294,443,312,375,328,297,402,316,300,444,368,366,305,375,348,287,381,373,309,396,364,300,400,361,305,388,372,299,402,359,345,305,294,397,298,297,406,322,288,396,322,300,398,324,296,443,322,370,321,297,399,321,290,421,369,315,415,358,356,315,380,335,432,447,379,366,435,389,459,415,369,444,389,457,415,357,300,368,343,296,318,289,396,358,302,415,376,290,396,357,343,298,313,298,391,367,310,423,365,308,390,367,305,410,306,376,372,286,302,387,294,274,326,329,428,380,471,396,308,282,380,357,318,438,376,307,387,347,304,314,396,354,309,322,287,408,347,354,298,317,291,413,320,387,386,307,390,372,304,372,365,292,309,285,379,361,302,331,406,314,299,416,375,300,414,351,342,311,400,321,389,356,344,301,293,380,354,302,309,380,321,286,400,326,290,444,331,399,367,350,291,374,369,297,396,359,344,320,302,402,365,300,389,368,312,412,357,345,309,319,299,384,340,304,331,391,342,304,338,314,386,346,299,342,311,395,347,291,333,401,354,309,318,409,372,352,306,387,371,358,304,370,349,296,310,402,307,271,291,325,327,426,375,298,330,392,324,310,410,347,307,300,404,313,396,298,389,324,373,309,304,412,374,290,331,398,375,308,433,361,346,313,301,408,365,361,305,381,359,366,302,373,351,296,319,395,348,290,314,377,346,297,309,380,313,288,411,320,294,395,318,312,397,325,299,446,312,351,317,298,281,300,303,397,324,303,428,374,348,282,361,319,314,304,389,344,297,338,402,366,313,312,303,386,345,300,338,311,377,365,292,321,398,320,291,390,309,310,411,369,311
305,318,397,324,303,423,450,410,358,461,391,283,316,420,356,463,395,304,291,405,325,392,504,413,292,303,386,360,292,289,388,321,293,396,327,311,420,359,452,434,381,328,381,374,300,391,369,303,385,368,345,340,445,415,343,343,447,413,350,307,289,405,303,481,422,383,304,307,310,387,307,270,335,332,321,428,311,299,427,328,294,434,316,365,305,310,397,329,296,436,372,356,316,388,359,306,396,379,303,385,362,306,391,361,314,375,371,307,394,354,333,303,285,388,318,294,410,323,300,415,328,281,402,328,292,431,315,353,295,290,412,318,302,425,380,309,397,366,356,312,388,341,434,458,378,361,434,376,468,412,361,437,378,466,418,363,294,370,332,298,319,305,385,370,318,415,387,309,401,358,356,306,314,294,392,373,307,416,375,292,391,351,305,410,306,375,355,294,297,383,299,269,331,330,430,363,454,401,305,299,383,348,325,432,363,320,385,359,305,320,393,351,306,330,306,403,365,350,300,319,291,414,327,372,399,305,393,353,303,397,352,289,315,298,375,344,291,346,406,317,303,430,369,299,399,351,351,309,410,311,386,348,339,302,304,379,360,293,300,370,324,297,409,325,292,434,336,388,377,353,309,377,362,292,405,356,355,309,301,396,375,312,401,361,304,393,359,340,295,322,292,381,357,305,322,392,348,295,336,315,385,342,299,336,314,391,347,299,330,402,363,291,315,410,371,351,311,395,366,352,296,376,358,306,312,400,304,280,290,322,311,427,357,299,326,407,325,314,417,353,296,301,404,323,399,310,389,313,369,296,301,407,379,306,332,407,369,303,424,369,361,301,301,414,359,360,292,398,366,356,303,363,350,311,312,399,356,298,324,386,348,295,308,383,318,289,406,319,292,395,316,289,398,315,310,440,312,356,313,291,280,298,284,398,330,313,434,379,360,292,377,322,310,320,390,347,306,342,411,351,300,324,298,389,358,304,334,300,374,344,293,320,390,321,303,399,326,303,408,378,308
298,313,381,304,314,415,453,406,357,466,405,272,304,425,354,452,385,298,294,409,324,403,497,404,275,287,384,366,300,298,386,312,287,403,332,312,425,351,466,414,395,307,379,375,307,401,359,310,394,372,360,346,446,413,355,338,438,417,355,298,287,401,299,474,420,393,301,304,297,389,294,278,323,334,307,413,334,295,416,324,308,448,326,363,318,304,402,313,303,425,364,358,309,379,361,314,390,346,311,389,371,293,389,358,320,384,374,305,401,355,337,285,298,371,315,294,408,324,292,409,326,306,404,321,295,430,318,367,315,284,407,330,303,423,384,318,404,374,347,310,381,344,439,456,384,370,439,384,457,408,369,454,376,448,418,352,313,372,340,298,309,299,395,367,308,416,360,313,402,364,342,312,324,301,387,358,311,421,366,299,392,365,305,410,310,373,364,290,298,392,291,262,321,314,434,362,472,396,302,290,393,364,313,437,362,303,376,341,299,315,391,356,306,329,290,413,349,353,308,322,295,412,310,370,377,309,394,367,304,384,361,294,305,298,381,346,310,339,394,312,309,422,362,302,406,360,339,316,403,322,389,352,351,301,299,367,353,301,305,378,321,294,391,326,299,443,320,390,381,353,319,382,359,301,412,354,344,316,296,397,364,311,401,361,313,402,362,338,309,317,304,395,353,290,325,386,367,306,349,311,383,348,308,330,314,372,349,293,328,408,351,299,313,423,367,358,297,390,362,349,320,372,345,301,304,386,305,260,296,333,324,424,372,298,313,395,305,289,408,351,310,307,404,336,411,311,392,315,383,313,304,413,360,297,330,411,365,294,423,369,343,305,300,417,375,360,314,379,353,368,298,383,346,302,310,407,355,295,307,378,354,303,294,378,318,293,402,335,292,397,318,292,396,319,300,440,328,360,304,305,276,297,304,400,329,314,431,376,367,306,367,318,305,320,377,349,309,333,387,365,308,327,299,387,354,305,342,293,375,345,307,318,397,310,296,401,317,296,413,370,302
306,335,400,321,309,423,461,409,362,468,390,286,312,401,358,448,397,298,289,401,320,416,496,411,296,300,387,350,307,301,384,320,286,400,313,304,434,357,460,401,393,298,376,359,307,394,367,290,418,367,359,341,448,414,357,320,440,405,339,298,291,405,298,472,412,389,297,319,314,379,312,284,323,335,324,429,310,290,420,330,295,449,326,365,314,310,402,314,302,433,378,357,296,361,369,297,390,369,307,392,376,300,387,359,308,405,369,297,404,359,340,308,290,395,313,285,400,319,291,397,323,298,396,337,300,431,322,365,295,282,404,317,303,411,369,302,409,357,368,303,376,338,431,452,384,379,425,396,459,405,354,439,378,455,415,368,285,364,342,295,323,296,390,363,306,410,372,305,395,374,351,299,318,294,386,360,305,415,369,296,392,360,310,402,318,382,359,297,294,380,303,273,316,325,431,359,456,396,293,292,392,360,320,449,378,317,367,356,299,320,391,352,316,319,299,409,347,348,315,306,300,404,317,394,387,319,397,357,313,401,356,302,312,287,381,345,302,336,392,317,309,416,378,306,401,351,344,322,400,315,402,357,343,297,297,383,354,307,302,371,319,294,408,315,297,430,341,389,368,362,303,379,352,293,396,354,347,298,285,398,360,304,386,355,309,398,360,344,310,330,297,388,354,291,332,388,358,305,345,296,389,348,307,352,308,384,350,293,334,397,364,301,316,406,360,351,297,384,364,363,292,364,339,306,300,395,296,263,291,324,320,430,370,294,319,392,310,309,412,350,307,309,411,318,403,307,398,307,373,308,293,408,365,297,334,413,361,299,421,364,341,304,314,427,370,357,304,395,368,354,318,381,358,295,315,403,338,302,306,400,354,299,294,380,310,275,401,330,295,405,327,288,401,320,293,454,308,365,314,283,269,295,299,392,341,321,430,380,360,306,353,317,312,308,392,345,295,336,404,358,292,319,301,382,348,293,333,324,396,358,297,325,392,312,295,407,318,296,395,353,302
303,317,392,309,298,420,446,422,359,459,406,284,306,409,341,451,396,300,287,398,322,404,504,421,286,281,376,340,301,302,377,327,288,411,318,299,419,364,461,404,397,326,390,366,317,389,372,304,400,373,355,344,454,415,358,335,441,412,352,306,282,400,301,485,414,380,312,307,316,385,311,270,323,333,321,424,322,290,426,329,310,453,331,369,306,300,401,315,307,444,391,376,310,380,350,302,394,371,309,407,364,314,390,361,314,389,370,305,401,362,347,303,294,393,321,286,403,329,291,411,340,296,403,326,293,444,330,357,318,288,400,312,305,429,364,313,407,363,357,295,375,351,424,450,389,367,425,379,457,420,378,436,380,439,412,364,300,375,338,298,331,308,386,355,300,408,368,306,396,359,349,301,304,298,381,353,298,414,371,318,392,369,315,417,319,383,371,307,301,367,298,267,329,334,423,359,464,394,297,297,379,362,313,429,373,300,373,325,304,313,404,360,305,320,307,415,349,354,310,313,306,409,313,390,380,307,410,372,309,385,365,292,306,289,388,355,312,342,408,320,306,426,366,308,404,348,330,307,403,308,399,360,343,305,294,400,345,294,307,383,321,286,409,322,294,450,326,383,359,358,304,384,368,310,402,364,346,301,290,392,359,310,391,353,308,408,357,354,296,303,296,396,375,291,321,390,351,313,323,325,390,336,299,326,312,376,346,290,332,391,361,307,307,412,364,355,307,390,377,354,313,360,352,294,309,398,295,257,297,323,318,435,362,284,326,380,325,307,407,367,309,313,420,314,399,311,387,300,372,311,311,418,363,301,334,401,358,292,418,371,347,310,296,411,362,359,290,381,355,341,306,376,343,297,306,396,353,294,305,388,355,312,314,380,325,298,403,329,287,406,314,298,390,310,287,451,323,355,302,299,283,303,302,403,329,305,437,380,362,313,369,324,323,317,390,367,293,333,415,352,309,313,297,386,345,301,330,306,378,358,289,317,401,326,303,401,313,297,416,357,300
292,347,385,317,301,426,440,404,355,457,403,288,310,403,374,460,403,290,278,396,319,414,501,409,294,296,393,352,300,302,386,313,277,399,309,303,416,353,468,418,376,312,382,367,320,388,365,293,388,365,356,348,445,409,359,341,445,413,366,309,291,401,296,474,420,383,301,298,315,395,303,283,319,319,323,422,309,301,423,327,300,454,314,373,330,292,397,310,305,434,370,357,303,377,375,304,395,365,308,388,362,303,396,366,297,387,359,320,388,367,342,304,287,377,317,296,401,323,294,404,319,304,402,341,305,443,323,367,313,284,396,326,300,408,368,307,405,364,367,307,380,345,422,458,377,382,429,392,455,418,372,452,399,430,416,367,299,366,353,302,326,297,397,363,299,410,376,296,407,353,349,310,306,302,386,366,303,415,368,300,397,361,307,408,320,376,353,303,294,381,307,274,331,315,425,371,457,391,294,297,395,351,313,431,375,306,403,352,310,314,390,356,314,316,305,421,350,340,308,314,284,403,324,397,385,315,395,355,300,388,354,288,310,282,375,351,305,324,388,317,311,420,375,308,404,346,346,301,407,315,388,359,345,301,291,400,359,310,299,380,318,291,401,323,307,444,328,380,387,374,302,382,365,290,411,358,355,304,300,392,363,304,385,369,307,397,354,342,292,320,298,390,367,302,324,396,349,303,340,321,389,338,294,331,311,383,347,312,332,399,358,303,304,411,375,362,311,375,341,343,306,377,340,299,296,401,299,268,288,323,324,427,366,301,327,389,315,282,415,360,300,313,413,321,389,311,398,316,365,307,302,403,363,298,329,409,377,292,429,357,344,298,305,412,364,348,313,385,359,349,299,374,348,307,314,408,360,307,302,382,345,302,302,369,319,289,398,321,303,394,333,295,407,310,312,440,306,363,293,291,273,300,302,403,314,326,431,375,371,288,360,320,296,320,394,339,294,328,416,354,291,313,307,415,348,299,341,299,386,337,300,314,410,317,295,389,323,308,405,351,312
292,314,393,324,302,430,462,405,352,471,394,275,318,423,357,453,405,306,284,395,317,416,498,420,284,297,388,337,307,289,373,315,292,397,311,297,415,358,467,411,392,308,383,376,315,401,365,307,402,370,349,345,443,434,358,341,449,413,356,297,295,410,315,479,413,378,305,303,309,386,295,273,316,345,313,418,334,303,416,316,298,443,320,385,320,301,396,314,302,435,363,365,308,388,360,296,392,360,304,384,358,308,397,351,309,387,369,312,397,352,348,297,286,373,305,291,389,320,292,403,321,297,403,317,296,432,315,368,297,289,408,319,299,418,367,319,399,363,365,305,382,338,431,457,387,367,444,385,466,398,357,447,385,457,416,348,298,363,344,308,323,298,380,375,306,408,372,310,405,341,350,309,320,286,395,366,316,409,368,298,395,363,319,408,304,383,353,305,284,383,298,271,318,334,440,370,463,404,282,288,381,367,318,435,375,310,384,355,317,308,381,355,302,322,295,421,362,354,304,316,285,414,309,396,389,315,395,372,299,391,357,299,313,292,371,354,298,333,400,325,304,422,390,326,404,366,345,320,408,322,395,359,337,305,302,388,348,301,296,386,315,289,400,319,294,445,334,392,383,361,312,371,359,311,403,357,336,311,297,393,363,300,387,367,311,388,362,353,307,305,301,380,358,298,321,392,347,297,343,305,381,360,296,337,303,368,351,306,345,406,362,299,316,411,375,381,304,389,361,360,310,376,344,309,308,389,291,272,276,323,318,422,368,305,321,399,317,304,411,374,298,299,417,323,395,300,398,314,370,323,296,408,371,308,328,410,349,306,428,374,341,307,294,419,353,350,314,391,366,352,309,375,342,282,313,389,366,299,306,384,367,308,297,387,320,293,405,330,295,398,318,298,411,324,299,437,319,362,308,297,269,306,299,401,325,314,438,394,358,287,362,320,307,330,383,356,296,337,403,354,305,319,287,385,353,300,348,309,391,354,295,332,405,323,294,413,318,317,405,355,309
304,339,391,324,306,409,446,411,355,476,394,297,312,417,356,461,399,296,288,391,322,412,506,415,292,281,388,347,302,303,378,308,298,403,318,300,419,369,469,414,389,308,364,375,313,395,364,307,401,371,350,338,448,398,347,330,441,411,352,291,283,410,310,483,419,394,315,297,329,387,312,270,319,338,309,425,319,300,429,334,284,459,314,363,325,299,403,307,299,441,378,356,304,379,367,301,386,367,303,388,362,305,391,358,318,390,371,312,400,358,345,311,291,375,309,292,404,323,283,400,310,289,403,315,295,435,312,346,316,285,408,303,296,426,369,316,398,372,358,300,392,350,435,452,379,367,430,371,461,422,373,437,382,439,413,364,297,369,349,317,319,300,383,349,306,416,375,304,396,355,346,297,315,289,403,365,289,399,360,316,390,371,298,404,302,378,359,305,288,368,301,276,329,326,435,378,464,405,302,288,381,378,323,438,360,300,378,352,305,322,406,360,305,324,301,397,345,340,301,312,289,399,321,381,394,323,392,363,296,384,360,296,308,297,386,345,290,340,390,324,303,442,366,308,398,358,347,309,406,324,398,346,336,313,302,384,333,305,304,371,329,299,404,312,295,443,325,391,372,375,307,387,376,304,397,356,340,304,306,394,357,300,392,356,297,405,349,341,294,318,291,388,357,292,326,400,353,305,333,308,391,347,293,346,314,394,349,304,329,402,361,295,301,424,370,351,305,391,356,364,297,367,362,299,310,383,308,271,291,326,317,433,371,305,307,396,311,302,417,368,301,311,414,322,393,312,398,313,379,308,304,413,372,303,331,406,366,312,426,364,354,291,279,411,368,366,314,393,364,352,302,371,342,305,318,395,356,305,326,386,353,308,300,380,320,288,393,332,301,403,333,305,397,323,291,436,322,366,308,291,272,299,303,402,324,326,414,380,361,298,360,304,301,311,397,338,294,317,424,375,323,311,307,378,360,302,341,320,381,348,300,312,392,313,295,383,328,307,415,362,307
303,322,397,306,316,418,461,419,368,463,394,287,309,408,353,464,395,296,283,396,319,423,509,409,282,291,390,360,297,292,388,323,302,406,321,302,439,355,463,417,387,327,378,354,304,392,359,292,394,367,352,336,451,408,354,335,448,414,361,314,274,393,308,497,425,388,306,309,323,382,319,276,326,339,315,438,317,297,417,323,309,447,321,375,306,303,394,332,292,436,364,360,313,375,361,310,399,367,300,398,362,302,392,354,298,399,369,308,406,350,345,299,295,386,320,286,386,341,295,420,308,284,399,319,301,444,320,355,297,294,413,313,305,411,367,317,395,364,350,302,385,333,443,446,374,361,425,379,456,410,362,456,377,455,416,365,306,365,357,298,319,300,389,372,300,406,365,313,406,369,351,302,313,310,394,357,301,422,363,301,386,360,310,405,314,395,355,300,292,377,306,277,324,312,419,372,451,393,292,287,384,363,323,442,385,299,381,355,304,318,396,353,301,325,299,411,350,353,302,330,282,425,310,387,380,314,399,374,307,398,363,291,301,285,381,343,314,340,391,317,296,423,370,320,404,366,345,296,399,320,394,358,345,307,298,383,350,311,297,372,322,291,399,313,285,444,331,385,370,354,305,382,372,300,403,366,352,307,295,388,364,297,395,360,312,406,369,332,320,311,294,392,355,306,321,392,341,305,336,318,398,350,300,339,305,387,366,294,341,387,355,304,307,429,365,362,314,387,363,367,307,367,354,304,312,395,303,259,294,321,331,426,373,310,321,403,321,292,405,352,310,309,418,334,403,305,394,316,387,310,298,404,369,320,334,403,371,306,425,348,338,318,295,420,376,361,307,398,361,360,322,373,341,293,303,393,361,301,307,382,355,297,292,385,315,291,398,314,291,401,313,296,407,321,298,432,316,367,316,289,275,308,302,403,326,302,418,375,362,301,373,298,304,307,390,361,305,323,401,356,307,312,293,374,354,317,334,303,372,347,293,315,400,313,297,401,326,301,408,346,311
300,345,398,317,287,401,455,417,356,462,398,293,300,423,361,463,389,295,276,412,323,408,495,420,277,300,402,348,308,302,379,312,307,388,324,304,421,351,464,433,393,325,384,361,304,405,362,313,400,366,350,358,446,422,360,347,450,405,348,304,285,387,300,471,418,399,305,310,312,399,302,282,320,337,311,411,325,300,432,325,298,451,322,358,315,317,407,322,310,431,373,360,313,395,383,317,387,372,307,388,358,309,396,363,299,381,374,305,402,345,344,311,283,386,317,301,396,340,301,402,321,295,401,319,297,438,316,352,306,286,401,319,310,421,363,312,414,379,367,311,390,332,437,444,387,371,442,379,465,406,373,442,387,459,417,360,313,373,357,304,314,304,399,371,309,429,372,308,407,355,329,299,309,301,389,376,297,410,378,309,390,377,309,409,308,386,361,294,308,374,298,273,333,310,416,366,468,394,300,294,384,362,321,433,369,311,393,354,302,316,401,360,302,326,289,420,354,341,303,317,286,415,317,378,385,307,390,367,313,383,359,298,321,276,377,353,310,339,388,324,301,431,378,311,412,371,329,308,408,315,384,363,341,305,308,389,357,291,299,380,313,281,408,321,298,447,324,397,384,357,309,387,366,294,399,352,348,304,311,396,372,299,384,362,305,405,348,347,304,323,310,397,362,293,308,389,350,297,346,301,399,350,297,330,302,380,341,291,333,400,352,309,309,415,371,362,309,394,353,360,300,371,352,305,306,404,302,267,281,331,329,434,357,289,323,394,316,313,412,357,299,300,417,330,414,294,378,316,369,309,296,407,368,312,337,402,363,301,438,363,349,306,295,405,373,374,293,379,370,352,323,359,333,302,328,396,357,298,302,379,356,290,291,383,315,289,409,318,294,402,319,301,416,307,296,446,321,354,305,290,282,306,286,393,329,320,432,377,356,300,360,317,318,300,379,346,297,336,406,353,306,316,295,379,351,297,328,305,382,336,300,327,409,320,299,398,321,297,422,354,311
307,331,383,313,324,408,449,423,357,461,387,280,304,418,351,455,393,299,286,403,320,405,501,425,285,283,385,344,299,305,368,313,302,407,313,299,423,349,464,421,390,316,380,377,314,390,366,308,405,372,353,352,449,405,355,325,437,414,348,298,302,402,283,470,424,386,305,314,313,389,296,290,319,341,309,418,318,305,423,318,306,458,320,360,313,299,404,330,300,435,385,358,304,384,367,290,388,371,306,387,359,288,375,366,304,397,360,308,398,357,359,290,287,391,322,284,405,321,303,399,327,292,382,312,301,448,333,369,315,281,402,299,297,422,370,315,405,360,351,314,388,336,435,456,392,355,444,394,459,406,363,436,398,452,426,363,300,369,332,308,312,284,396,368,310,405,367,305,398,357,341,304,309,289,393,370,291,418,380,308,376,364,307,412,314,380,373,301,308,375,298,266,327,323,421,362,461,385,311,280,392,360,316,432,362,311,378,356,293,321,394,355,313,320,301,407,375,342,308,320,297,425,324,392,390,318,391,370,310,391,346,283,303,293,377,352,301,338,389,303,294,425,367,297,408,360,351,303,394,304,389,349,340,305,296,384,354,296,306,377,318,299,410,329,298,461,331,390,382,364,301,379,362,311,393,352,344,303,301,389,365,300,400,362,299,409,357,336,305,319,293,392,343,292,313,382,348,304,350,312,379,345,301,350,317,369,352,296,323,413,357,298,309,412,362,358,292,386,357,357,305,370,350,298,293,404,312,273,290,331,330,426,361,311,317,402,314,306,423,356,307,310,404,330,399,313,378,306,368,296,297,400,379,301,337,404,356,306,421,363,346,316,280,415,376,373,313,400,346,342,306,375,340,303,305,399,362,301,306,386,355,293,305,373,315,298,402,317,304,406,316,298,402,334,297,451,320,357,324,283,281,306,300,394,313,306,434,378,363,291,361,316,311,323,382,350,288,331,409,358,299,318,296,379,339,303,337,294,389,336,296,329,395,309,293,393,314,303,412,362,300
293,322,396,304,298,403,462,402,367,463,397,285,310,407,364,453,390,304,275,404,315,413,510,417,290,287,383,345,299,302,386,320,281,403,329,300,422,349,464,423,391,329,395,375,311,387,374,299,411,372,345,338,450,408,351,344,429,419,348,299,285,406,315,489,434,381,311,311,311,387,302,279,321,338,311,436,322,315,417,314,303,444,327,369,310,293,390,314,299,438,380,361,302,376,377,301,388,365,308,381,358,314,402,359,299,384,368,309,405,363,341,317,299,372,317,299,399,322,299,397,314,295,396,317,309,452,308,369,315,284,399,312,304,431,364,305,403,367,348,301,386,336,434,458,380,359,431,383,465,401,377,440,375,447,412,364,306,368,343,307,318,293,394,355,290,412,364,309,406,354,344,298,311,296,391,366,320,410,364,304,399,348,309,407,313,384,368,299,299,382,308,263,324,336,430,366,461,406,289,301,393,365,321,431,372,298,382,335,301,311,392,360,293,322,297,413,363,347,306,321,304,410,323,390,394,316,397,366,309,398,367,303,309,296,371,353,303,341,397,319,307,413,366,310,414,357,348,310,404,334,384,351,340,297,284,409,347,305,301,383,323,285,404,327,300,433,330,376,376,362,320,379,362,295,414,358,346,299,301,403,354,294,393,366,303,399,353,332,310,323,301,392,348,301,320,396,351,302,336,312,386,337,288,324,303,388,358,298,330,395,350,307,306,404,373,354,301,388,359,353,303,385,352,290,304,396,312,258,288,323,314,436,372,307,317,397,325,307,416,355,296,310,411,329,394,306,398,322,377,312,289,405,368,310,338,405,354,301,411,365,343,306,309,420,361,376,317,389,360,355,316,363,337,310,305,403,345,303,295,382,358,312,306,368,317,276,412,340,295,403,321,305,405,322,304,447,317,356,312,299,287,304,287,393,314,317,437,384,364,311,353,306,300,313,396,356,276,332,408,349,313,308,293,375,346,314,346,311,387,338,294,319,401,314,306,407,321,297,407,364,317
299,319,378,322,304,421,451,402,351,463,386,286,303,423,355,456,400,296,276,394,326,417,511,416,276,280,395,356,306,302,361,316,294,398,323,302,430,361,455,403,394,312,384,369,300,394,368,300,399,381,347,347,465,425,349,333,437,415,349,310,281,396,311,471,426,380,302,301,299,389,304,286,326,339,313,414,319,295,441,325,295,433,318,372,312,296,393,320,308,433,374,345,305,367,371,304,394,351,305,397,369,318,392,380,308,389,370,306,406,354,345,299,283,382,314,293,400,323,290,417,324,298,393,312,292,448,311,367,306,297,400,313,299,398,373,309,413,365,363,304,379,340,436,442,386,378,418,373,469,409,369,437,381,450,415,370,300,364,345,303,315,288,383,360,300,415,360,320,404,361,338,293,315,308,388,369,290,415,371,296,393,363,294,415,308,375,368,303,298,368,301,276,320,315,437,368,487,397,297,283,393,350,322,441,371,302,372,347,300,320,402,362,306,318,293,421,360,339,325,309,301,396,314,381,392,310,386,366,308,392,363,297,305,291,390,336,302,344,392,315,295,429,366,305,401,355,361,303,402,314,384,349,338,296,293,387,350,314,303,382,311,298,399,309,285,447,332,380,373,362,307,376,353,306,395,356,357,297,302,394,367,311,379,364,307,402,367,352,304,304,293,385,343,287,322,383,353,287,346,322,395,350,290,345,318,388,358,302,323,404,350,293,302,404,369,356,294,403,367,361,298,376,346,314,305,399,299,265,302,322,325,426,376,297,331,399,314,305,413,361,308,303,405,314,397,312,392,325,369,306,299,410,359,297,323,393,367,305,426,371,349,295,295,424,367,362,300,385,362,356,312,377,358,309,319,393,356,294,314,396,357,306,304,379,319,296,417,320,292,402,310,297,422,324,298,442,314,369,302,293,279,303,289,388,315,324,438,377,356,281,363,321,310,315,386,352,303,332,399,368,312,309,308,378,350,306,334,305,385,334,303,318,407,305,280,399,323,295,411,356,314
312,344,385,302,322,414,443,410,357,469,397,281,315,413,350,459,401,303,272,398,324,409,500,428,288,293,390,364,301,310,377,328,302,409,325,314,430,362,462,421,385,320,370,384,299,396,367,311,405,369,358,339,445,404,360,342,439,400,340,298,286,397,306,478,423,386,306,307,312,395,300,276,316,347,320,417,319,295,423,323,290,451,320,370,324,299,400,337,296,441,375,348,290,376,357,290,388,367,307,398,368,294,381,367,302,392,361,308,409,362,348,299,295,378,322,302,400,325,296,386,307,288,404,318,303,450,321,356,314,294,402,323,288,422,367,303,401,368,351,314,391,355,441,459,386,378,435,377,463,410,385,426,381,454,408,376,323,363,353,303,323,296,400,373,299,408,365,305,395,354,337,297,309,307,386,362,298,405,382,299,394,359,303,395,303,381,368,304,296,382,304,278,329,325,426,373,457,392,304,276,390,368,319,441,372,298,379,341,301,305,402,354,307,322,298,412,352,337,307,328,298,423,327,387,387,305,410,376,296,389,352,295,303,292,382,359,303,355,397,315,295,421,381,306,413,349,331,318,425,317,385,357,337,301,294,369,355,313,296,383,315,280,411,325,301,433,329,386,370,375,310,386,355,299,405,345,355,319,305,381,358,311,398,351,310,398,362,339,301,298,302,392,354,297,325,384,354,303,346,313,397,346,303,337,318,378,359,290,329,406,353,298,318,424,374,354,304,387,353,362,302,370,361,299,309,394,309,270,291,314,317,431,362,303,326,396,325,303,401,360,308,302,415,326,407,306,403,309,380,309,302,405,376,305,319,382,345,306,428,374,360,309,282,409,369,361,303,378,362,361,307,372,349,306,301,396,359,295,314,379,352,300,294,381,314,288,395,314,298,402,320,292,421,319,303,448,317,367,301,294,280,303,303,400,316,318,442,383,358,300,362,312,323,338,384,355,287,331,410,349,290,327,296,382,364,302,330,313,377,354,290,308,396,303,280,404,324,292,414,359,305
298,335,386,332,309,423,458,407,360,453,394,269,308,407,348,471,395,289,286,400,314,413,497,420,296,298,386,348,299,290,384,327,282,411,315,310,425,346,467,415,408,311,382,374,299,402,356,299,388,363,346,350,443,393,350,339,441,412,352,297,275,407,304,473,422,386,295,307,314,393,303,272,329,346,301,415,312,302,418,319,310,445,321,367,325,303,410,320,289,434,374,364,309,395,357,302,386,349,304,383,366,300,395,358,311,387,364,314,396,366,353,309,295,380,318,294,405,324,285,403,319,296,408,331,292,444,325,367,304,293,390,303,306,403,362,306,406,364,355,297,401,339,430,448,369,359,435,374,461,428,364,443,378,455,409,359,302,378,344,297,308,302,385,357,311,411,369,310,404,364,346,305,307,302,396,364,314,422,369,300,393,362,291,415,311,383,365,298,294,385,302,253,320,330,430,365,470,391,295,285,388,360,333,435,367,308,374,341,301,321,396,352,310,322,301,406,357,343,310,301,290,409,324,385,386,308,400,363,306,389,372,291,306,294,373,355,302,340,401,316,290,419,374,312,400,353,344,313,408,309,387,345,344,311,293,401,345,298,309,373,318,298,399,317,296,440,324,393,369,356,306,384,351,288,388,374,347,297,305,395,372,305,395,368,284,402,359,346,314,309,295,391,350,285,321,382,347,296,337,300,392,355,311,334,327,373,338,290,339,421,348,293,316,402,370,348,302,385,365,353,309,368,347,295,304,401,299,261,292,319,327,418,357,290,325,396,322,295,410,359,307,308,411,321,410,300,395,312,382,301,295,405,355,301,327,400,358,293,426,364,343,304,294,416,381,354,306,377,358,360,318,366,340,305,306,396,356,317,312,372,346,302,301,377,319,295,405,322,289,393,323,292,396,317,300,449,334,364,305,295,273,303,287,382,310,313,432,382,363,278,361,306,317,314,391,337,287,329,402,356,306,305,310,385,340,301,344,301,384,355,288,322,394,320,291,404,333,308,410,365,299
313,322,386,313,288,414,456,397,360,469,402,268,307,418,356,460,388,296,286,400,324,414,517,412,276,295,382,355,295,315,371,323,301,390,321,303,429,356,458,413,383,317,370,362,298,387,354,298,410,366,350,339,449,410,342,326,440,413,355,299,281,404,299,479,430,388,312,316,301,383,313,273,327,338,313,420,326,298,419,319,305,444,316,384,309,288,407,335,302,435,372,360,298,376,367,303,389,367,302,399,376,318,388,360,299,402,375,301,413,367,342,302,285,381,306,295,405,314,287,395,319,293,397,318,297,454,324,365,309,279,390,321,303,416,373,317,407,368,374,302,388,335,428,449,374,363,439,382,466,425,367,438,375,446,415,364,308,358,346,310,327,300,394,371,312,413,376,301,401,359,352,306,319,313,382,362,310,416,373,299,391,366,308,414,292,375,363,298,302,381,293,265,333,323,434,370,473,402,293,288,400,373,320,429,374,310,384,360,311,312,391,363,309,320,287,403,371,348,303,314,285,398,316,380,391,299,394,358,320,402,363,307,307,283,388,351,286,337,402,306,287,421,361,321,416,350,347,306,402,318,401,349,325,302,304,382,344,296,295,370,320,299,400,306,309,445,333,389,363,365,304,383,371,297,405,362,336,288,284,405,366,314,397,351,296,398,369,344,293,313,299,381,364,297,328,400,347,300,338,311,377,352,308,330,307,377,360,295,338,401,357,304,312,391,355,355,307,401,356,366,316,370,351,299,295,383,302,271,273,324,318,434,366,305,318,395,324,303,409,355,302,315,415,327,398,301,398,314,369,313,298,401,356,289,326,402,362,302,419,363,345,299,302,410,373,363,306,393,370,360,320,373,338,309,304,393,358,299,317,390,346,304,308,373,321,303,411,329,288,401,323,288,396,334,290,448,326,360,323,291,266,298,299,407,329,321,432,375,361,292,360,304,311,316,381,345,306,333,410,362,307,322,303,373,350,316,337,312,375,336,302,320,395,313,291,396,319,295,405,345,312
305,336,383,314,309,424,463,414,357,455,397,274,303,415,356,438,399,301,288,394,320,422,514,422,281,282,384,358,300,301,376,317,282,403,316,297,437,370,472,431,388,316,380,373,307,389,372,295,396,356,351,350,441,416,360,318,446,418,347,301,281,396,296,485,418,381,311,314,321,406,297,290,335,335,333,405,325,291,415,320,299,445,318,378,305,301,402,310,299,434,374,367,305,372,375,295,391,364,307,391,363,307,381,351,316,384,369,303,415,349,336,306,291,381,307,291,396,334,308,400,313,305,402,320,302,442,314,365,320,285,400,331,304,428,360,300,400,362,362,308,389,348,429,448,378,364,425,382,456,405,377,438,384,451,408,358,314,359,350,304,313,309,389,367,296,413,368,302,404,347,339,296,315,301,379,362,297,411,370,296,400,364,302,417,304,380,362,306,300,388,296,276,311,335,430,371,454,405,316,290,392,375,310,430,369,298,384,343,317,308,384,373,302,327,306,421,355,340,306,319,282,404,326,384,390,311,380,364,324,397,361,309,309,292,388,344,302,312,386,317,301,418,363,301,396,356,340,318,391,317,392,353,350,303,295,401,364,293,287,380,315,268,405,307,300,445,336,403,385,362,299,381,363,312,409,359,339,307,320,398,369,305,402,365,295,405,345,338,293,320,292,389,364,292,317,398,343,302,337,323,385,349,297,333,306,387,368,294,335,412,356,284,303,414,364,365,317,392,349,360,306,378,350,298,301,398,312,256,284,324,321,427,368,293,309,406,305,312,407,349,303,293,419,326,394,316,379,322,371,308,296,397,368,295,327,402,364,302,432,350,358,299,298,392,356,350,305,386,370,359,310,381,342,296,319,388,353,305,308,383,366,303,300,365,328,287,407,325,295,406,323,289,398,332,295,444,311,349,307,295,290,318,293,399,336,329,430,364,367,289,349,316,298,328,380,355,301,323,395,364,318,303,311,392,353,295,349,319,393,334,302,327,390,320,293,399,315,302,401,366,312
301,329,400,310,290,425,448,395,359,464,392,282,313,408,353,452,397,304,273,412,316,411,509,423,290,299,385,359,288,295,391,309,288,418,325,297,428,359,452,413,389,313,376,368,305,378,369,311,398,363,365,348,449,409,344,318,445,414,357,302,288,415,303,488,432,390,299,302,315,389,291,276,330,320,311,420,330,284,425,320,298,458,324,373,313,314,402,309,300,441,378,366,310,381,366,305,383,361,309,398,371,312,384,357,309,388,370,306,408,350,364,305,288,392,310,294,405,319,280,397,314,297,408,327,294,449,319,346,315,282,400,316,297,406,368,312,418,354,349,324,390,339,433,455,389,369,418,377,460,426,367,447,372,465,409,369,311,372,344,298,333,296,389,360,302,427,385,315,395,343,348,294,313,304,389,359,302,410,378,294,395,375,311,424,307,376,360,304,297,384,299,276,316,342,427,358,461,397,294,301,395,360,332,425,359,309,389,343,297,296,389,347,306,328,297,409,365,338,314,309,289,406,326,375,385,310,401,364,316,398,349,310,321,280,372,356,307,337,391,313,295,406,369,319,402,359,341,313,405,313,402,360,332,299,293,394,354,302,319,368,314,287,406,317,295,438,327,393,369,375,316,380,365,313,403,355,341,299,300,410,379,305,387,365,297,404,355,354,284,307,293,389,362,297,316,390,355,294,339,315,396,352,300,360,313,386,356,300,331,402,348,307,321,419,377,356,304,388,349,353,306,363,362,289,306,411,317,264,279,325,328,438,371,303,314,400,310,301,415,346,299,297,404,328,399,304,393,314,380,318,305,399,365,304,328,404,371,298,411,370,350,311,313,412,368,369,318,390,364,358,307,370,342,313,316,390,352,298,324,378,366,302,288,366,310,298,412,311,296,396,335,305,400,316,300,451,321,370,295,289,273,294,301,407,329,318,431,375,369,316,363,309,310,313,389,348,287,328,410,351,292,327,311,402,349,301,330,304,389,354,300,322,388,311,298,410,319,301,408,354,305
293,328,388,317,315,414,461,408,366,461,400,276,308,415,355,456,400,293,279,391,318,399,504,414,297,286,384,366,304,304,380,320,291,396,321,308,419,345,454,421,387,304,385,368,304,388,375,302,402,367,355,347,459,406,348,333,440,417,346,295,290,403,306,487,417,384,314,306,319,396,310,283,329,326,322,432,319,295,428,315,304,449,324,377,330,301,395,315,311,433,377,354,294,383,365,297,412,381,302,381,368,308,390,366,311,399,353,293,403,353,348,308,288,377,327,282,394,319,295,389,330,290,393,320,305,452,315,364,291,288,404,319,302,417,359,309,397,370,354,307,387,333,438,440,385,356,431,386,457,407,390,435,380,450,434,362,307,362,357,308,312,301,384,365,304,415,380,308,397,343,357,307,307,304,392,376,309,404,362,308,375,364,306,413,306,378,352,304,303,368,304,258,324,317,436,376,484,390,300,284,385,359,312,431,374,311,384,341,299,316,390,362,309,325,305,409,369,335,310,311,301,414,320,396,378,306,400,360,304,387,364,292,310,283,375,343,296,334,403,312,305,425,360,313,390,359,342,320,404,323,400,359,340,309,298,386,357,304,316,377,314,305,396,321,302,448,327,392,380,354,322,384,358,311,407,353,347,309,300,410,368,311,390,360,304,402,356,342,303,312,296,381,352,303,318,398,345,302,345,313,377,349,300,345,304,388,337,298,324,409,367,289,310,403,371,371,315,382,370,356,305,371,335,307,315,385,293,263,296,310,317,430,366,304,316,403,306,297,418,357,307,310,415,330,394,296,388,317,365,306,278,411,358,319,332,401,360,301,419,363,343,297,303,407,367,351,301,382,353,357,304,386,350,304,316,391,355,297,299,389,364,295,298,395,312,301,396,320,281,400,320,303,392,310,308,437,323,373,308,292,277,290,301,397,325,306,450,380,368,299,350,312,302,307,392,344,297,337,406,369,313,322,308,384,351,291,339,295,374,340,300,330,397,316,290,390,333,299,405,353,289
309,323,393,301,307,424,465,409,360,467,401,281,302,403,353,455,395,301,277,404,323,421,507,409,280,295,387,349,296,299,378,321,296,413,324,312,432,359,473,412,390,305,380,380,297,389,369,302,397,364,355,348,458,409,342,334,459,414,357,301,273,406,307,480,426,379,306,304,316,382,306,267,324,329,319,410,326,308,428,309,296,448,321,382,308,310,399,319,308,430,377,354,301,380,362,300,395,368,303,384,363,294,403,366,304,389,358,306,401,350,341,305,288,388,312,290,390,325,294,410,329,292,406,319,285,443,324,367,308,301,418,323,291,428,383,316,418,363,362,318,397,342,432,458,384,361,427,380,452,424,377,431,369,452,411,354,299,367,354,291,310,282,405,369,298,407,389,303,395,356,336,301,321,294,387,375,297,418,372,306,404,365,312,422,295,384,370,307,290,368,302,271,337,315,424,362,459,385,295,301,398,369,327,435,366,306,378,345,304,308,383,363,307,332,303,406,345,340,308,323,303,422,335,386,383,308,389,366,316,388,367,287,300,294,387,348,301,338,393,317,303,421,367,317,392,353,327,306,392,317,396,362,342,315,316,407,343,294,295,383,314,291,396,319,297,443,327,394,377,359,315,384,369,301,387,350,344,303,310,393,368,299,390,354,296,394,351,346,307,297,300,382,356,296,314,386,348,302,343,303,383,360,299,353,309,378,337,310,331,401,365,303,314,414,373,368,304,389,363,356,290,373,338,293,312,400,305,264,279,319,315,429,352,303,327,397,313,302,423,363,292,309,410,314,406,296,404,310,372,316,296,414,355,307,330,416,371,313,418,368,346,301,299,410,366,374,308,399,373,359,309,371,348,303,325,392,351,298,303,383,348,305,290,381,317,293,397,324,302,405,310,292,402,330,308,439,306,359,316,288,273,304,296,407,333,316,434,374,359,292,367,316,305,313,397,358,304,339,400,359,299,321,302,387,352,285,342,312,383,356,295,333,408,316,301,409,328,305,418,354,314
308,320,393,316,307,423,449,390,367,455,396,273,306,415,340,443,388,281,278,409,335,390,506,417,288,282,376,355,297,307,372,311,289,407,322,306,419,340,468,404,395,310,368,370,315,389,370,299,416,363,363,340,448,405,349,334,444,415,355,289,286,398,298,491,434,380,305,301,324,395,302,280,330,336,313,417,319,302,425,333,310,454,318,384,320,314,406,317,299,442,377,358,309,365,361,316,388,367,300,395,355,310,391,361,313,392,365,311,396,349,340,309,293,385,313,303,413,330,295,403,323,291,398,327,290,432,316,379,304,292,406,311,299,418,368,307,405,369,368,324,380,334,428,448,388,382,429,376,471,415,370,446,376,452,416,358,300,363,342,307,325,295,390,372,297,416,371,289,394,360,340,305,311,297,398,358,304,424,357,313,392,352,304,406,297,381,368,293,304,380,308,276,331,319,437,364,472,395,292,291,392,367,316,427,376,308,378,355,306,307,393,358,316,329,293,408,364,350,313,315,294,408,298,374,393,321,404,370,307,382,353,290,323,288,387,364,297,344,383,317,293,432,362,308,400,353,347,310,402,330,389,363,341,310,300,378,355,307,305,366,315,294,405,319,299,440,332,385,371,347,306,386,358,298,396,349,349,301,297,403,365,294,378,366,300,417,360,352,299,309,295,397,360,295,318,390,360,289,354,312,395,349,307,321,302,387,341,303,339,412,355,286,326,399,376,364,296,385,361,347,297,366,350,288,298,404,300,260,292,319,327,426,372,291,328,394,317,297,399,349,294,312,394,326,407,316,410,327,377,304,307,401,367,319,333,398,369,304,420,351,335,308,301,421,371,364,313,387,366,359,315,373,344,294,301,403,368,306,311,385,368,306,306,376,323,285,404,317,281,397,314,291,396,315,309,446,325,350,312,285,265,323,290,407,327,307,444,367,352,298,347,314,309,298,390,349,296,342,403,350,306,335,310,389,348,299,341,315,385,354,289,329,394,325,284,406,326,295,412,351,312
306,325,393,311,301,423,459,414,354,464,386,296,303,416,351,458,398,306,281,396,315,410,497,420,288,285,391,348,314,303,374,309,294,399,317,299,426,348,456,435,399,311,383,383,316,388,362,300,399,369,351,334,449,418,352,325,444,407,345,293,293,413,295,490,422,382,316,299,314,388,309,281,326,323,308,423,321,283,418,324,302,456,323,385,320,303,404,307,311,430,371,352,306,371,354,293,388,367,300,391,363,308,390,360,298,396,377,303,394,360,326,291,298,372,301,287,407,320,296,393,335,287,411,336,299,445,317,363,298,281,390,306,298,419,371,311,405,357,364,305,383,336,434,460,382,363,427,381,465,416,374,460,372,452,410,355,306,370,339,301,318,302,396,363,301,411,378,310,394,358,335,307,307,297,391,358,300,410,369,309,392,359,305,414,305,385,365,305,287,381,304,271,333,326,427,363,461,398,310,298,388,372,313,438,369,303,387,338,300,319,391,356,303,326,287,414,371,348,302,321,280,406,315,378,384,315,389,371,300,386,356,297,308,286,377,343,307,342,391,328,291,423,386,303,392,350,335,294,405,325,396,355,328,311,303,399,345,298,297,375,312,297,404,317,296,443,332,387,369,353,305,385,370,307,387,354,343,296,314,398,378,297,396,361,287,400,368,335,310,309,304,382,361,299,318,402,356,305,337,314,391,345,285,332,311,385,353,296,328,409,352,300,318,410,370,356,305,395,351,352,307,363,347,301,290,401,310,258,280,338,312,427,378,291,337,395,319,292,402,357,310,303,418,323,398,330,396,317,372,302,298,411,369,306,316,408,368,311,420,347,340,297,305,418,364,362,301,386,350,348,337,384,353,294,306,396,354,290,317,386,366,293,310,379,322,290,408,319,294,413,320,297,403,325,301,441,314,365,304,290,270,305,285,405,318,315,438,359,350,302,372,321,305,321,388,355,309,333,414,341,317,328,298,381,351,309,347,313,395,359,295,333,397,321,288,400,313,298,422,351,306
301,327,388,324,306,415,452,403,365,464,402,295,304,421,351,451,399,292,287,399,328,425,511,415,274,280,389,356,315,304,383,317,307,411,311,300,418,362,457,409,376,321,372,369,301,391,360,311,402,367,357,347,446,410,347,336,453,421,348,292,290,409,297,466,427,383,305,306,311,383,317,294,321,330,315,421,312,313,408,318,303,446,325,372,317,307,413,329,308,434,374,356,314,388,377,307,400,353,300,383,366,316,404,360,313,391,344,304,402,353,337,303,294,387,311,288,399,321,298,407,317,294,398,315,313,431,318,360,306,300,404,312,302,417,373,310,398,364,367,298,395,341,421,463,381,366,430,376,455,412,377,450,371,455,427,357,307,365,337,306,317,298,400,365,301,413,377,295,408,361,347,307,307,292,378,371,306,396,382,301,385,364,309,408,308,367,364,294,296,384,302,252,336,329,428,369,458,398,294,294,389,376,328,439,363,313,369,343,296,305,392,354,302,324,298,418,360,337,311,320,290,425,320,385,391,318,388,362,298,385,368,288,310,290,370,354,305,345,405,321,308,423,377,304,408,355,347,316,413,321,402,349,332,299,301,389,359,307,290,362,314,296,401,326,303,453,335,387,372,361,318,389,372,308,397,351,347,303,301,387,349,294,395,362,302,392,360,345,301,312,292,387,360,296,332,386,355,314,344,298,377,367,296,345,299,388,350,297,325,410,373,288,309,407,366,365,309,395,369,355,315,368,347,301,312,403,289,258,287,319,323,421,366,287,316,403,307,297,415,359,299,311,407,313,411,310,398,316,376,305,302,412,373,301,331,407,360,313,419,370,342,308,286,411,362,361,306,386,373,362,309,368,348,299,317,401,346,292,316,393,353,305,311,382,327,289,403,330,298,394,323,305,401,325,310,440,315,369,295,290,276,304,302,413,327,304,432,370,362,291,353,306,303,322,400,352,293,328,399,366,300,318,309,394,345,305,333,311,379,360,292,317,398,325,293,408,311,301,425,353,305
295,326,378,307,311,427,458,409,365,463,406,288,314,421,352,458,400,301,285,399,320,417,504,424,290,298,390,341,300,305,375,323,293,401,327,303,426,349,463,411,384,313,373,374,313,387,363,302,391,371,354,330,446,411,352,340,450,414,361,290,282,419,305,479,428,383,306,310,329,377,298,278,304,332,313,411,333,301,413,332,292,441,313,379,315,308,401,326,298,427,376,359,294,378,371,309,397,368,315,385,359,298,383,369,295,389,361,296,398,354,321,301,286,390,313,292,397,327,291,410,324,298,394,308,305,447,328,350,299,286,402,320,301,436,371,295,404,381,349,308,382,346,434,459,381,371,434,379,462,428,370,447,381,456,418,361,291,371,351,306,323,301,389,371,300,407,371,312,397,354,345,302,305,301,386,376,309,412,375,303,390,356,307,405,323,382,341,312,284,385,296,249,325,331,433,363,479,387,297,285,384,361,311,445,372,310,381,347,293,318,406,353,294,311,294,414,363,351,314,325,282,402,308,383,384,311,396,365,305,391,360,299,323,286,382,338,304,339,388,326,303,421,368,302,414,355,345,300,399,323,386,342,340,307,309,390,350,303,303,367,327,296,409,324,296,441,321,393,372,355,311,375,360,308,399,361,335,309,295,399,371,304,392,370,307,398,362,345,316,311,299,393,359,300,337,378,354,315,344,317,393,331,295,335,304,380,336,309,331,402,355,299,318,417,368,373,305,387,369,362,309,384,351,300,307,394,318,268,288,322,326,418,353,302,319,411,314,303,413,359,311,301,414,327,403,306,393,332,365,306,299,396,359,310,325,401,368,316,422,358,338,297,290,410,376,363,308,384,354,347,311,370,333,295,308,404,353,297,317,391,351,316,307,377,314,298,395,322,291,400,323,299,410,325,313,439,323,355,311,290,278,304,306,417,330,312,430,368,368,291,359,326,322,318,385,344,294,327,394,352,302,333,299,380,344,299,330,311,401,348,307,314,390,328,294,415,326,292,406,356,297
303,331,392,309,300,417,450,403,360,465,390,283,305,403,349,458,392,308,272,412,333,408,512,423,289,294,377,359,298,301,364,325,296,403,319,304,416,350,464,429,397,330,372,370,302,377,359,285,397,361,357,340,450,411,339,333,450,413,359,296,275,396,302,497,421,385,305,297,311,386,307,279,331,331,320,418,318,302,422,325,312,444,327,385,315,297,402,313,306,436,384,387,303,378,351,299,386,359,311,378,371,318,388,360,296,390,357,310,398,364,337,308,291,382,306,290,410,313,300,392,326,287,411,324,301,449,327,366,297,285,405,314,294,431,363,306,412,351,356,308,387,339,436,445,384,363,429,375,451,412,361,440,376,448,415,368,305,375,343,309,315,311,405,360,299,419,364,304,393,358,347,297,305,282,402,369,309,416,379,310,382,355,316,416,305,367,361,297,299,379,305,272,336,315,430,361,456,393,285,286,406,371,319,444,370,308,378,355,287,311,399,346,309,316,301,412,353,353,319,315,296,415,311,390,388,312,384,360,311,398,361,308,302,283,387,352,302,326,393,318,308,426,371,304,409,361,356,304,402,316,393,362,332,310,299,400,351,321,303,383,316,295,408,316,294,433,326,402,370,367,316,390,375,307,405,358,335,308,301,386,371,301,392,359,304,399,358,335,304,308,292,387,348,301,329,398,340,301,346,311,396,350,301,344,315,388,346,291,342,402,365,307,314,410,379,371,310,401,364,364,307,375,352,304,303,392,304,271,299,322,323,421,378,298,324,398,317,293,422,356,305,309,412,319,402,318,395,318,371,307,305,405,367,300,328,404,372,310,425,351,347,318,301,403,361,371,297,391,368,359,314,352,337,299,320,393,352,298,286,383,360,295,306,375,329,292,403,320,282,409,331,296,397,316,295,432,324,363,325,297,283,293,300,410,329,326,427,368,356,296,355,316,314,315,382,348,294,327,412,351,320,316,298,398,338,307,342,321,384,346,296,322,381,328,278,390,326,309,410,358,303
299,330,392,317,305,411,461,401,367,455,403,286,300,414,350,451,394,297,281,397,330,409,509,422,284,301,373,346,301,306,378,325,285,409,319,299,423,360,469,419,394,298,383,369,306,388,366,301,396,375,353,333,436,402,338,338,443,416,351,304,271,402,298,478,422,379,293,300,312,387,322,281,324,324,321,418,319,294,414,312,307,443,313,386,323,305,390,310,288,444,364,363,296,371,376,300,388,362,298,389,364,299,383,372,290,399,376,311,401,352,352,300,288,376,312,293,388,326,295,402,322,304,395,327,304,447,311,359,298,296,407,305,307,412,370,318,405,357,364,301,390,334,433,463,380,366,435,379,461,401,365,449,383,451,407,362,322,369,337,292,329,299,392,354,305,404,363,303,396,355,348,304,305,301,396,365,300,408,371,318,389,372,288,407,297,375,368,298,305,392,305,265,324,325,437,371,470,407,299,277,393,363,325,430,370,309,390,351,299,299,394,363,293,319,298,393,366,342,307,310,298,408,329,392,374,316,403,368,311,388,354,300,309,295,376,359,318,332,398,323,304,418,376,315,393,362,344,307,411,315,396,357,332,300,286,388,356,286,308,374,318,296,395,336,288,439,318,399,359,368,314,380,349,311,398,362,343,303,298,399,376,302,391,357,293,392,352,343,301,326,294,389,354,296,321,402,358,295,343,308,379,350,296,339,312,375,344,303,338,407,357,292,323,413,370,356,297,381,353,360,302,372,358,295,301,389,299,262,294,312,318,419,360,305,324,398,301,299,417,334,306,297,417,323,403,323,403,324,386,322,294,412,372,305,336,387,369,302,423,353,346,316,305,418,367,355,302,383,357,363,303,386,352,307,313,391,351,293,309,388,357,294,308,389,320,289,404,324,300,400,312,300,416,323,305,450,317,357,321,299,283,286,306,405,310,306,432,374,365,291,350,313,314,320,396,353,304,329,404,354,300,320,307,378,356,314,334,308,377,351,297,327,398,322,293,398,315,304,415,348,304
287,323,388,314,307,423,456,413,365,466,407,287,300,416,342,453,405,295,279,409,306,406,510,420,280,294,387,347,295,304,373,332,297,403,323,296,426,347,464,396,408,317,381,374,298,400,370,297,398,369,344,345,452,405,354,336,423,428,357,293,290,404,305,476,425,385,296,308,300,388,294,282,335,334,319,417,323,289,427,307,312,441,313,364,308,310,383,322,296,427,366,374,317,385,367,294,381,367,301,395,364,319,394,365,307,385,356,300,405,365,341,300,293,383,319,288,407,321,288,413,315,290,407,325,306,457,316,357,308,271,404,316,304,435,375,305,406,382,357,305,387,333,426,460,380,369,427,381,461,417,376,438,391,452,421,358,300,382,349,298,315,300,396,382,303,414,375,297,404,355,356,309,311,292,381,364,300,405,364,317,395,367,304,412,296,377,373,303,303,376,304,280,331,330,420,365,459,399,298,296,382,374,317,428,366,306,376,342,281,319,385,361,305,334,291,410,350,338,317,314,290,408,307,380,392,313,385,368,303,390,353,292,295,281,376,344,309,338,388,320,293,420,382,293,406,365,342,320,405,306,384,345,336,298,308,387,356,310,309,372,321,301,398,322,300,438,327,395,364,364,310,383,360,305,394,350,336,311,299,384,373,308,397,352,305,408,352,342,301,313,297,396,354,287,328,380,350,310,333,306,384,346,309,346,307,380,356,291,339,391,354,295,310,413,373,356,302,405,358,353,320,369,341,303,307,399,304,257,293,318,326,436,373,295,329,394,315,306,402,373,304,304,399,334,403,315,387,320,377,310,316,417,356,308,323,397,375,301,416,368,340,306,309,409,376,356,308,405,365,351,306,372,342,308,299,391,363,299,309,394,344,309,305,391,319,282,407,315,296,401,315,280,404,331,301,443,318,359,302,300,276,302,306,392,334,317,432,375,354,283,361,300,325,320,398,346,284,328,408,357,308,328,294,379,336,303,342,308,386,346,310,327,392,320,286,410,319,302,413,359,306
310,320,397,315,307,418,466,419,373,474,389,282,311,403,353,449,387,288,280,395,320,406,501,413,280,290,390,347,307,299,377,310,284,403,313,296,416,356,464,425,395,325,372,369,315,399,357,309,402,369,350,341,451,411,359,334,442,416,345,307,290,398,322,483,428,376,307,308,311,393,308,279,333,335,299,419,327,299,429,310,300,448,325,369,313,288,398,323,305,438,377,368,323,363,367,298,394,362,303,389,350,310,390,364,322,381,367,310,406,371,343,306,288,384,308,300,401,327,280,404,321,301,408,322,301,456,320,365,317,291,397,319,292,409,366,304,405,358,367,301,391,334,427,459,380,366,430,385,457,409,367,436,389,449,416,349,299,378,347,298,323,293,389,362,315,405,378,298,396,362,350,303,317,295,404,360,297,418,378,308,382,363,297,403,307,382,361,295,299,383,303,275,340,322,439,352,462,390,301,278,389,365,321,432,361,307,387,346,298,317,392,343,301,319,298,406,351,334,313,316,286,401,318,387,389,320,398,366,304,394,356,291,305,291,385,361,322,334,405,322,292,423,360,310,395,362,334,298,398,324,389,343,333,304,300,389,351,299,313,368,323,293,392,307,295,444,335,392,378,370,304,385,375,304,408,357,352,306,300,392,379,291,389,363,306,405,340,346,305,320,303,398,364,297,327,380,342,304,341,310,382,346,304,344,323,368,356,293,334,414,359,304,304,417,370,353,324,391,373,358,301,369,347,310,301,402,294,269,288,325,330,421,367,296,319,404,328,311,406,354,291,306,411,328,390,306,385,314,374,301,289,418,357,317,334,397,372,291,441,365,339,295,308,407,358,364,311,390,369,369,310,377,351,300,302,403,360,306,323,376,356,305,295,375,304,295,402,316,292,396,307,285,398,317,290,435,317,358,299,277,270,300,294,406,320,318,430,378,360,284,370,302,300,310,384,352,302,336,418,366,289,323,307,382,345,304,343,310,381,352,298,325,395,314,291,410,327,284,407,363,308
301,312,393,310,310,427,455,398,370,464,393,278,308,423,359,447,395,316,273,383,328,406,505,415,280,288,374,348,297,303,377,322,304,414,328,295,426,338,442,419,389,320,384,361,313,394,359,307,393,365,356,340,439,418,331,330,460,420,357,306,291,403,299,483,416,379,308,320,309,383,300,275,314,332,311,422,306,299,427,312,293,455,322,373,316,294,400,320,328,432,357,371,302,369,366,294,409,372,302,393,365,300,389,355,308,402,366,310,385,366,348,302,288,385,313,292,412,312,291,413,321,292,395,325,306,432,326,367,310,284,389,318,307,424,377,296,408,356,356,311,384,341,439,454,382,356,430,384,475,419,376,443,369,450,420,360,302,364,340,298,313,299,394,360,303,421,374,312,397,363,347,307,311,294,385,363,300,404,362,319,381,376,322,402,316,376,373,313,293,389,296,276,331,327,429,357,456,391,308,288,387,355,316,431,369,312,390,355,301,321,394,363,292,320,295,398,352,347,303,323,289,406,314,384,388,311,398,362,299,403,354,301,316,276,377,345,305,341,399,327,294,419,362,303,411,359,340,305,401,314,405,352,329,309,298,395,353,300,302,367,327,301,400,322,308,440,315,391,373,370,325,381,368,297,403,365,340,312,285,393,370,301,394,362,306,389,354,333,314,317,296,396,355,300,328,392,363,300,325,310,384,357,307,335,315,389,349,296,330,388,363,297,312,416,371,359,317,398,367,361,304,369,352,295,311,390,304,254,278,315,317,418,366,300,327,395,310,299,412,342,306,295,415,332,407,294,382,313,378,302,296,414,383,301,330,395,373,312,421,364,341,306,294,421,360,359,313,374,362,358,306,375,349,313,317,404,354,279,312,387,348,302,290,372,320,292,397,322,286,403,326,293,411,311,295,449,324,360,308,295,272,302,294,407,328,309,424,372,364,291,373,316,316,318,395,341,297,336,407,351,301,320,294,387,345,299,331,306,381,349,293,328,398,324,290,412,313,299,413,361,313
313,329,409,324,305,416,453,402,360,456,386,286,308,421,356,448,400,284,293,404,319,415,503,418,284,290,383,332,306,307,375,326,295,397,319,303,420,362,471,412,391,321,364,370,308,395,359,291,393,367,355,345,439,423,356,323,437,412,361,299,282,405,298,489,436,390,307,309,309,395,311,287,322,340,316,430,327,305,420,329,285,451,324,369,298,295,408,319,314,443,363,355,294,384,369,297,381,353,305,385,357,307,384,373,298,393,362,305,403,360,350,305,295,377,321,295,400,318,288,404,327,292,400,328,296,452,321,357,312,295,405,316,300,421,374,310,396,353,353,309,381,336,436,443,373,366,433,375,467,412,381,439,373,448,421,357,293,372,352,312,309,301,401,363,304,418,375,301,401,354,339,308,311,302,373,368,313,417,366,300,388,371,319,404,300,377,355,297,308,373,300,268,325,325,435,372,457,398,301,293,387,368,336,432,378,314,383,350,302,319,392,361,299,333,289,418,349,352,307,317,285,412,321,379,390,310,389,358,305,387,354,315,299,281,384,350,300,333,408,317,298,418,362,313,416,356,334,309,405,315,386,360,348,307,296,389,364,290,295,385,317,293,406,310,310,438,327,397,367,362,310,387,371,302,401,352,345,304,303,405,369,308,398,367,310,406,356,334,313,325,292,395,360,302,314,392,350,312,353,294,403,349,303,340,308,381,347,290,340,399,355,296,314,418,371,356,297,380,361,360,306,382,353,283,307,404,299,265,279,321,324,425,372,298,315,390,322,298,421,346,292,301,425,323,399,309,395,307,362,306,296,416,361,314,335,398,367,309,430,370,343,303,297,415,362,363,314,380,373,353,314,364,356,283,310,391,354,293,309,381,356,295,299,398,316,295,405,332,299,413,321,295,400,317,309,440,328,360,306,298,276,292,305,395,313,320,447,379,363,298,361,321,289,302,393,356,296,340,404,357,306,327,298,386,347,307,324,305,380,339,294,321,397,319,286,397,318,306,403,355,313
302,332,395,305,315,427,443,415,364,461,394,294,301,421,362,459,400,303,273,394,313,420,507,417,296,295,389,360,306,290,388,314,292,401,323,294,418,346,459,424,395,314,371,367,316,396,377,300,389,374,362,341,457,427,345,327,449,410,359,305,293,392,304,476,421,387,321,294,305,378,304,282,325,332,317,419,326,291,425,315,299,436,317,375,321,300,415,326,305,430,371,356,291,387,358,306,395,361,302,403,368,317,402,380,304,396,349,299,397,359,340,304,297,392,314,311,406,334,289,398,339,285,400,322,299,431,316,357,308,302,399,323,294,425,380,324,407,360,351,311,371,346,438,453,388,369,440,387,463,411,372,441,373,459,423,353,300,367,351,301,312,291,382,369,311,412,374,305,413,361,341,297,312,297,384,354,298,413,361,308,383,371,298,404,303,356,371,304,285,375,293,264,318,329,423,379,467,374,299,284,388,369,319,435,365,304,373,347,295,307,392,349,303,319,293,414,370,340,310,318,300,424,324,375,384,304,395,359,299,372,360,288,309,283,374,347,311,325,406,322,291,429,367,306,407,357,342,311,416,323,390,362,326,301,309,384,353,299,297,387,322,305,397,328,304,439,328,393,376,352,308,390,366,296,390,366,334,302,305,395,371,306,391,361,305,402,363,341,301,318,302,408,358,288,324,390,342,309,335,299,384,343,296,336,318,378,339,304,326,411,350,304,312,409,365,352,300,392,359,362,305,384,340,295,305,406,290,259,275,317,322,420,369,301,312,383,323,294,410,364,293,303,414,318,399,306,394,311,379,307,298,398,371,309,328,402,362,314,429,361,346,319,303,398,373,357,305,399,367,368,309,361,340,291,307,397,354,306,299,375,352,291,308,371,318,299,410,319,290,395,327,304,399,327,302,450,312,349,301,287,266,317,298,402,342,321,447,361,342,301,355,317,325,309,393,342,295,337,400,358,313,324,305,396,344,295,339,316,390,356,294,318,408,317,295,400,330,295,408,361,312
283,312,382,316,305,407,461,409,367,463,385,283,315,404,352,455,410,300,275,400,316,414,514,415,286,301,391,350,296,296,379,325,293,403,319,294,425,357,472,421,398,313,368,368,298,388,348,300,403,381,348,359,455,426,354,322,440,408,352,295,281,409,303,489,439,379,306,314,314,387,302,267,320,335,306,426,322,308,424,307,304,453,331,371,315,315,400,323,289,424,376,370,321,383,364,308,388,359,286,383,366,309,396,359,312,393,357,306,402,343,347,310,297,376,318,289,403,327,293,400,314,293,400,319,292,430,315,345,312,286,409,308,304,415,369,307,404,360,354,306,380,340,419,446,391,365,438,393,456,402,375,440,381,455,427,371,301,373,354,303,319,285,380,367,316,418,370,307,397,366,349,301,314,304,383,372,299,408,357,309,380,374,313,410,307,383,349,309,299,373,303,263,319,320,428,374,471,397,291,295,380,366,320,434,368,306,378,354,309,307,392,353,301,314,322,408,353,351,308,316,297,426,319,388,393,316,397,360,300,398,350,294,313,297,389,357,308,340,398,321,302,425,377,300,405,348,357,304,417,316,401,362,332,292,301,390,338,300,302,377,312,294,397,329,308,432,331,396,375,352,310,381,350,296,399,354,343,302,302,390,371,297,396,367,316,398,368,343,307,316,313,384,361,292,327,384,362,295,340,315,391,351,304,343,310,391,353,298,330,405,366,300,298,400,365,345,311,386,359,351,309,374,354,304,308,392,303,259,270,331,313,423,365,306,328,406,320,314,399,363,302,308,416,309,408,308,391,316,391,312,297,403,360,301,328,391,367,297,425,352,356,301,304,407,359,356,306,394,365,372,302,375,339,291,315,394,354,300,313,379,340,298,305,377,313,292,399,313,293,404,335,287,403,319,303,443,311,358,306,299,282,286,297,393,325,323,435,374,355,295,362,319,317,317,391,336,300,332,395,363,304,334,304,381,353,304,333,307,380,348,294,317,400,317,288,403,323,295,426,363,289
307,330,387,302,310,415,450,414,364,462,404,276,306,411,344,459,389,304,281,407,313,420,504,429,283,287,391,362,300,303,377,316,289,389,320,319,422,354,467,418,386,306,371,371,322,394,363,303,411,371,347,344,443,411,343,322,449,423,339,307,284,405,302,475,421,378,298,301,306,384,308,272,329,336,322,424,320,299,421,320,296,437,324,353,296,317,389,315,304,437,375,352,316,373,371,303,385,369,311,378,357,302,388,367,307,396,363,303,397,341,354,287,277,382,308,289,401,312,302,396,316,292,399,320,294,443,316,375,306,282,400,316,303,416,369,314,403,359,345,312,383,343,430,444,386,384,429,381,463,423,368,438,393,450,415,345,301,363,338,303,326,290,390,357,305,418,368,301,398,362,343,311,311,290,388,371,314,405,364,294,386,380,315,412,308,375,374,301,298,376,311,268,308,307,426,365,462,402,301,285,393,359,319,433,355,303,380,358,296,309,394,368,304,322,287,419,363,350,309,315,282,408,315,373,389,316,401,356,294,390,362,311,304,290,378,349,308,342,401,328,303,410,370,298,403,346,353,306,411,323,398,363,335,315,296,390,349,300,298,381,322,293,404,320,303,443,346,399,362,348,315,376,374,313,400,366,362,303,293,397,353,296,408,359,299,413,356,344,315,310,299,392,359,291,325,382,347,304,331,311,382,351,296,340,319,377,361,310,340,405,351,301,309,398,366,355,307,389,368,361,312,366,343,290,301,399,301,274,288,322,316,427,378,290,321,403,319,307,421,359,299,294,420,325,404,304,391,316,365,319,303,415,362,299,334,396,368,300,437,366,350,313,298,417,374,347,306,400,359,355,310,380,350,305,296,386,356,300,300,380,359,304,297,374,310,290,406,323,288,397,322,279,403,317,303,448,324,366,311,289,276,301,299,403,328,322,436,366,368,293,362,313,302,311,395,349,296,325,397,349,291,329,304,388,338,307,342,297,399,348,303,328,391,311,285,392,321,299,420,357,314
296,325,383,319,311,438,470,408,353,466,402,290,302,412,351,450,395,294,275,409,319,411,506,425,276,300,395,361,303,292,374,316,292,403,315,296,411,352,470,425,400,318,384,363,304,400,361,298,399,358,340,346,456,417,353,343,433,414,356,303,295,401,310,485,429,392,307,301,322,383,311,272,323,339,311,410,323,296,417,324,290,445,324,371,322,286,393,327,301,443,359,373,306,397,367,310,386,357,317,391,374,307,402,369,310,386,365,304,393,365,336,306,298,386,317,288,406,321,298,393,332,293,402,328,299,442,312,365,305,279,405,324,318,411,380,319,400,349,351,319,376,333,431,461,403,369,436,372,470,415,371,442,377,449,424,364,313,366,328,303,329,299,387,367,310,416,371,314,393,354,335,299,312,301,381,368,301,424,369,309,388,362,302,411,301,380,361,291,308,374,296,258,332,334,423,367,470,404,302,296,398,368,324,422,369,302,375,354,295,307,390,357,302,313,291,403,350,358,304,321,292,414,328,389,388,314,387,369,302,397,352,292,300,271,383,350,305,328,386,320,299,413,363,298,412,359,344,304,401,318,382,366,345,304,301,389,343,293,295,380,306,287,413,328,295,458,331,394,368,356,315,384,351,308,394,356,343,325,286,402,364,324,390,361,320,407,356,349,301,321,301,397,354,293,330,397,348,292,340,311,371,349,289,323,307,397,348,292,330,407,360,292,308,412,368,354,301,388,362,375,313,381,344,294,309,400,300,262,284,321,312,411,379,308,319,392,320,292,416,358,299,316,419,335,386,303,376,326,377,309,298,409,357,299,325,384,364,306,428,360,347,307,292,405,362,352,291,392,362,352,311,375,344,292,313,396,353,298,314,395,355,297,296,385,317,280,390,328,286,413,332,301,403,332,290,455,321,364,308,285,282,302,307,399,331,328,431,390,361,296,363,319,304,315,384,351,286,345,397,357,294,324,301,397,353,281,335,306,372,349,298,321,408,325,287,415,328,293,409,354,305
303,326,385,332,311,437,451,410,345,461,383,285,312,427,360,438,402,290,275,387,305,410,504,403,287,290,393,353,299,306,372,310,292,405,309,292,423,351,459,414,395,319,382,375,302,396,367,312,382,372,359,345,448,415,351,342,458,407,346,299,291,397,285,468,414,376,317,302,307,391,300,282,321,339,319,415,326,293,418,330,305,447,332,384,314,302,408,315,292,442,371,367,313,382,367,300,396,363,299,388,373,311,397,364,312,388,360,309,394,361,348,302,298,386,320,296,410,324,292,413,324,288,409,329,287,448,328,353,307,297,393,308,301,427,374,308,401,358,342,314,392,352,431,452,376,367,438,383,445,413,363,444,376,458,410,367,298,372,340,312,318,292,397,371,308,408,367,303,402,357,330,290,328,282,389,369,302,413,373,316,399,358,312,411,296,377,365,290,284,375,312,273,334,310,432,357,456,400,300,290,388,371,317,436,385,313,392,339,317,321,393,349,296,314,300,419,353,340,311,316,300,405,318,376,396,312,389,372,317,385,359,294,306,281,397,348,302,347,388,328,299,425,376,316,410,353,350,300,407,313,392,355,348,291,304,393,352,292,294,376,312,293,406,328,289,431,317,390,372,355,314,376,370,304,398,359,345,304,293,393,379,303,392,357,319,398,361,350,307,318,291,380,357,298,315,394,355,309,338,312,380,349,306,339,309,378,339,297,331,416,351,288,312,403,368,356,313,390,351,366,317,379,342,292,302,392,307,276,278,323,325,422,350,314,315,389,310,302,410,370,314,316,407,327,403,307,396,316,368,303,302,406,347,304,321,389,361,307,418,360,355,291,299,423,362,366,302,393,367,351,320,369,327,312,319,402,343,298,303,392,362,290,307,391,321,286,397,320,299,396,333,300,400,336,288,443,321,359,296,283,269,314,292,404,317,304,429,374,366,300,369,319,314,315,395,348,303,348,410,358,324,328,301,394,345,302,337,309,391,344,301,323,401,317,301,404,330,311,416,368,314
305,334,399,305,296,419,467,394,366,467,399,281,310,420,344,452,399,290,270,399,325,397,498,418,286,296,384,344,307,298,370,312,302,396,325,301,418,355,473,416,382,314,382,369,319,397,361,307,408,363,363,340,450,403,354,341,450,414,355,293,292,412,286,479,421,380,311,318,308,394,302,272,328,327,321,420,331,296,424,311,300,464,323,369,319,300,410,317,312,436,370,352,319,368,365,300,393,362,287,396,357,307,388,361,305,389,366,300,394,362,344,308,297,383,312,290,410,316,300,409,337,297,413,334,305,431,317,352,313,296,393,325,312,425,368,306,395,372,353,305,377,347,425,450,385,357,434,383,468,431,372,452,386,461,412,362,313,361,336,295,316,313,385,363,299,413,375,306,415,361,351,306,321,305,394,380,307,403,362,298,397,357,313,408,306,377,360,311,298,378,303,278,310,325,434,368,468,403,290,291,377,370,323,436,384,297,388,351,314,324,389,346,306,316,309,409,360,355,310,320,282,410,311,387,378,309,399,364,301,392,354,302,321,298,369,345,303,343,395,320,301,430,376,305,411,354,357,312,405,319,386,349,338,310,303,367,346,313,294,373,313,294,410,327,302,464,321,394,369,371,319,382,364,308,394,355,340,301,300,406,365,295,396,360,300,400,356,333,303,322,302,396,351,296,320,387,347,296,348,302,390,340,298,334,308,385,343,290,347,394,358,301,317,401,370,351,308,388,364,356,310,366,351,297,304,393,313,269,275,326,329,421,361,305,310,393,322,310,428,350,308,297,399,327,399,304,396,317,377,307,305,411,352,293,325,402,360,294,425,373,349,300,304,417,361,354,298,374,355,362,318,367,344,298,323,397,354,304,298,393,347,289,301,366,327,294,410,310,287,398,318,300,408,308,293,440,324,362,314,290,280,299,308,393,324,309,434,361,356,290,365,310,314,309,388,357,288,329,396,348,297,308,296,389,356,302,345,322,372,349,305,324,396,308,301,387,327,306,420,357,302
290,339,395,327,296,414,461,407,361,457,386,284,314,402,364,456,408,288,286,406,321,409,499,414,289,306,401,350,302,288,384,308,288,414,314,300,414,365,450,407,391,318,375,369,309,393,356,312,404,375,355,350,454,413,342,329,433,413,346,318,286,400,306,470,426,392,310,312,315,395,307,290,330,338,316,410,323,294,420,322,323,460,330,381,331,310,401,316,302,438,375,356,300,377,366,293,383,361,305,391,366,313,394,363,301,393,357,307,411,355,339,290,296,378,308,303,418,320,300,401,327,292,395,324,300,447,324,363,314,293,402,315,305,412,371,296,413,353,365,308,378,342,426,452,387,370,432,376,466,413,369,441,378,455,422,355,296,359,342,307,318,308,391,366,307,411,366,302,402,352,329,308,308,310,404,366,306,418,361,305,388,359,305,432,323,368,363,301,296,369,311,273,323,320,423,367,461,393,287,288,395,370,310,438,364,292,373,351,293,303,402,355,297,323,293,410,355,350,315,311,293,404,328,382,384,304,377,366,311,391,359,297,306,289,387,355,312,333,391,326,298,417,370,298,410,360,342,302,416,330,376,355,331,313,294,396,355,299,308,356,319,287,396,317,302,446,330,385,377,355,310,377,362,308,401,354,337,296,308,408,371,304,414,362,316,402,355,347,304,312,308,385,370,301,323,399,353,302,351,297,371,354,303,332,310,385,348,298,342,418,370,300,314,414,378,363,307,384,361,350,310,370,349,293,305,409,308,272,272,331,319,417,363,310,313,402,316,307,412,360,299,306,417,330,413,308,388,315,383,309,293,413,375,304,324,404,368,292,422,365,356,296,299,420,366,359,313,386,374,356,295,371,353,293,316,393,362,302,316,395,354,296,303,382,314,285,410,308,286,395,318,303,406,319,304,444,311,367,296,285,279,308,290,407,327,302,426,370,374,293,363,311,315,316,403,347,291,329,398,365,297,320,301,388,357,302,334,321,389,350,300,306,405,307,293,407,329,299,405,351,304
299,329,392,320,311,416,459,408,351,460,402,284,307,419,356,446,396,281,283,403,340,416,504,415,287,295,392,349,304,293,384,312,297,411,313,307,437,354,466,421,388,321,374,371,308,404,365,297,403,367,350,344,446,414,352,334,447,423,349,302,296,411,301,478,425,374,303,305,304,366,305,276,327,344,310,424,328,305,427,321,297,450,321,365,316,301,394,308,313,430,362,358,322,362,375,305,399,365,306,403,368,305,391,364,301,393,369,295,395,345,339,299,297,373,313,284,396,310,283,397,328,298,401,337,296,430,312,356,307,298,402,314,307,420,377,316,402,370,350,309,399,341,432,444,372,369,434,382,466,411,383,455,390,462,417,367,295,390,339,309,333,303,406,367,298,414,360,306,417,362,350,291,317,304,394,354,307,419,370,298,391,372,304,421,297,380,366,294,306,384,314,270,329,316,421,363,459,380,293,288,390,363,321,443,371,298,384,343,305,309,390,342,305,316,304,419,367,339,296,310,292,408,313,390,393,320,388,360,305,382,356,292,319,283,388,350,292,342,394,305,300,414,372,303,393,359,334,306,404,313,395,362,338,311,291,399,350,305,294,373,320,285,397,323,293,440,336,393,380,367,311,383,355,303,402,348,350,292,320,394,375,300,393,359,294,393,358,348,292,307,310,394,366,296,313,389,360,302,348,300,394,355,306,343,308,393,337,296,319,422,355,293,315,413,360,359,301,385,369,361,311,379,352,306,303,391,311,266,291,321,319,423,363,301,329,393,306,307,417,355,310,293,409,339,396,321,388,318,378,304,303,417,371,309,332,397,377,298,425,357,336,311,309,420,368,368,309,397,359,344,305,372,351,293,317,389,357,312,316,390,358,298,295,370,315,288,389,331,293,400,319,300,411,318,294,445,332,364,312,296,287,306,309,397,324,317,439,363,370,296,360,315,311,321,398,343,290,327,389,358,305,332,304,366,341,302,331,293,380,341,298,318,408,315,304,408,318,291,426,350,299
308,324,388,317,297,426,453,410,364,458,390,292,303,422,342,464,405,289,279,393,309,410,501,416,291,293,390,350,303,308,367,321,290,411,328,302,428,358,473,409,389,319,371,376,309,404,362,312,415,371,361,347,446,422,356,350,448,415,349,296,289,394,309,480,432,385,309,302,313,395,309,288,322,331,304,418,332,296,428,325,303,454,312,364,321,301,406,307,313,430,379,361,318,370,370,304,385,362,301,382,359,306,393,356,308,393,371,310,390,353,342,317,290,371,311,305,391,328,288,400,332,293,395,327,291,450,315,347,310,282,394,313,292,433,370,307,401,340,344,308,378,334,432,459,382,367,442,372,453,426,384,435,387,461,428,355,316,385,356,311,327,297,401,368,309,420,371,302,406,350,344,314,315,302,386,362,316,414,382,303,394,361,311,401,298,377,368,308,292,383,299,273,321,327,424,370,473,389,294,295,400,379,334,437,372,301,380,343,303,320,386,350,302,331,294,421,362,350,298,308,292,406,322,393,396,309,382,361,295,391,362,293,302,286,377,343,303,348,387,312,299,412,367,314,405,350,340,304,402,315,401,355,335,306,303,386,355,305,298,385,314,289,394,323,295,448,339,383,388,364,318,368,363,302,388,355,336,296,311,402,356,311,403,369,306,405,354,353,299,313,297,401,356,299,306,394,347,300,338,321,384,348,284,330,323,391,357,297,339,407,363,301,315,409,368,354,291,386,360,349,315,375,349,290,313,392,305,272,277,314,324,433,379,296,324,397,319,308,404,343,305,309,406,316,393,316,393,307,380,317,287,395,371,296,327,397,363,305,428,356,350,308,287,407,377,372,310,387,354,349,309,376,352,295,315,396,352,315,321,389,345,297,292,366,315,287,399,318,292,400,333,298,397,330,291,448,326,361,301,302,270,316,303,406,315,313,439,377,362,302,363,308,295,306,370,343,298,343,407,346,295,326,301,385,353,300,338,318,393,347,298,321,392,312,300,408,330,304,416,363,303
289,328,394,303,289,424,460,416,364,455,397,281,299,419,350,451,404,304,294,409,317,402,513,415,283,285,386,350,301,299,386,305,288,410,324,308,424,358,457,425,394,310,369,372,304,402,362,306,404,373,358,333,444,425,359,336,445,408,354,313,285,397,308,480,433,384,302,302,297,400,303,277,318,329,306,422,317,303,422,325,304,458,324,362,307,306,405,318,299,432,376,361,306,375,371,306,389,369,301,379,368,300,397,364,295,391,368,310,399,358,342,300,303,372,309,304,412,322,298,414,321,291,391,331,304,445,322,372,311,298,403,314,295,431,356,311,400,347,354,307,389,344,437,456,380,357,411,384,458,412,367,448,386,436,413,361,292,361,355,306,324,301,398,374,303,406,374,313,407,365,345,300,326,287,394,362,295,415,365,308,377,360,304,423,304,377,371,316,303,382,316,270,324,327,431,363,463,407,299,287,385,365,316,435,366,309,382,332,294,321,387,351,300,326,288,410,368,347,288,323,296,407,329,371,388,331,409,368,303,396,352,303,314,273,384,348,308,338,381,312,298,420,365,307,406,363,339,321,411,319,396,368,333,306,294,400,352,303,306,383,319,285,411,326,300,451,314,392,376,361,312,380,372,311,404,349,348,296,295,397,364,302,395,354,313,419,366,339,308,329,298,397,349,312,321,390,349,299,360,320,391,358,286,352,308,379,349,293,318,418,356,296,311,412,362,352,296,389,357,337,317,372,332,294,301,399,297,261,282,320,319,413,371,303,311,403,317,301,414,367,311,306,417,327,392,308,393,324,385,304,298,402,379,294,329,401,368,314,426,377,350,316,299,416,370,355,305,398,363,352,293,380,337,288,314,388,355,291,313,375,351,310,299,384,322,291,402,313,302,406,322,293,404,321,303,441,323,366,312,293,280,308,309,398,322,318,429,377,365,299,361,316,314,308,385,347,291,339,409,362,296,314,306,390,343,295,347,300,379,358,308,330,391,319,305,408,323,297,417,363,306
302,340,392,311,303,413,458,420,361,455,388,283,311,412,356,445,404,296,285,400,329,412,510,410,277,298,380,354,296,297,386,318,288,406,311,314,430,356,463,419,396,315,373,374,296,388,382,305,405,364,352,332,445,409,333,327,455,412,348,299,288,400,288,481,413,381,307,301,311,392,294,272,327,330,306,413,321,284,428,332,298,453,324,391,312,297,393,312,304,422,380,351,307,361,367,308,394,369,316,390,359,308,396,362,313,396,347,319,411,359,342,300,285,380,319,303,406,324,290,408,313,289,400,316,294,454,316,343,301,295,396,322,304,424,359,310,388,356,363,305,376,337,429,456,380,364,429,389,474,400,371,433,385,461,402,366,307,362,348,298,312,315,392,376,313,422,375,309,408,362,357,306,323,303,389,356,296,423,368,300,396,375,305,402,313,379,370,292,301,390,312,280,327,333,429,368,462,381,289,287,377,349,309,426,370,300,382,338,307,320,383,365,301,325,304,408,355,345,309,317,294,415,319,370,393,308,405,362,305,391,349,296,315,303,388,348,300,342,398,323,303,428,371,305,404,359,350,312,410,310,393,349,343,298,305,395,366,298,304,371,329,300,403,313,303,444,336,394,366,349,301,381,371,292,408,364,331,303,293,398,364,300,386,357,312,399,344,355,315,312,304,390,358,301,327,391,342,307,340,301,379,350,299,346,305,378,358,294,337,395,364,295,311,411,356,361,309,385,353,351,306,363,352,289,310,391,300,271,275,319,334,419,359,290,321,386,322,298,398,366,319,299,409,323,396,303,393,313,372,317,303,411,366,305,329,397,357,304,414,368,344,315,288,415,368,355,309,388,373,348,311,371,346,303,317,399,348,305,308,386,359,308,298,374,314,293,408,314,279,414,321,283,411,313,298,450,322,372,314,297,267,291,305,409,332,311,440,378,363,298,359,305,305,315,396,347,293,341,399,353,300,319,290,380,341,300,337,308,382,348,301,326,395,317,285,393,331,307,433,369,301
305,329,391,323,314,435,451,413,352,468,381,290,306,421,338,456,397,302,274,396,327,407,504,407,282,304,388,353,307,301,377,309,294,401,317,302,425,353,464,433,389,313,365,386,307,391,372,317,401,364,354,348,447,407,335,332,447,416,356,303,276,398,302,486,428,375,314,302,309,392,302,270,313,336,318,418,314,290,422,316,311,455,318,366,315,298,397,306,293,428,381,372,299,374,361,300,393,361,296,385,364,311,382,377,315,398,360,316,396,352,336,297,285,380,315,296,394,320,281,401,318,291,393,340,288,449,324,351,314,286,403,317,295,428,351,312,399,363,361,317,379,347,442,436,387,365,438,381,456,414,370,446,370,444,414,363,304,363,352,298,319,279,380,359,293,412,382,310,406,359,334,297,311,296,394,368,304,409,368,298,385,364,312,406,309,376,357,311,297,387,313,281,326,326,414,366,453,395,303,298,388,366,316,429,383,299,384,355,303,316,387,367,301,327,295,413,361,343,297,324,280,400,313,397,391,311,395,364,313,385,367,295,304,292,380,351,314,332,402,315,289,417,358,305,408,359,343,308,410,316,394,355,329,298,301,381,357,293,294,386,314,304,410,329,289,434,325,378,373,367,302,382,365,302,406,360,348,301,311,400,360,312,401,357,297,396,360,343,304,312,295,398,360,298,324,387,358,308,329,299,383,342,300,344,313,381,353,294,331,415,354,292,307,405,373,345,311,378,372,345,306,368,338,319,294,397,294,263,274,322,319,408,367,308,325,394,312,306,410,350,299,303,398,324,400,303,398,321,364,309,298,403,354,316,331,403,375,296,421,361,350,317,291,427,349,354,315,395,368,355,314,365,333,302,313,394,350,305,320,386,348,298,305,374,319,291,403,323,287,403,322,291,405,330,300,438,322,361,304,288,273,308,294,407,339,318,438,365,358,296,357,320,301,311,382,344,296,331,395,352,308,316,304,388,333,299,339,313,386,350,300,323,394,318,291,398,320,286,410,352,320
293,324,401,312,307,423,467,413,375,473,385,270,299,417,360,447,390,285,278,403,313,419,512,418,300,300,394,358,297,300,361,322,288,405,317,298,434,351,449,409,389,314,386,377,308,388,348,319,401,357,359,339,446,415,346,348,461,402,356,301,288,396,295,474,427,377,319,306,304,398,308,286,325,340,308,414,324,298,423,326,305,448,328,362,312,301,393,315,301,438,362,368,304,381,367,295,393,376,311,396,361,308,387,368,311,385,359,307,414,365,348,294,296,390,314,297,402,327,283,399,321,287,396,321,296,441,309,365,317,294,405,334,309,410,379,305,390,371,365,312,379,342,422,450,387,378,435,383,468,416,363,452,377,460,415,363,296,373,351,294,308,288,394,367,310,420,381,316,391,357,337,307,318,295,386,383,299,412,366,303,395,359,307,423,315,378,361,298,287,388,299,257,319,317,431,360,454,400,301,299,397,364,322,447,362,309,394,356,313,306,391,351,313,337,298,398,348,345,308,317,288,428,317,390,392,320,392,362,306,389,352,301,311,281,380,340,304,342,400,324,313,418,375,305,401,359,334,306,415,318,394,364,329,288,294,384,358,286,299,377,314,296,410,329,304,450,325,381,360,365,306,373,366,296,400,350,343,303,302,395,371,288,390,368,307,412,364,351,285,318,284,381,366,297,325,398,361,297,344,300,393,351,313,330,318,380,358,307,332,411,357,305,324,398,378,355,311,384,355,349,301,380,331,297,304,393,308,257,288,334,317,415,366,297,323,391,309,308,417,364,299,301,406,328,402,306,398,317,366,318,294,413,375,305,328,399,351,287,436,357,338,297,290,414,365,357,300,391,361,362,305,378,347,303,308,401,356,298,302,383,362,323,307,371,304,286,409,326,290,400,322,294,393,323,290,438,312,349,307,298,271,303,300,408,313,314,444,369,359,301,359,315,316,315,393,350,293,337,398,354,305,324,298,391,341,298,336,302,385,345,294,320,401,323,296,409,325,307,413,352,304
297,315,399,303,307,416,454,407,363,458,394,289,305,422,361,439,401,290,275,405,319,414,500,419,291,308,387,352,301,296,373,322,299,395,315,289,424,358,465,398,370,306,377,364,304,391,367,303,397,355,359,351,433,427,349,341,430,418,363,303,284,400,306,472,425,377,303,312,315,389,305,281,319,339,318,421,313,287,407,320,296,446,317,362,322,293,403,310,300,452,368,361,307,375,368,302,402,360,307,393,356,297,380,353,311,389,363,308,399,349,349,300,281,380,322,279,399,316,281,408,328,278,402,328,288,438,313,358,302,299,404,314,313,417,364,305,412,348,354,305,393,345,430,445,370,369,433,369,449,412,361,446,375,445,415,356,296,376,344,292,325,299,387,379,310,419,365,312,411,361,358,314,314,309,394,362,295,418,381,315,389,364,307,422,308,374,363,311,312,386,290,267,333,335,442,359,460,400,299,288,387,358,326,425,384,301,384,349,301,325,392,355,299,316,311,407,357,343,319,309,285,392,332,391,391,314,389,367,301,376,358,306,308,290,379,345,310,340,391,315,296,429,379,300,412,345,343,313,408,312,397,351,324,323,302,385,353,293,300,387,319,294,391,324,309,441,328,392,367,361,315,376,375,302,406,358,358,306,300,388,353,304,406,354,311,398,369,344,306,319,285,382,349,300,321,397,361,306,342,314,387,347,303,340,309,386,359,307,333,411,359,297,315,423,380,367,295,392,371,360,312,368,353,304,305,403,314,263,276,328,321,426,365,309,323,390,311,293,421,355,306,309,414,327,400,306,387,319,385,313,288,399,361,311,327,393,359,299,427,365,336,302,283,410,375,360,303,392,360,360,298,386,357,291,322,384,364,291,318,380,364,301,299,353,308,285,404,323,303,411,325,307,406,320,289,446,312,363,306,289,275,304,301,408,321,301,425,370,360,304,359,307,311,318,384,352,300,326,410,362,310,316,311,386,349,304,333,312,371,338,310,311,389,321,287,407,310,303,400,355,305
288,334,394,300,292,418,462,409,357,456,395,284,301,417,356,450,388,305,281,402,316,421,516,418,297,301,395,360,295,316,380,313,298,407,317,307,434,358,456,418,384,312,380,366,303,399,356,296,403,368,345,348,446,413,357,343,448,424,351,303,289,404,307,487,419,384,314,294,317,405,283,280,324,332,313,433,315,291,430,323,295,454,321,377,318,293,407,320,298,445,359,372,313,381,354,304,391,367,297,396,364,304,386,379,310,395,373,306,398,354,344,310,298,381,303,285,398,327,301,405,320,303,403,313,298,439,321,357,301,286,407,311,303,419,347,303,390,372,366,295,396,344,425,443,388,373,437,371,466,409,366,448,372,456,418,359,292,370,333,298,331,304,388,358,302,416,376,316,402,360,338,297,317,300,400,355,304,415,370,309,386,362,312,409,303,387,371,305,304,366,309,276,334,318,424,371,468,398,314,290,390,365,330,442,362,302,383,363,319,313,393,353,309,324,304,410,368,340,313,317,297,416,317,378,382,314,391,359,301,388,365,303,322,288,382,362,297,341,399,315,295,420,380,301,409,359,338,305,411,321,405,355,342,300,292,395,355,296,297,375,320,281,386,324,299,434,325,406,373,354,299,381,370,298,398,357,355,310,312,406,363,300,402,358,313,400,364,330,309,320,296,381,356,291,333,393,345,305,344,302,385,350,293,345,322,393,355,293,332,408,351,311,313,406,372,365,311,391,359,367,310,372,354,304,305,402,307,270,286,317,326,424,371,307,314,404,317,311,409,364,301,300,416,332,395,300,388,314,378,313,302,396,362,306,330,394,377,310,428,373,341,297,295,421,369,351,310,396,361,353,304,367,351,312,316,400,358,292,303,385,353,305,289,376,328,288,410,327,298,415,330,287,408,314,306,442,325,353,299,304,264,299,288,402,336,312,425,366,359,287,354,308,315,315,395,363,302,344,393,359,311,324,294,392,345,292,345,312,393,356,297,331,392,325,284,406,328,308,415,345,303
294,336,405,309,308,418,446,409,352,459,391,282,293,412,353,462,394,298,279,398,324,422,505,407,281,302,387,350,291,300,370,303,296,405,312,310,418,348,460,407,390,314,370,370,297,396,354,314,402,382,356,337,459,406,360,341,437,408,357,300,291,409,292,491,427,385,302,306,313,392,312,264,315,338,308,423,314,287,427,324,301,444,320,375,302,303,397,321,296,426,382,342,301,377,375,293,394,366,292,399,362,297,394,371,298,386,357,301,389,362,341,302,299,382,325,289,395,334,288,406,320,287,389,313,301,435,321,366,308,286,400,323,302,437,370,299,406,362,359,303,389,339,450,457,389,367,436,364,471,418,377,436,386,455,416,362,293,372,345,294,319,306,388,351,299,406,385,299,416,351,346,302,300,299,385,371,303,414,379,306,390,363,310,423,307,376,376,300,297,371,305,274,319,338,436,372,460,392,293,292,394,367,316,431,367,298,382,345,299,317,385,363,317,315,297,407,361,344,322,322,295,419,312,384,395,312,390,364,312,382,359,294,308,288,376,354,299,334,384,318,298,414,369,311,404,346,344,310,402,312,396,365,341,309,289,389,360,310,301,374,315,297,391,323,292,446,324,395,375,350,308,375,367,302,411,343,338,305,304,395,365,312,397,347,303,411,351,348,295,305,309,395,344,294,319,398,356,306,341,314,402,352,298,347,306,382,347,295,324,411,353,301,315,401,367,356,304,391,362,348,310,372,342,309,302,397,294,261,283,332,321,417,360,312,325,398,305,309,417,355,297,299,412,327,413,312,397,331,382,318,302,403,368,308,328,399,355,315,442,374,350,298,295,415,359,352,299,399,372,341,320,375,356,288,316,399,364,302,314,390,367,296,298,377,312,287,413,333,291,406,313,283,401,307,298,442,309,359,301,289,281,302,302,400,334,321,437,376,366,301,349,309,300,322,401,353,298,333,413,355,302,322,309,390,354,310,334,311,386,361,295,314,387,319,293,424,315,298,423,363,304
301,331,409,313,296,409,446,419,355,464,412,284,306,417,353,452,394,292,282,403,320,411,509,414,291,295,393,348,307,302,386,321,283,400,325,298,427,352,466,406,391,303,382,372,301,383,357,301,405,377,345,347,452,404,353,340,441,410,342,290,296,395,311,478,430,388,295,318,319,405,305,285,326,338,314,418,332,298,422,329,303,449,321,378,315,299,398,323,279,429,360,369,310,375,363,296,390,355,296,384,366,302,377,361,295,390,368,307,407,364,346,301,297,381,321,293,405,319,292,409,324,290,413,332,309,439,320,368,306,289,404,325,302,411,367,315,400,358,365,303,386,328,420,451,375,366,431,377,463,410,367,434,385,469,421,365,301,376,344,298,320,303,401,368,303,422,371,304,403,362,331,306,316,304,399,362,299,417,376,300,383,361,298,408,300,371,348,306,314,374,301,272,322,321,433,364,466,400,308,299,386,370,326,426,364,314,374,344,304,308,397,345,307,319,290,401,364,350,316,309,288,418,322,393,392,309,394,356,305,384,365,298,301,285,374,352,308,348,391,321,293,431,370,297,397,364,345,305,393,313,400,346,337,309,306,387,353,290,288,375,312,270,400,325,298,433,330,391,369,361,309,365,358,311,397,357,327,300,293,393,376,296,399,359,304,408,361,336,305,313,290,385,367,298,321,389,349,298,357,306,383,342,290,332,315,386,345,303,337,405,352,315,313,400,367,363,303,388,354,364,317,374,350,297,312,385,311,263,282,326,322,423,357,291,323,385,331,302,406,354,309,312,422,322,396,309,390,309,366,315,289,417,367,300,336,397,357,307,425,375,332,299,311,415,367,368,303,393,355,351,310,382,334,302,313,389,355,291,307,389,355,300,304,376,310,279,405,309,302,407,319,298,394,320,299,447,330,366,310,290,269,303,294,397,322,315,437,377,362,294,353,318,303,321,385,345,301,334,390,345,308,322,287,376,345,299,328,303,390,351,298,327,403,326,294,414,305,307,419,354,300
297,322,391,310,300,426,453,410,349,456,397,296,310,421,358,450,410,307,272,386,310,403,501,419,287,295,390,348,292,304,366,301,288,394,322,291,429,354,463,418,392,317,385,362,313,390,375,314,403,375,350,335,443,416,331,326,450,426,362,306,284,400,303,473,431,385,305,293,309,389,304,283,318,336,303,418,305,285,420,323,299,446,325,374,322,311,396,324,317,436,375,352,312,373,372,298,409,362,300,397,369,303,376,363,307,396,366,304,403,349,345,298,305,383,315,300,405,326,284,411,319,293,412,319,300,454,316,361,313,287,393,309,309,429,364,315,408,354,367,314,386,355,425,444,391,371,430,382,472,418,365,448,377,458,411,373,300,388,344,304,313,294,389,380,317,409,383,308,390,366,342,297,320,300,390,375,297,414,366,301,386,358,311,416,322,381,363,304,307,385,308,262,313,329,434,370,470,391,299,289,391,370,314,431,379,312,372,343,304,318,402,348,319,311,300,407,361,341,302,302,293,419,316,374,390,303,403,370,330,390,372,299,306,297,377,346,314,352,384,310,289,412,365,319,399,353,356,317,409,312,390,349,336,307,307,400,352,305,293,383,321,292,404,312,287,442,322,378,370,351,321,379,352,303,402,355,338,307,298,390,356,319,394,356,317,407,354,339,298,313,303,383,347,295,327,406,348,318,345,312,381,342,308,352,309,379,354,290,333,404,372,293,323,418,366,363,320,404,364,359,310,379,334,292,307,394,299,261,286,325,317,421,372,311,322,391,323,299,418,364,304,311,410,340,410,315,399,322,364,310,311,400,364,296,321,389,372,298,423,376,332,308,287,407,375,343,306,388,363,360,306,380,348,301,322,391,361,304,313,398,355,304,296,387,318,296,404,326,293,392,317,288,404,304,290,448,310,352,313,295,275,300,301,402,332,322,438,365,369,291,363,316,308,319,394,353,289,337,400,347,305,321,295,388,342,307,334,321,385,363,296,324,396,318,296,398,316,310,421,359,305
315,327,402,318,314,420,463,409,372,467,402,285,311,413,359,444,403,306,286,398,326,410,523,413,293,308,386,352,302,307,367,318,300,407,314,303,422,364,477,408,385,314,392,362,301,394,351,306,396,372,357,364,454,426,345,337,439,414,352,302,282,397,303,482,420,384,303,303,317,389,303,279,324,332,310,422,334,301,434,318,309,448,315,371,298,301,408,319,302,428,372,357,304,372,356,304,408,370,299,388,363,303,385,370,311,391,382,292,395,353,339,309,293,381,309,287,407,318,297,402,319,292,411,337,292,455,322,361,303,300,396,323,316,416,361,320,396,356,354,307,381,356,441,452,384,352,427,380,466,409,372,433,380,453,427,367,307,370,344,287,317,304,402,373,300,413,371,303,390,357,344,301,320,292,378,368,309,408,368,303,390,361,304,409,300,373,367,295,304,393,308,275,318,328,420,366,465,396,299,295,380,363,328,424,367,303,382,347,305,318,392,351,299,317,305,419,361,350,304,324,277,418,301,398,392,318,387,357,302,392,368,297,310,293,369,348,307,346,389,318,308,417,365,304,409,359,341,314,410,316,402,350,338,306,301,396,343,302,286,382,316,285,400,337,303,447,320,401,373,370,309,379,380,306,388,356,340,313,294,387,365,301,401,365,305,405,347,345,312,322,312,387,362,291,305,394,359,282,336,297,384,335,293,334,310,377,335,304,339,409,354,307,323,409,375,352,312,381,366,359,313,371,347,306,293,387,300,269,290,321,322,415,367,307,323,401,329,301,425,355,309,304,416,321,397,312,392,318,383,311,295,398,361,291,328,403,362,296,426,366,340,304,299,408,354,348,309,384,366,365,300,381,355,300,325,403,346,301,305,386,354,304,297,380,319,290,399,325,303,387,326,295,411,306,291,457,307,369,313,285,268,299,293,392,324,314,442,380,368,294,367,325,327,326,381,345,296,330,410,363,300,327,296,373,356,298,330,319,377,342,305,318,387,312,291,417,328,306,425,351,303
317,325,393,309,310,420,461,412,361,455,390,282,304,425,347,446,403,299,278,391,330,414,493,414,292,291,373,354,307,307,382,304,295,403,314,313,419,359,455,411,379,313,382,365,310,402,368,308,410,358,339,345,445,399,351,343,447,408,353,300,284,402,312,484,416,383,300,308,312,391,301,275,333,344,312,428,331,302,419,327,294,461,316,382,313,295,400,312,306,434,380,367,301,372,367,310,382,363,304,384,351,299,380,357,310,385,358,293,390,353,339,297,298,393,316,291,408,328,299,400,316,300,397,332,293,445,318,347,308,305,395,325,300,424,380,295,415,359,362,316,389,339,432,450,376,366,421,385,472,412,376,432,386,446,413,365,291,353,351,319,345,313,396,354,304,404,363,305,399,364,348,297,306,292,400,363,318,410,375,296,369,364,309,416,314,383,364,291,293,383,297,280,333,330,433,368,473,396,293,295,394,360,312,436,378,300,378,349,303,312,410,351,295,305,290,403,353,341,299,319,297,414,320,386,377,313,397,366,304,387,354,305,295,294,393,344,298,344,387,316,305,412,380,302,388,355,332,314,408,320,398,351,332,306,306,385,345,303,294,383,322,295,400,320,295,437,333,383,371,365,312,394,366,300,400,342,344,307,302,404,362,315,398,368,299,405,365,339,297,316,308,392,352,288,323,396,340,305,343,308,393,343,292,333,300,379,358,305,342,407,354,302,329,410,372,362,306,391,355,361,301,369,340,301,316,393,307,264,287,325,319,411,372,298,318,387,318,296,408,362,304,316,429,324,402,308,391,316,370,303,305,408,365,294,332,397,361,304,422,362,332,289,289,396,363,378,305,389,355,360,313,372,341,296,309,393,357,304,307,388,357,305,298,385,309,284,415,320,289,411,332,284,399,311,297,441,329,365,306,289,277,294,310,414,331,303,442,369,346,289,358,319,313,316,380,352,303,333,398,354,299,320,289,382,348,309,341,317,389,343,297,305,399,331,287,397,317,304,417,361,295
300,335,387,299,299,419,460,415,352,466,402,286,301,402,344,456,396,298,283,408,321,408,499,431,297,280,389,357,311,290,380,319,285,397,334,301,429,349,467,407,389,314,382,374,311,391,362,311,400,367,357,358,452,408,360,326,443,410,359,294,292,391,296,474,419,383,301,292,302,382,304,278,321,343,321,432,311,297,426,323,298,451,319,374,322,301,402,328,302,437,386,360,319,380,366,299,395,371,301,400,360,305,385,362,302,390,365,307,401,351,339,318,284,385,323,289,398,330,305,411,317,300,393,321,302,453,321,353,301,288,410,314,304,412,373,317,404,347,365,308,372,348,428,454,374,361,422,375,471,416,377,437,384,455,418,368,308,353,346,296,321,288,402,364,317,415,362,313,396,362,340,304,313,302,387,368,302,409,372,303,385,371,299,421,305,376,355,298,297,362,301,266,333,322,446,356,456,394,289,304,394,362,327,426,378,294,380,344,300,312,396,356,309,326,286,411,355,335,302,307,280,423,300,383,391,317,396,362,307,396,358,306,303,288,395,351,305,335,388,308,300,408,368,298,398,351,349,307,415,310,398,350,334,307,295,387,353,296,298,378,310,285,396,313,287,433,330,402,364,357,301,369,374,298,409,358,344,313,296,393,368,294,392,363,313,407,367,345,292,321,293,388,338,295,333,396,340,291,347,307,385,349,293,332,305,387,336,297,332,394,352,311,308,411,370,373,310,398,368,355,303,393,341,298,293,393,318,263,281,327,324,431,358,303,324,389,322,295,426,351,306,304,420,319,395,301,395,324,382,299,309,419,354,307,330,396,367,301,416,366,347,294,297,420,364,373,299,403,361,367,292,388,349,306,307,395,356,295,308,392,359,298,305,382,326,304,402,332,294,399,327,284,409,320,288,439,314,367,314,291,256,295,297,397,323,304,428,376,349,293,359,325,301,303,389,346,309,338,403,357,307,322,307,376,349,293,336,310,386,339,293,313,391,311,297,397,328,290,413,354,305
296,331,386,298,309,423,455,400,356,451,386,282,310,413,365,459,400,303,285,390,320,416,499,421,292,302,376,343,299,295,378,318,311,414,322,298,437,345,477,410,391,310,384,364,321,387,365,312,401,360,369,344,458,407,356,337,451,407,356,290,294,407,291,497,427,383,301,306,314,386,298,272,313,334,309,417,327,298,418,324,290,450,333,374,332,309,406,325,308,442,373,369,317,375,377,297,381,374,311,388,368,299,386,373,291,384,368,297,397,355,341,299,294,389,312,294,404,327,300,414,316,290,407,316,307,448,325,358,316,279,416,328,292,421,368,312,414,366,362,307,387,347,430,436,387,369,434,374,463,418,371,446,375,450,426,348,285,360,350,292,313,301,394,372,296,402,370,291,394,355,342,306,320,288,386,383,319,421,374,309,388,366,319,411,301,381,364,301,288,383,309,269,323,335,425,359,465,399,299,295,388,368,315,436,368,294,386,353,306,298,393,350,308,308,286,393,354,344,301,323,290,413,310,386,394,299,401,355,305,393,356,297,311,299,386,348,300,346,403,316,298,413,372,309,404,349,340,303,420,322,403,349,347,308,307,379,341,311,310,386,319,294,400,326,287,436,337,395,361,373,314,381,365,305,412,352,350,307,294,405,362,299,407,356,302,408,356,341,321,312,299,379,359,299,322,389,363,292,337,319,387,345,294,325,304,378,356,293,337,399,357,311,308,405,374,364,304,394,368,362,302,387,353,303,304,392,305,269,284,330,316,432,362,299,318,396,326,305,415,355,305,305,409,322,408,312,389,318,378,301,298,408,359,311,318,405,362,308,421,369,347,300,301,417,382,355,296,386,366,359,319,371,339,304,312,397,357,296,320,395,364,301,301,372,319,284,397,310,294,398,315,295,401,323,295,440,315,360,303,297,273,293,300,396,325,324,443,372,363,279,363,312,317,310,395,353,298,332,405,365,308,314,296,390,347,282,337,313,370,343,303,317,386,311,286,417,319,302,412,360,301
304,325,386,316,320,427,469,403,370,457,399,278,305,419,350,462,391,286,276,396,325,419,512,422,279,297,389,345,306,315,385,316,281,408,331,308,422,359,458,404,398,310,382,369,314,373,364,304,402,361,356,348,458,414,352,346,443,418,354,309,279,406,311,486,432,391,295,315,311,391,311,288,337,343,319,425,320,308,431,323,294,453,320,376,320,303,403,314,296,432,367,371,298,384,363,303,391,356,307,382,364,312,379,365,315,387,355,313,406,364,348,301,299,385,309,282,405,313,293,396,321,297,408,322,298,431,308,363,306,297,395,314,304,408,374,323,398,362,354,307,392,348,425,452,374,360,440,380,462,413,373,441,397,453,412,360,290,364,334,305,311,294,386,356,298,415,361,315,401,354,347,295,312,297,378,375,321,406,370,293,392,374,313,423,314,376,358,302,290,370,308,265,328,327,431,367,457,406,291,292,390,357,322,438,369,314,379,347,302,314,393,357,299,333,306,419,361,354,309,324,279,413,328,389,382,307,385,365,313,403,366,308,305,276,371,341,307,341,400,315,297,427,370,306,402,359,343,306,394,316,390,350,344,316,296,383,344,307,307,383,321,281,405,326,305,450,340,396,367,364,322,391,368,296,388,360,337,304,309,402,380,308,384,357,305,403,359,336,308,313,318,382,349,312,333,398,364,305,352,296,376,353,282,338,310,374,345,312,334,410,358,304,324,400,375,353,313,392,366,350,318,373,350,293,310,388,304,258,289,335,322,429,362,309,330,397,304,308,408,359,295,319,409,325,402,302,403,317,382,304,301,421,371,302,324,397,370,302,428,378,351,309,301,413,375,358,310,386,358,343,308,395,354,287,312,390,355,311,303,384,346,305,298,373,326,292,405,330,293,409,316,286,404,312,305,441,311,364,291,298,271,287,302,394,337,311,425,351,365,287,361,304,306,311,380,353,287,323,406,356,305,320,288,390,352,305,331,308,378,354,303,335,393,319,294,404,316,309,410,370,291
299,329,388,304,309,411,453,407,362,469,390,284,294,412,356,447,396,306,279,396,316,406,504,425,285,287,378,346,303,294,374,310,295,404,318,294,426,350,468,415,380,310,371,362,309,396,368,308,404,370,362,341,445,420,350,333,441,414,355,287,292,399,311,481,424,380,302,305,316,389,295,279,327,329,312,422,311,306,420,321,295,457,324,366,323,291,390,314,303,440,373,360,295,374,365,307,382,358,306,378,361,303,378,342,297,385,356,301,411,346,347,310,287,374,321,286,403,322,290,403,315,293,403,321,303,438,323,353,311,286,393,319,291,416,364,312,404,365,362,313,391,340,425,441,376,359,446,381,456,410,380,456,380,469,421,368,296,375,349,294,324,302,403,381,303,411,371,295,391,357,341,303,310,294,384,362,296,411,372,310,392,366,295,426,296,375,370,302,292,375,293,271,325,333,422,374,473,394,306,289,386,366,327,424,382,303,397,340,306,312,385,358,299,321,289,416,365,337,312,326,283,408,305,382,393,323,393,350,311,384,361,304,311,295,384,338,313,346,397,318,298,424,370,301,411,359,346,305,404,310,390,355,340,309,291,378,355,311,298,389,320,303,410,324,291,448,320,386,362,357,315,384,368,295,401,359,345,306,294,391,359,303,395,349,313,413,355,349,314,316,297,381,368,304,328,381,361,308,338,315,378,343,296,335,297,390,352,294,331,408,360,298,318,418,367,358,303,390,364,363,293,381,343,315,323,399,310,270,281,307,313,414,359,299,321,386,314,288,412,367,300,304,418,323,400,308,387,320,355,308,301,408,370,317,327,397,350,303,442,370,346,304,294,407,370,363,312,394,368,361,302,377,352,297,312,395,344,307,306,397,357,292,285,371,320,278,412,318,287,408,318,286,399,323,301,430,309,366,309,288,277,301,297,398,324,317,441,370,357,290,357,315,307,327,393,343,302,332,406,349,299,315,294,382,345,299,348,310,397,340,306,330,394,319,292,402,315,308,420,358,303
301,328,399,305,308,422,465,406,356,446,408,285,301,408,344,448,397,298,285,394,316,411,501,410,289,293,383,350,297,298,381,316,282,405,317,301,409,357,456,421,397,310,383,359,304,390,370,308,401,370,364,341,457,410,342,345,442,396,350,297,285,409,289,479,419,386,318,314,309,391,300,281,323,330,314,432,311,288,420,334,289,449,339,372,317,309,386,329,276,439,366,366,319,382,358,301,393,365,326,399,357,297,390,364,310,378,366,309,405,359,348,304,286,389,311,300,412,320,292,399,316,286,397,327,301,438,321,354,313,288,397,328,293,421,363,313,412,362,356,293,386,346,431,451,382,363,438,383,471,407,371,435,370,458,406,361,303,365,342,302,315,298,409,376,296,417,374,305,401,359,344,298,301,313,392,372,300,419,371,305,386,358,319,402,307,380,345,304,292,370,301,254,333,330,423,369,460,399,294,300,388,354,312,449,379,309,390,344,293,304,385,355,304,312,297,414,350,338,293,317,283,413,321,387,391,302,382,361,317,382,359,288,310,290,378,354,297,337,405,304,304,424,370,308,415,347,352,304,411,306,394,352,328,306,293,398,356,303,301,372,317,281,393,324,296,428,345,408,379,359,309,380,354,301,407,351,341,316,301,397,365,300,380,371,310,400,352,325,302,321,302,386,366,289,329,393,354,306,342,302,391,347,315,337,316,389,348,301,334,400,349,308,302,404,372,366,301,394,380,347,303,363,348,301,302,408,296,270,282,322,329,429,360,309,318,397,305,302,413,349,307,287,413,330,417,310,374,315,374,313,291,405,357,296,320,404,377,303,427,364,337,300,293,399,379,359,302,382,368,358,306,385,342,313,300,398,345,307,308,386,356,297,310,376,314,288,395,325,295,403,319,284,395,321,294,449,317,360,310,279,276,295,305,412,319,311,426,373,366,289,355,322,307,317,381,356,297,335,404,355,302,322,290,387,352,299,337,315,373,350,295,306,406,314,281,402,325,295,406,351,307
296,335,400,314,325,415,458,384,366,452,397,294,303,404,354,466,399,292,276,395,311,408,505,411,286,299,385,360,290,291,382,322,295,408,323,305,422,353,448,423,394,317,382,358,310,387,374,309,409,369,343,341,430,425,347,321,438,401,348,309,283,402,301,491,427,377,308,311,317,384,311,274,324,334,307,429,320,306,419,319,311,444,320,372,314,299,411,326,317,433,376,373,293,380,340,287,385,367,304,398,363,304,401,351,308,389,367,305,399,350,336,287,288,390,299,286,401,301,293,410,316,296,402,321,295,442,318,364,304,288,399,314,302,422,364,308,403,363,359,301,387,348,424,446,369,370,450,379,459,414,372,439,393,461,418,366,290,373,347,308,323,308,393,373,304,408,371,305,405,343,333,294,313,303,397,365,308,414,377,297,391,372,297,405,312,373,379,320,310,381,304,285,332,328,425,365,465,392,302,300,394,370,322,422,372,302,380,346,302,304,386,351,314,325,291,420,360,339,306,311,283,403,310,398,387,320,394,363,310,398,356,297,311,282,379,354,301,338,401,315,286,429,369,314,405,340,345,307,401,316,387,347,339,316,302,391,344,300,300,374,314,289,394,312,294,452,323,390,362,352,319,391,369,309,411,358,331,308,303,399,371,307,409,365,291,406,342,337,306,307,313,398,354,308,320,392,353,314,356,302,390,353,306,327,318,387,358,294,346,421,358,298,315,408,373,362,303,376,368,355,308,366,342,293,302,390,308,264,284,338,331,424,375,304,324,394,319,295,409,349,306,300,410,320,388,312,394,315,386,311,298,392,367,299,329,396,366,298,435,373,351,306,297,403,374,367,306,387,360,358,304,380,351,297,313,399,353,301,319,391,367,306,294,379,315,290,401,321,287,403,324,305,418,324,305,440,321,368,306,298,280,303,301,398,322,317,435,376,357,292,380,302,312,318,386,336,294,345,404,360,311,321,307,385,345,288,347,308,374,350,305,318,404,316,286,395,326,294,403,356,314
288,338,392,315,298,437,458,406,363,454,404,275,294,417,346,451,397,314,268,399,324,418,500,417,280,279,394,350,301,300,387,314,306,404,315,295,415,358,447,429,384,309,381,359,308,393,360,309,425,372,361,351,443,400,365,331,451,421,363,289,290,408,295,472,420,392,285,301,316,382,313,277,333,341,314,424,323,305,421,315,296,453,329,357,310,309,397,308,292,434,374,356,307,384,365,290,389,364,310,390,364,306,388,358,300,387,352,300,395,354,337,314,294,385,306,292,382,331,284,400,311,297,402,320,296,450,315,356,307,291,415,327,301,423,376,302,396,360,353,291,391,340,436,458,380,365,431,371,462,410,358,456,386,450,422,359,306,374,341,306,320,292,398,358,302,414,376,310,394,359,347,308,313,304,395,364,308,410,372,303,399,361,301,408,303,386,371,300,300,383,302,269,329,322,429,359,474,398,301,292,394,373,326,433,375,305,396,348,305,310,397,356,306,317,308,412,369,343,303,307,287,416,335,372,385,313,391,367,314,376,349,296,309,286,368,351,304,346,394,324,292,427,356,305,414,360,339,300,408,314,401,364,344,311,290,386,347,307,308,380,324,290,403,320,288,441,329,396,381,353,300,390,368,301,398,353,345,296,306,391,374,298,385,355,307,391,351,336,301,324,301,386,347,299,333,406,358,299,341,303,390,343,297,333,318,389,341,305,321,395,350,303,308,402,371,365,298,376,369,369,307,370,344,296,284,399,298,264,284,332,319,430,371,300,329,400,319,292,399,372,303,315,420,334,390,303,406,318,376,313,293,400,359,306,338,404,364,291,432,355,346,298,305,415,373,361,304,384,367,359,319,359,355,301,322,392,365,297,317,386,346,302,297,385,307,290,402,314,287,414,322,294,403,323,306,443,324,363,316,290,283,296,295,399,320,321,435,360,360,298,350,310,299,316,385,345,303,328,404,355,303,328,300,381,353,297,336,305,399,348,293,330,395,310,286,398,317,292,403,364,298
292,318,400,310,318,414,459,397,360,464,404,283,317,411,363,455,388,302,279,400,325,408,502,417,290,289,384,356,298,300,370,318,287,400,330,309,436,349,466,414,390,326,373,355,308,406,355,315,390,363,370,358,442,406,337,332,429,426,355,301,290,399,296,487,424,378,308,318,315,388,313,274,323,327,321,425,321,304,419,311,317,448,325,367,315,304,398,318,288,431,366,366,310,378,366,303,381,374,318,392,367,307,394,368,317,391,358,299,411,359,361,301,287,380,313,286,411,320,286,413,331,281,409,330,302,450,325,361,309,295,395,310,305,416,365,297,405,355,372,300,394,334,425,452,378,373,441,387,463,406,374,447,373,456,411,350,308,372,346,304,321,291,373,368,291,417,373,313,396,360,342,301,320,305,391,368,297,423,392,313,396,360,298,391,298,379,374,310,308,372,310,275,312,326,429,371,461,399,313,286,389,352,323,426,368,318,381,342,301,325,382,355,299,324,303,408,361,344,300,316,291,407,318,380,381,303,396,357,311,398,353,287,308,294,377,345,304,340,400,322,303,425,376,303,408,357,350,299,406,314,383,349,348,309,285,391,352,301,310,368,306,295,403,322,301,436,334,395,369,342,306,381,369,307,404,357,335,307,286,393,366,302,388,365,310,396,359,334,304,328,305,386,356,303,324,397,350,303,351,295,362,337,305,343,309,389,352,301,334,394,368,305,314,424,370,356,302,389,371,369,299,378,345,300,313,399,313,265,283,322,316,424,368,306,328,397,317,309,410,364,303,313,418,309,399,305,397,314,375,308,294,405,366,303,334,393,372,301,421,373,347,299,299,410,376,354,314,394,359,365,295,378,350,306,309,387,356,292,319,371,357,294,289,369,321,279,391,309,299,396,321,292,398,310,290,435,323,366,299,302,255,304,306,407,324,316,433,364,365,300,351,317,292,318,376,354,306,330,415,357,312,317,297,379,343,306,338,298,378,349,309,316,398,319,297,398,327,302,420,356,304
308,323,384,312,304,414,458,402,352,465,402,282,316,406,348,435,410,300,275,397,328,408,502,418,293,285,385,359,300,306,383,335,295,398,326,303,428,333,450,417,385,311,373,380,310,396,360,307,400,376,353,339,441,413,340,336,449,411,344,298,278,392,299,473,420,373,305,298,322,406,299,279,334,327,307,417,326,291,416,336,306,451,319,384,318,313,398,320,308,442,366,357,307,394,364,299,379,353,315,388,350,295,398,360,319,388,350,309,396,363,344,302,287,387,309,283,410,322,287,402,314,296,396,319,280,443,330,359,302,295,405,310,296,434,374,317,402,371,361,308,379,337,439,445,376,363,440,374,474,418,370,438,377,452,418,352,296,365,337,294,322,296,402,366,308,419,369,301,392,347,344,296,312,297,388,360,295,420,365,306,391,365,304,411,316,374,350,295,296,390,300,273,320,328,419,351,468,399,314,289,397,373,311,438,369,313,392,341,307,311,396,354,311,336,296,412,353,342,309,317,299,412,315,385,394,325,395,350,294,389,362,300,306,302,383,353,303,325,385,319,296,422,375,288,397,358,343,315,397,316,393,355,344,305,299,388,348,302,309,381,307,292,395,313,302,455,329,395,374,366,315,382,348,303,390,365,353,302,291,388,356,321,400,367,295,396,376,345,295,315,294,388,365,304,313,395,348,299,342,295,382,346,302,335,297,381,342,295,336,401,349,303,317,422,372,366,307,389,373,356,306,376,353,287,301,395,293,272,298,307,320,429,370,309,322,398,322,299,413,354,308,299,410,326,404,304,386,311,382,303,299,410,379,303,331,395,367,311,437,351,349,300,302,405,362,362,306,391,362,352,307,376,349,302,321,383,356,300,315,387,355,297,305,380,318,287,409,318,287,401,320,293,408,316,296,438,326,356,310,293,268,311,297,407,328,309,440,367,359,288,382,310,301,314,388,354,296,331,402,349,314,328,288,389,351,292,330,317,387,354,308,319,385,311,286,404,322,299,406,345,319
294,326,394,309,302,414,460,392,371,450,411,285,305,406,358,453,396,294,266,401,321,417,499,422,281,296,395,345,297,311,367,310,303,403,320,301,427,351,453,407,386,314,378,374,310,388,356,298,397,362,351,352,445,416,337,342,442,414,342,294,292,399,294,482,420,379,318,294,304,386,308,268,327,336,294,402,332,291,418,321,292,446,325,381,319,304,400,328,290,432,378,364,299,382,360,304,374,362,311,382,368,292,387,351,312,379,354,302,396,353,339,305,288,389,317,298,411,325,297,401,314,303,401,325,291,445,307,362,312,283,403,311,300,420,369,314,408,365,345,310,381,341,436,454,379,370,435,386,459,412,373,445,361,454,412,360,295,378,341,292,305,305,389,346,301,416,364,307,416,355,349,308,310,300,398,368,307,416,371,302,402,364,295,414,307,390,366,304,295,380,293,271,320,312,421,377,448,401,305,294,394,356,311,437,364,307,380,340,303,301,389,349,312,314,305,391,352,348,307,318,294,419,312,385,382,317,400,356,296,387,350,311,308,292,379,350,312,345,419,315,299,423,362,306,409,354,346,308,405,313,399,348,341,298,306,397,356,299,295,376,314,290,413,321,300,439,333,385,373,363,307,386,354,304,400,357,321,295,288,403,374,311,402,366,314,408,358,344,300,315,301,378,362,282,322,390,358,304,335,316,377,340,315,338,313,377,349,304,332,404,348,306,306,406,370,373,309,393,359,364,303,378,352,286,304,395,310,269,299,333,320,421,376,291,331,402,316,306,420,359,308,299,421,329,403,307,384,322,373,314,299,397,362,302,319,398,374,309,427,351,351,306,303,417,375,357,315,397,354,349,304,358,353,299,309,393,339,298,317,382,350,301,305,371,324,299,405,315,279,402,322,293,399,321,300,449,327,358,299,284,293,303,294,407,324,317,439,359,342,293,354,305,320,317,393,364,284,335,398,358,307,321,299,381,345,295,332,308,385,353,286,321,401,314,291,395,320,296,402,358,321
300,330,402,311,311,407,455,412,351,461,393,274,297,402,353,444,412,305,280,402,337,416,492,404,283,290,386,347,311,307,371,316,305,404,329,305,421,362,460,419,398,311,377,370,307,389,349,306,399,368,357,353,454,427,349,336,439,408,353,297,287,402,297,480,421,393,309,307,312,384,308,283,333,314,316,425,313,309,441,319,293,450,320,348,313,313,402,342,302,428,381,363,312,380,372,304,398,373,297,388,359,307,388,363,306,393,368,303,399,346,339,305,308,390,312,290,409,324,295,398,320,291,412,317,290,430,318,364,306,292,394,305,313,423,375,307,414,363,356,316,389,332,428,442,374,365,424,384,466,420,376,436,395,456,419,376,314,356,341,294,331,303,402,371,312,409,369,303,404,361,331,305,316,299,387,360,303,409,382,307,384,358,314,415,310,378,365,309,301,387,306,263,334,328,419,367,466,395,287,291,389,367,310,439,364,301,373,344,298,318,386,355,309,315,309,410,362,352,307,316,288,418,326,382,382,307,384,359,296,381,368,297,306,290,388,355,298,331,389,310,303,409,381,294,401,361,337,321,408,314,386,359,336,308,290,386,344,288,308,380,314,289,393,320,296,446,334,393,363,351,320,373,360,300,401,362,350,310,299,412,359,303,383,360,318,403,349,353,310,314,288,393,346,303,320,389,344,298,348,324,373,349,300,338,320,389,351,304,340,416,358,300,323,422,373,371,297,394,359,355,295,382,361,294,303,397,308,255,281,319,321,417,361,296,322,400,316,302,411,361,308,303,415,325,397,313,387,312,377,315,291,408,370,293,321,400,364,301,422,361,352,302,311,402,382,367,309,379,368,373,309,366,353,306,305,386,366,301,317,395,363,284,296,370,320,306,410,309,292,396,320,306,408,333,289,448,328,364,302,290,268,301,296,396,316,309,445,372,366,297,362,302,298,319,395,350,299,330,413,356,304,314,299,389,341,308,326,310,390,365,300,323,403,320,286,398,323,294,415,361,316
304,333,387,315,299,421,453,406,368,461,400,285,309,426,346,465,405,300,287,400,322,403,493,413,280,289,394,363,295,302,381,320,303,387,329,298,437,354,459,409,383,314,373,367,299,392,362,298,399,373,352,346,457,418,350,349,440,407,353,291,282,404,311,470,425,385,299,302,315,390,316,296,314,342,328,424,316,294,424,330,290,442,331,371,325,302,401,318,296,445,376,351,304,371,378,304,392,372,303,386,366,308,385,364,325,386,368,310,402,349,351,289,292,382,315,284,411,320,292,398,322,286,394,322,298,445,316,362,310,282,404,313,304,420,379,306,400,358,364,314,382,342,432,452,381,356,429,390,465,401,370,428,385,449,412,363,295,378,335,301,319,295,380,367,305,413,364,307,387,367,356,318,303,303,402,355,309,408,362,305,393,373,309,414,310,381,351,305,304,370,311,279,323,319,435,367,457,405,302,296,383,366,318,439,370,306,385,350,299,317,406,335,316,335,303,405,355,345,312,317,289,413,318,380,393,307,395,369,297,391,355,288,312,287,376,349,305,334,401,309,303,419,368,311,388,365,352,317,401,316,378,354,353,312,306,384,363,292,296,380,326,288,400,327,293,430,324,398,370,375,300,374,371,307,401,353,347,309,291,388,362,303,400,353,313,406,366,342,289,309,310,384,358,314,320,378,344,302,342,320,380,341,294,331,312,393,352,295,329,401,350,304,308,416,376,361,308,383,358,348,305,382,355,299,303,407,299,274,286,321,331,433,362,307,320,385,323,293,406,358,302,318,415,326,407,311,402,313,375,316,294,418,370,299,323,405,364,305,425,368,341,309,299,401,360,368,301,386,364,351,313,383,346,283,313,396,355,291,308,375,362,298,296,374,306,295,390,316,288,413,315,302,398,314,290,439,327,365,290,291,273,306,305,407,315,307,425,355,367,299,361,319,308,311,382,335,286,342,392,349,301,318,297,390,350,294,327,307,389,348,299,332,397,315,273,398,320,296,408,356,321
299,334,399,297,319,405,462,423,351,478,398,295,306,419,364,457,394,291,292,392,329,407,509,422,291,299,399,348,310,291,388,326,282,401,321,309,419,338,475,415,390,310,384,381,314,394,360,304,399,371,365,355,436,409,356,333,444,411,355,316,276,406,310,481,412,372,314,291,319,387,297,282,319,329,307,433,322,307,426,315,307,453,321,375,331,306,395,317,296,436,373,360,299,371,370,315,392,363,299,388,372,304,393,352,307,373,366,298,397,349,336,309,289,372,314,274,399,318,303,390,332,284,405,314,306,443,310,364,299,293,406,317,304,415,376,309,413,351,372,293,389,337,435,454,383,372,429,385,475,419,377,441,384,443,414,358,298,377,341,307,324,304,399,362,303,427,372,305,407,357,339,304,328,299,388,373,297,415,381,299,386,363,309,410,300,374,360,309,302,375,305,266,319,316,423,357,458,398,302,292,397,360,322,435,368,310,381,345,306,312,392,359,309,331,299,404,350,350,321,323,294,408,312,395,402,314,395,374,293,385,359,295,297,288,380,340,298,329,404,321,294,424,367,308,400,351,336,303,403,311,382,346,339,303,297,384,354,308,300,381,309,288,401,327,307,437,340,400,361,356,319,383,363,306,403,367,352,309,292,411,362,299,394,362,311,412,354,339,297,306,298,378,362,307,333,394,355,321,337,314,386,347,295,333,308,400,360,294,327,416,362,301,309,404,374,356,319,384,358,358,304,372,346,294,308,391,296,277,290,330,311,419,366,299,323,401,314,296,426,370,309,297,408,322,412,312,391,328,388,309,308,415,362,306,343,395,364,324,427,368,340,305,297,430,374,365,309,390,367,358,313,381,339,290,316,385,358,298,321,378,362,306,312,374,314,295,410,320,290,413,327,280,408,320,302,441,320,377,315,280,269,293,296,401,323,318,445,382,362,307,358,311,306,313,393,347,301,330,394,357,298,309,284,395,351,298,333,306,395,353,292,321,404,314,293,408,323,312,414,354,308
299,335,396,320,302,416,457,408,353,465,395,284,296,419,361,461,396,293,278,398,321,408,501,421,281,295,386,346,307,304,377,328,311,411,331,310,431,354,471,424,380,316,372,377,305,395,358,301,398,381,357,354,446,408,359,326,451,415,348,302,286,385,296,492,422,375,312,299,298,389,313,279,315,343,315,415,314,313,436,319,301,449,307,372,317,308,410,322,294,446,367,358,304,367,375,316,382,351,304,386,358,301,382,352,310,386,367,304,390,347,345,306,293,385,325,292,412,307,295,393,326,277,421,314,287,452,329,377,309,291,403,313,305,431,365,299,403,365,362,309,384,335,441,455,384,370,433,368,450,410,366,446,368,458,415,359,309,380,339,310,325,300,393,366,316,417,367,307,404,353,339,305,318,297,397,367,284,404,366,295,390,375,311,407,307,355,358,299,310,376,319,271,319,327,437,346,468,393,297,300,384,374,321,450,368,313,381,346,302,321,393,359,309,316,297,411,368,346,312,310,285,420,320,384,385,321,399,368,299,388,360,290,318,290,387,342,303,332,400,318,296,435,369,315,420,357,352,320,407,322,388,339,340,288,306,388,349,313,309,379,310,294,401,321,298,450,336,389,375,352,317,381,370,318,402,357,339,310,295,402,369,296,399,365,307,399,349,341,304,314,295,393,352,290,329,381,343,305,347,298,394,352,294,324,303,380,345,295,325,410,362,304,315,406,372,367,303,396,364,357,306,378,345,292,301,385,299,253,278,313,331,432,374,311,322,404,320,309,411,368,304,305,416,337,406,313,396,314,374,310,298,402,350,287,342,403,364,309,414,362,337,305,288,424,366,358,295,403,356,360,302,378,341,289,318,396,348,306,313,376,361,297,304,368,311,299,401,323,293,397,311,284,411,310,297,435,327,374,304,289,270,302,295,405,325,322,441,364,365,295,363,309,320,318,384,357,293,337,418,357,305,321,293,390,346,302,338,300,381,353,307,312,396,318,289,402,315,293,415,355,306
303,321,396,315,304,409,457,412,357,452,398,290,301,420,360,454,389,304,280,404,315,393,506,412,292,304,396,352,297,295,374,328,307,411,319,293,424,349,469,424,376,306,379,359,296,396,373,306,403,370,354,335,448,400,358,330,453,422,344,307,284,404,307,486,422,365,299,304,318,394,302,282,322,342,320,419,319,293,429,317,293,462,309,386,324,288,404,322,300,426,368,362,301,379,368,306,386,375,307,393,374,302,390,355,315,390,371,310,401,357,357,298,284,373,314,292,402,330,293,408,330,301,395,313,305,454,327,360,306,290,400,318,301,428,377,304,401,355,359,311,378,347,435,467,387,361,435,375,465,403,368,452,388,441,423,348,304,373,358,307,315,297,378,358,297,415,374,310,402,357,346,309,314,304,392,368,312,411,359,304,399,364,298,414,310,371,365,303,293,381,285,267,318,332,421,359,470,391,298,296,389,355,323,437,366,308,366,352,311,309,399,364,313,309,306,400,370,356,318,310,306,421,329,392,391,308,408,362,311,391,355,302,299,288,376,347,317,328,386,315,296,410,376,307,400,356,347,305,407,311,396,353,356,296,299,385,364,288,307,392,322,287,400,324,304,446,308,394,369,361,306,386,360,295,393,351,341,295,297,391,379,308,382,358,298,398,361,340,296,309,297,389,357,305,318,381,346,303,340,313,374,345,304,328,305,383,348,291,333,395,365,300,318,415,369,351,300,388,355,358,311,367,348,294,299,396,301,261,286,326,323,428,362,293,320,394,323,303,407,363,300,315,401,323,395,309,394,323,368,315,305,417,362,299,335,407,359,308,437,371,345,299,289,413,374,371,304,396,370,350,321,384,339,292,314,398,362,295,326,392,363,306,300,374,307,300,388,322,281,406,329,300,403,324,290,447,324,374,311,289,274,304,306,402,327,312,426,381,364,308,354,311,303,316,387,359,295,334,402,359,301,308,296,389,345,317,337,299,381,356,306,317,407,332,288,409,316,310,405,366,306
294,327,405,315,298,423,452,414,368,461,394,292,320,411,350,452,395,302,283,400,324,404,510,416,272,299,377,354,295,305,381,311,305,409,324,293,416,352,472,426,397,319,389,370,311,396,362,305,404,357,366,337,449,426,365,327,453,417,358,300,283,409,304,481,425,383,308,307,312,393,316,285,325,331,301,432,327,320,414,320,290,445,320,374,309,299,394,317,295,436,372,362,301,374,355,318,397,358,305,385,365,297,392,382,312,389,377,311,393,352,347,308,276,370,315,302,402,330,296,389,317,303,399,317,287,443,315,371,313,285,402,322,304,415,374,311,398,362,356,310,387,347,430,442,385,369,440,381,462,404,379,461,382,459,413,355,295,378,352,306,320,289,388,366,304,412,367,311,404,363,344,313,325,303,392,372,311,418,369,311,388,371,315,415,324,394,368,300,304,387,294,267,327,333,432,364,463,397,292,277,383,358,318,446,378,309,385,358,318,313,388,365,318,316,292,407,355,355,320,321,297,416,320,401,384,322,404,370,306,397,352,292,304,294,368,360,296,332,393,314,307,424,361,301,403,351,349,311,404,308,394,359,336,309,298,394,355,297,298,379,323,293,410,315,302,449,321,381,377,357,318,371,370,301,408,360,347,310,289,390,362,301,397,366,309,413,355,349,304,316,296,388,343,298,320,394,344,298,345,323,396,341,292,339,298,382,337,303,332,393,351,294,312,397,371,362,308,392,375,351,316,369,340,302,302,400,303,260,276,326,307,424,365,294,315,391,322,301,405,359,308,314,405,332,405,297,390,310,376,306,298,410,381,311,320,395,365,307,434,379,352,311,304,420,370,355,309,387,376,353,307,370,344,293,304,399,354,289,320,390,357,292,301,387,326,284,393,323,295,402,339,286,396,310,305,441,308,360,302,291,274,300,296,404,314,311,435,377,364,284,351,308,308,302,387,356,306,333,408,359,304,323,296,385,351,303,341,305,374,357,295,314,404,319,287,421,317,300,417,348,313
308,330,401,306,311,420,449,397,356,460,402,270,312,422,353,453,402,301,276,399,321,408,510,423,287,292,391,347,307,304,381,323,298,401,321,310,413,349,457,422,389,312,380,367,312,396,356,314,411,354,346,336,432,412,359,328,449,426,351,292,280,399,307,489,415,371,300,312,319,390,298,273,322,339,319,421,326,300,409,322,296,457,323,371,314,302,396,325,301,441,371,358,316,372,354,301,397,375,307,386,360,289,389,354,308,386,362,289,406,353,331,306,287,381,304,291,406,326,278,402,331,291,394,315,295,447,308,357,300,299,406,320,284,421,370,301,415,353,366,312,387,335,434,446,370,361,419,378,467,413,376,439,384,459,413,365,296,362,341,303,320,294,384,372,303,427,366,292,401,344,331,309,307,293,405,366,289,420,358,312,388,360,310,408,307,387,372,297,295,383,303,269,329,323,432,378,465,401,285,291,392,358,326,428,371,305,393,348,318,310,385,356,314,327,290,402,339,348,307,314,285,412,316,395,387,320,392,366,319,397,358,292,307,286,381,354,293,340,404,315,310,425,367,311,404,356,350,300,402,311,392,356,339,303,304,393,358,298,293,383,316,294,399,315,294,427,336,395,367,345,316,391,352,302,399,355,358,304,306,388,361,306,399,362,296,393,361,340,311,317,298,387,350,307,323,389,358,297,337,305,382,348,308,345,316,378,357,302,327,408,359,293,318,412,375,368,307,392,357,353,316,370,341,298,298,392,308,260,289,327,326,411,367,296,335,390,321,302,416,360,305,301,411,316,403,303,404,312,391,323,297,396,372,301,330,406,369,313,435,358,348,298,309,408,359,354,318,388,375,359,312,366,339,289,313,401,352,293,314,379,351,299,307,376,316,294,405,323,278,407,324,290,392,326,302,444,315,362,308,282,280,300,294,398,318,308,432,371,355,286,353,310,311,327,380,358,294,330,400,359,305,320,284,385,347,301,344,316,396,349,296,333,395,335,299,399,335,299,405,354,318
301,327,396,311,309,418,457,410,364,448,405,279,313,423,359,459,398,298,271,403,342,413,485,402,283,294,392,344,301,311,377,328,285,394,308,301,435,345,465,419,395,297,366,375,295,388,354,305,389,372,352,346,450,402,363,334,448,421,357,283,296,384,301,473,435,382,312,312,314,395,305,289,326,324,322,410,334,295,435,323,304,450,316,375,313,306,401,318,299,427,379,357,312,375,377,307,395,355,308,401,354,296,385,373,316,402,363,311,398,350,342,301,288,386,323,297,400,318,297,391,319,289,412,326,299,443,320,379,303,270,405,316,308,424,380,304,409,365,355,309,393,350,427,453,388,367,443,383,465,418,353,443,387,450,421,354,299,372,346,296,323,304,394,367,301,414,359,310,401,354,335,305,307,291,400,356,302,421,365,305,385,364,304,404,300,366,364,292,298,390,288,260,330,315,435,368,464,390,295,296,391,356,322,433,370,300,377,347,311,315,391,354,313,318,294,411,346,335,308,316,293,411,316,384,400,302,401,367,296,393,359,300,304,277,380,345,300,334,392,310,292,412,370,309,399,346,338,312,399,319,392,345,349,307,306,400,357,297,292,385,320,306,402,333,292,442,330,390,375,363,308,387,366,292,397,365,351,295,306,392,360,296,382,357,306,406,348,347,297,307,305,393,343,300,319,396,353,291,332,306,377,339,291,341,312,379,331,305,321,406,350,300,312,408,367,363,295,400,368,364,306,373,357,295,313,398,315,268,289,325,336,412,364,305,310,395,326,307,405,356,307,299,408,332,394,324,392,317,372,324,290,409,373,304,332,399,362,303,427,369,351,304,300,408,369,348,310,391,369,359,314,374,338,289,310,395,370,292,315,387,350,288,300,364,304,290,408,323,279,395,322,301,393,313,295,455,323,376,297,278,274,294,284,412,315,313,420,375,357,296,364,304,301,318,388,365,291,331,412,358,306,339,294,386,345,288,326,307,393,357,307,321,395,323,297,397,325,299,409,360,307
295,328,385,310,319,423,452,407,368,459,390,265,304,412,353,457,398,304,273,408,330,404,502,423,285,288,385,343,309,296,388,324,300,413,331,288,415,346,464,418,392,319,385,369,321,386,353,305,406,381,358,352,450,412,348,337,449,415,365,310,291,399,305,475,420,398,302,313,326,394,298,281,318,339,306,418,328,287,429,319,303,450,315,377,314,297,385,331,311,427,363,356,307,387,361,302,393,371,319,388,358,310,393,359,313,398,351,307,407,358,342,305,295,371,318,296,391,320,295,401,326,305,402,341,309,438,325,369,301,284,398,318,301,418,381,321,399,363,368,317,377,342,444,447,392,357,434,372,466,420,373,435,371,453,425,362,308,363,359,306,319,297,388,369,307,417,372,307,399,347,346,309,302,293,393,365,297,418,370,309,382,375,312,417,314,392,360,290,294,382,310,274,319,315,421,358,464,407,297,295,388,364,325,426,375,291,391,361,291,313,385,352,302,313,292,423,348,332,310,317,291,413,314,395,390,312,396,368,296,403,361,301,313,298,381,340,289,333,403,307,297,418,367,309,404,358,336,318,401,314,388,354,349,313,304,395,356,296,300,378,315,293,405,322,299,437,333,400,365,360,307,381,351,304,406,350,344,304,307,395,383,299,382,365,291,408,366,339,294,320,293,390,366,300,327,388,352,297,337,313,384,337,289,335,315,377,351,310,334,396,365,293,307,404,361,352,303,388,367,356,311,374,341,307,315,385,307,268,284,329,314,416,365,303,312,395,327,295,417,364,301,316,423,333,400,317,384,333,379,301,314,404,359,322,331,403,362,320,433,365,343,294,283,413,371,370,308,380,366,366,301,371,358,290,315,391,360,309,306,387,354,302,295,382,329,286,411,313,293,402,325,287,406,322,296,431,322,368,309,289,278,291,302,394,315,312,439,373,359,291,358,308,309,315,390,349,295,327,404,352,306,319,296,381,353,296,336,310,379,365,309,330,401,318,286,390,320,283,415,356,317
296,331,390,308,316,428,458,397,365,475,405,293,314,410,363,454,392,297,272,392,332,409,496,410,291,292,394,350,300,295,375,319,295,401,323,304,434,363,460,412,396,312,381,372,315,390,366,305,399,352,360,344,452,410,352,336,447,415,346,306,285,392,310,478,423,381,289,308,310,396,330,281,316,344,311,429,325,286,425,322,295,447,313,370,323,301,396,326,305,433,377,363,304,367,368,309,383,362,314,391,372,306,391,368,303,389,358,299,405,363,342,308,288,375,309,293,410,326,296,396,328,301,396,323,291,448,322,374,305,284,393,315,317,430,368,314,400,361,355,311,381,355,434,463,378,361,429,372,463,426,348,435,385,452,421,369,299,376,360,299,317,301,396,364,305,415,370,295,399,354,350,300,318,299,390,366,311,415,369,301,409,357,307,403,309,378,373,308,304,391,297,276,324,327,434,366,469,386,302,290,396,356,313,425,378,301,387,347,312,315,397,347,298,320,300,413,358,337,312,320,296,414,329,379,386,296,395,359,306,391,354,300,310,290,378,349,315,336,390,309,300,430,370,317,409,353,350,312,403,314,386,356,337,304,304,386,352,292,301,378,315,295,404,324,284,458,324,389,375,365,311,376,363,309,404,366,353,307,315,401,363,320,386,356,306,393,360,337,316,303,289,388,374,293,326,374,349,307,344,297,384,360,296,324,314,380,343,300,327,402,359,303,315,408,367,369,293,387,365,356,312,381,352,295,314,383,307,248,284,323,318,417,377,296,325,387,323,309,411,368,296,299,406,317,396,316,401,302,387,318,306,412,352,295,331,414,369,301,431,363,341,307,294,421,366,354,307,375,367,351,300,369,345,310,313,383,365,291,315,388,367,293,293,378,314,294,394,321,286,406,328,288,390,319,308,439,325,365,297,275,272,303,305,410,328,309,428,375,352,299,357,305,314,299,389,350,305,334,397,363,311,311,293,392,356,301,329,309,378,345,303,320,415,319,298,399,318,303,428,346,318
303,336,397,320,298,418,452,410,365,456,404,280,310,422,362,460,390,305,276,405,319,401,518,427,292,283,394,351,301,302,375,325,294,399,320,304,425,361,474,422,399,304,378,369,307,390,364,313,404,369,356,343,433,407,349,335,440,415,354,293,285,407,290,487,420,389,303,292,324,389,298,278,329,343,306,428,322,296,407,315,299,448,314,375,322,291,399,328,289,445,382,363,311,368,375,297,399,353,302,388,376,317,395,349,297,398,364,305,404,359,346,309,294,379,322,291,407,323,298,406,329,282,411,326,308,452,308,378,303,292,407,330,310,426,370,313,402,351,355,296,385,352,441,457,376,359,434,379,454,418,355,433,391,449,420,348,301,366,337,298,325,304,392,368,293,410,376,312,400,359,338,303,322,308,388,378,302,412,369,304,393,359,286,410,298,384,357,308,298,392,289,269,318,326,435,361,474,401,307,296,398,376,322,426,377,304,374,347,297,316,406,353,311,324,306,410,370,341,317,320,291,402,320,392,381,319,403,379,307,389,353,307,312,289,370,358,308,340,386,328,303,418,381,315,412,352,341,307,413,319,394,346,340,301,298,391,346,312,295,389,310,298,404,327,299,440,322,390,372,345,309,369,357,293,409,354,341,310,289,399,360,311,390,367,304,401,350,350,303,317,307,388,356,308,329,399,351,312,331,304,390,357,303,332,310,376,352,290,336,410,360,307,311,398,369,361,307,385,365,349,314,375,352,298,300,383,305,265,278,324,324,430,368,297,313,385,324,296,425,357,315,306,412,330,403,312,389,334,389,300,292,403,369,296,326,407,373,304,427,376,352,321,292,408,360,350,298,397,356,355,309,378,354,303,304,390,366,300,322,399,355,298,302,372,314,283,392,322,301,410,314,284,398,325,296,447,310,355,311,297,284,292,300,407,320,314,441,375,354,295,366,311,314,317,393,357,302,330,402,357,305,325,295,382,341,283,346,303,389,339,303,323,391,322,300,393,330,296,415,361,296
295,327,383,315,314,417,457,409,362,462,399,288,298,417,358,462,382,286,286,397,323,401,495,413,295,294,388,356,300,297,374,317,284,397,320,305,420,354,458,421,392,305,390,373,300,383,368,306,398,355,351,343,434,399,354,347,450,417,354,285,286,399,299,473,423,387,304,306,320,403,312,280,316,336,320,430,320,304,432,328,286,455,324,386,326,295,406,321,306,429,377,371,311,373,366,297,383,362,305,399,362,307,394,372,310,403,363,306,401,363,345,313,293,387,311,302,401,312,296,404,327,294,395,317,288,441,320,357,304,293,396,331,291,414,375,314,405,370,361,311,400,344,428,460,386,355,431,392,461,416,369,448,370,458,407,358,307,366,357,299,328,290,385,349,304,410,372,300,406,357,348,297,313,301,388,362,305,417,367,311,393,379,299,405,307,370,372,303,302,380,306,256,317,329,427,349,466,396,306,283,382,368,329,433,373,304,368,350,309,309,398,348,305,323,297,409,361,342,301,320,294,417,319,376,386,328,395,368,302,401,354,306,305,287,378,347,303,339,395,325,305,420,369,306,403,359,343,314,399,324,387,358,337,308,297,384,352,298,305,387,320,303,402,325,289,427,336,393,383,352,303,379,358,303,402,350,345,309,302,392,366,292,400,362,295,400,358,336,311,317,293,386,356,289,328,400,337,302,345,297,393,351,298,344,306,371,351,299,337,398,364,299,308,394,375,364,314,383,365,358,306,371,359,304,317,396,292,259,287,330,319,414,356,294,330,390,320,306,415,356,307,294,407,330,394,322,393,325,371,310,292,403,362,302,342,408,366,305,427,368,333,308,304,418,371,356,318,389,371,358,311,366,354,297,319,401,352,288,316,380,359,300,291,376,323,303,401,320,296,398,319,293,402,323,292,443,320,369,310,291,268,315,300,398,337,321,441,367,358,310,370,318,310,309,391,347,297,329,414,363,298,312,312,384,350,319,340,323,382,364,283,316,396,307,291,406,314,319,411,354,307
293,325,400,314,310,426,465,411,361,457,409,286,316,426,357,446,400,303,280,401,328,409,501,414,284,292,382,361,312,295,378,319,280,395,328,302,424,350,465,417,372,307,373,361,302,405,355,302,387,365,346,339,447,422,357,340,452,412,358,308,280,395,289,483,420,373,313,303,312,386,300,284,319,337,309,436,318,294,414,324,302,456,321,380,312,306,409,315,312,445,370,357,287,368,360,296,404,362,299,398,378,311,398,366,308,396,373,316,395,361,342,302,289,385,320,291,403,314,297,411,321,294,396,317,280,439,323,376,309,308,406,306,301,426,364,306,405,367,357,318,372,338,430,463,381,360,426,372,452,425,367,448,369,458,421,370,298,367,338,299,320,299,402,367,311,410,371,302,400,351,350,299,317,308,394,378,314,409,370,301,378,358,307,415,294,360,364,306,292,381,303,267,331,326,430,354,470,407,301,291,398,375,323,449,362,310,380,359,295,311,392,343,306,312,305,420,350,347,299,325,295,408,319,394,396,303,384,358,315,391,360,300,310,284,374,337,299,342,395,319,304,416,376,314,391,357,338,308,400,309,390,358,349,312,291,398,354,303,298,359,316,289,409,320,295,443,316,371,367,354,296,390,375,309,390,353,341,311,305,404,359,301,399,370,313,389,377,347,291,312,302,398,357,296,331,381,356,304,347,319,379,350,299,344,319,383,348,315,327,400,371,302,308,406,369,360,306,385,365,349,312,368,358,307,313,394,304,264,287,333,313,431,365,303,317,387,312,303,413,360,320,302,405,327,394,308,396,317,376,312,306,408,361,292,330,409,364,311,425,371,345,294,300,402,370,361,312,391,362,348,303,384,343,312,302,391,348,303,310,389,358,303,313,371,315,293,399,331,295,398,334,293,410,324,298,446,318,370,299,287,277,296,299,404,331,314,440,364,347,305,364,305,325,333,395,348,297,333,412,360,286,316,298,390,353,291,329,307,382,342,292,316,394,324,292,404,313,294,416,340,307
306,331,390,316,299,421,452,406,357,463,399,279,314,421,350,441,388,298,279,406,318,423,513,438,275,296,390,358,300,294,381,323,299,394,314,301,430,356,468,421,401,314,379,369,308,396,370,305,398,377,356,348,458,407,355,322,440,416,356,307,288,401,292,487,431,388,298,302,307,382,301,272,323,336,318,423,320,301,429,315,295,457,317,366,324,300,405,308,318,436,374,356,302,392,362,296,394,355,290,378,362,311,381,365,292,393,367,307,396,347,348,309,285,373,319,298,411,327,304,393,314,292,399,313,294,440,314,357,313,298,405,317,298,426,376,304,409,363,361,296,389,347,425,451,374,371,437,384,443,422,367,451,384,457,413,363,297,356,351,309,323,299,400,364,300,402,364,307,399,356,349,296,320,297,390,366,292,415,364,306,385,367,302,405,318,380,361,309,291,389,307,264,332,338,442,382,458,402,287,294,391,356,319,435,376,296,386,347,292,315,401,365,296,308,307,424,351,342,305,324,287,402,316,383,390,313,390,363,293,394,356,305,313,290,380,355,302,326,387,329,301,436,362,298,401,348,349,307,405,318,395,342,351,299,305,393,350,299,297,373,312,301,408,320,305,442,319,397,367,356,306,381,351,304,394,360,348,318,298,400,352,307,388,357,302,399,364,335,307,321,295,391,353,306,330,401,353,320,341,304,382,363,296,335,306,393,351,307,330,404,347,299,319,401,365,355,301,388,366,360,307,371,347,299,308,387,310,270,293,327,328,436,374,296,333,395,320,302,419,361,300,296,418,319,390,293,394,307,367,303,295,409,364,307,331,396,368,311,416,373,336,309,308,417,373,363,302,395,362,359,303,368,344,309,315,390,356,299,318,399,343,295,288,369,331,284,407,322,292,406,317,303,396,315,289,443,319,362,289,298,279,304,294,402,319,322,442,379,359,293,367,308,316,317,381,351,291,330,402,362,301,318,296,400,355,292,331,320,387,338,298,311,392,310,285,419,333,293,406,363,307
290,323,387,309,294,421,450,396,361,479,398,291,306,404,352,445,384,285,283,390,332,397,502,408,280,289,387,344,304,313,375,319,280,399,312,284,426,351,459,412,396,327,380,376,319,401,354,299,405,355,349,350,439,417,348,339,439,416,347,294,298,411,302,477,409,382,292,306,306,393,300,273,326,336,308,421,332,285,427,322,302,454,321,369,310,305,402,317,317,433,377,353,314,368,365,315,381,362,312,396,372,309,389,365,304,400,355,305,402,356,342,310,297,380,319,293,395,331,299,405,328,292,401,328,295,458,316,358,308,293,415,320,307,429,364,311,403,354,363,313,375,340,425,439,379,361,437,376,468,402,383,447,398,454,428,365,296,366,335,291,318,287,381,356,306,415,368,304,402,351,346,307,315,293,384,359,299,408,365,294,390,364,296,419,299,382,359,312,300,372,312,260,324,328,435,365,467,399,298,286,385,359,317,428,368,303,376,350,311,320,404,363,304,320,300,401,360,346,303,316,289,410,317,388,402,310,398,369,317,393,362,286,315,290,368,355,299,341,408,302,300,432,378,317,404,360,347,307,406,315,384,371,351,303,293,393,363,305,286,371,319,295,401,320,316,447,336,406,381,360,306,366,372,307,409,354,332,309,301,399,370,295,386,364,298,402,350,348,308,329,301,387,358,294,320,401,348,304,338,302,377,336,301,340,309,379,331,298,330,409,354,306,316,410,380,358,311,387,361,353,303,368,346,297,301,395,302,261,283,327,318,422,363,301,321,388,328,296,415,355,297,304,407,325,415,311,388,316,373,298,297,408,364,306,337,400,360,312,425,372,335,292,298,423,381,366,322,377,365,354,309,364,349,308,297,388,363,296,304,383,367,298,293,376,314,290,407,328,300,407,319,297,404,329,293,435,318,368,303,287,285,300,304,395,310,315,436,371,358,282,368,312,311,318,393,352,296,318,399,356,303,320,284,396,348,302,346,308,380,342,304,324,408,318,305,409,320,299,416,358,319
299,335,404,316,313,415,449,401,360,465,402,294,300,415,351,453,397,292,279,398,308,418,507,413,274,288,384,327,313,303,383,317,296,411,323,307,425,355,455,423,388,304,379,369,307,398,361,312,408,369,347,350,446,419,347,333,436,416,361,298,287,401,310,470,422,397,313,298,320,395,302,270,327,323,311,429,329,304,415,317,297,449,323,380,314,302,405,325,304,424,377,353,314,378,373,298,389,357,304,384,345,295,387,362,301,390,361,307,408,362,341,302,281,370,311,287,406,319,297,407,327,289,413,325,292,448,322,356,318,304,404,310,306,420,375,301,403,361,350,319,362,346,425,452,377,365,425,370,465,409,361,439,380,459,407,359,295,365,338,302,314,300,388,360,301,413,389,305,395,359,341,291,314,305,386,356,311,412,370,311,389,364,301,420,305,383,369,304,299,380,297,271,319,327,440,375,460,403,293,293,396,369,320,443,361,300,382,356,308,326,394,352,311,317,302,412,361,340,309,308,288,401,321,383,371,319,399,361,301,392,359,301,314,291,369,350,308,341,388,313,298,426,369,304,407,355,353,309,425,327,403,351,344,309,297,395,345,304,303,379,316,284,400,326,286,441,339,387,387,358,302,389,365,300,398,358,337,310,294,394,356,303,401,363,299,399,354,350,316,327,300,392,363,312,326,388,358,308,342,327,388,345,308,335,314,379,352,311,336,410,354,302,307,405,373,353,304,386,361,345,301,379,354,288,300,404,307,265,294,319,313,425,375,293,325,393,318,298,419,355,307,306,416,334,396,318,398,313,377,311,295,418,365,298,338,392,362,297,431,363,343,280,308,425,365,383,302,387,367,356,311,367,348,292,318,391,355,300,313,387,366,301,305,366,316,299,404,319,290,397,316,290,399,323,291,443,320,369,300,302,278,309,299,398,319,297,433,370,358,294,359,316,306,317,392,355,293,330,405,348,303,321,300,374,364,304,341,312,387,354,322,319,393,316,296,409,324,291,406,373,303
293,336,403,326,302,405,454,381,364,462,407,294,298,416,352,450,396,303,287,402,308,406,515,412,292,297,386,341,303,301,375,315,288,393,313,301,415,352,454,416,377,304,386,372,311,394,355,311,411,362,365,347,453,408,345,348,446,412,354,298,286,421,304,481,416,395,312,308,307,396,311,278,315,337,319,426,320,301,418,334,304,454,329,373,321,302,400,315,308,449,383,361,300,382,375,299,393,370,324,393,356,301,386,370,309,380,354,298,392,350,342,310,284,382,319,297,407,319,301,410,329,285,401,313,303,451,331,374,299,292,405,334,313,404,370,305,396,355,359,310,376,360,426,451,385,372,428,363,462,415,371,441,384,450,406,350,316,381,339,292,324,306,389,372,301,414,372,307,388,360,336,301,317,297,393,350,302,406,373,313,391,358,307,414,316,371,359,303,300,376,300,272,327,341,436,374,463,404,307,287,387,376,328,431,387,311,371,352,310,305,395,348,309,320,295,400,349,332,316,318,295,409,323,397,400,325,411,365,309,383,364,304,302,286,396,355,297,344,390,322,296,428,359,308,405,362,342,318,397,317,395,366,332,311,292,393,350,298,297,392,320,301,405,318,292,435,337,396,370,358,303,370,363,298,409,360,346,309,298,395,366,301,402,362,297,418,351,338,299,316,307,389,370,309,328,387,347,308,346,311,382,341,302,342,307,382,345,302,336,416,359,314,329,407,360,359,299,386,356,367,301,371,352,287,312,407,311,271,278,320,324,423,376,300,308,400,316,301,408,353,303,308,413,318,398,303,388,326,368,314,291,417,368,307,331,397,354,309,403,372,341,300,298,405,355,370,310,395,354,349,306,384,356,305,317,393,370,298,311,375,361,313,311,384,323,286,405,323,292,394,311,297,408,319,286,436,318,351,307,293,286,298,303,397,319,315,426,364,369,288,378,316,306,315,385,352,300,335,399,351,295,323,303,386,356,297,351,308,377,344,293,319,401,316,280,410,316,303,414,353,310
298,326,406,318,308,420,453,393,369,458,390,283,297,421,352,454,410,300,286,415,318,407,500,421,284,293,380,352,293,301,364,313,292,401,320,301,423,360,459,405,386,317,389,369,304,395,361,316,400,366,350,346,452,418,355,338,440,418,358,300,278,388,303,480,429,387,317,315,318,386,299,286,318,328,317,424,311,301,431,320,306,446,322,368,318,303,403,319,297,447,369,356,308,384,350,301,393,371,310,382,363,310,388,365,304,405,363,304,401,357,340,306,292,380,308,291,392,319,278,401,319,291,395,326,297,449,320,353,316,283,397,314,294,406,365,308,399,350,355,309,388,342,423,441,375,375,417,379,457,412,372,446,371,444,416,365,315,372,361,299,333,286,394,358,307,422,370,294,390,361,338,296,314,291,390,372,304,437,380,307,391,371,296,412,305,385,369,307,303,374,306,267,337,321,419,373,466,391,306,288,386,369,311,425,365,307,380,346,307,302,386,359,310,306,307,398,357,331,310,322,301,410,313,390,377,322,392,367,305,396,352,318,302,276,371,347,294,338,389,323,295,416,373,307,405,364,342,315,397,316,390,355,338,306,297,369,340,301,309,366,315,294,391,315,279,444,326,381,387,355,310,378,357,298,404,359,344,309,304,398,366,300,403,346,303,401,355,353,289,311,302,390,363,289,326,397,347,300,340,299,386,351,302,332,323,371,342,297,330,395,358,304,313,405,374,368,312,395,365,351,308,366,339,292,297,399,297,270,276,314,320,423,372,302,322,414,323,314,415,348,303,301,414,328,400,302,404,322,366,302,295,417,365,305,320,413,360,308,441,369,351,310,315,422,365,357,309,390,368,355,303,367,339,302,322,396,363,298,297,381,356,306,306,376,304,291,407,331,311,399,327,280,405,315,290,446,321,340,302,303,261,301,309,396,323,319,424,364,351,288,359,314,298,315,398,355,294,327,411,353,304,334,303,361,348,297,338,311,384,354,297,312,400,316,297,396,318,311,410,361,318
290,343,389,300,316,421,453,416,368,462,393,283,307,416,349,456,406,293,280,408,318,411,508,422,291,298,391,354,308,300,383,335,296,401,326,300,425,349,462,413,392,310,369,364,311,396,364,314,396,364,356,349,448,405,351,333,435,409,367,304,297,407,314,484,431,378,297,291,304,384,309,277,325,333,309,426,326,308,433,323,301,445,318,383,326,310,398,314,301,425,366,358,304,379,358,307,388,359,310,381,367,314,395,368,292,380,370,300,394,361,332,296,290,375,312,297,396,330,285,408,332,285,413,326,290,455,313,363,310,304,406,316,294,428,366,319,406,367,371,308,389,346,433,452,371,375,442,384,460,427,374,443,385,450,418,360,300,370,339,298,322,291,407,353,304,421,372,305,413,358,336,306,305,296,386,358,312,413,376,309,408,370,314,424,322,389,364,298,299,383,295,264,336,334,433,362,449,398,301,301,382,360,325,436,363,303,389,342,301,302,396,352,301,327,302,417,371,345,314,314,288,420,313,392,390,316,393,356,307,390,364,299,310,283,378,337,305,333,391,318,297,424,358,295,412,349,350,308,409,314,403,356,330,305,309,384,349,306,318,375,310,281,400,318,295,447,332,407,366,350,317,371,360,308,394,362,339,303,292,399,370,304,392,369,308,390,359,346,294,303,307,389,357,304,323,391,360,315,345,311,393,352,293,337,311,382,351,302,338,396,369,309,316,411,368,364,293,388,362,350,305,380,347,292,309,387,307,251,288,323,318,421,380,296,313,392,321,299,423,355,307,304,405,321,406,311,391,318,380,311,311,422,361,293,325,405,368,312,424,367,353,308,293,426,357,367,315,393,379,349,309,382,338,300,317,394,345,293,318,385,359,297,299,380,323,306,395,319,292,408,332,293,404,315,294,435,317,363,314,287,272,300,293,404,324,319,426,377,359,298,354,322,298,317,389,356,295,339,402,366,305,328,291,376,351,280,341,318,395,350,290,304,407,315,293,413,315,306,411,358,318
303,310,390,312,307,415,451,416,362,462,397,287,307,421,354,443,391,301,285,408,313,420,512,399,282,293,380,354,302,305,379,320,286,396,315,300,429,360,454,424,377,314,378,359,309,404,353,316,394,364,349,354,447,418,344,322,453,411,364,309,287,395,306,472,427,385,310,294,301,396,313,281,323,338,312,425,325,289,431,322,302,458,319,378,314,300,411,311,303,429,356,369,308,371,356,302,384,364,312,389,361,312,393,381,300,396,359,306,403,364,371,303,292,379,313,283,413,330,294,389,319,296,412,327,300,449,315,360,324,288,409,324,315,423,379,306,413,360,358,310,376,346,434,461,384,370,417,375,462,419,372,447,382,448,411,364,310,360,345,298,330,297,381,369,303,410,372,302,406,371,346,302,316,298,400,371,303,402,373,320,394,378,319,412,320,372,366,290,303,381,295,262,330,321,437,365,460,393,289,279,394,362,315,439,366,314,381,359,300,305,393,364,314,314,296,419,361,335,298,314,283,413,321,395,392,318,387,360,304,395,355,301,301,289,383,353,302,341,393,306,295,424,369,315,405,357,350,304,407,312,389,356,351,312,301,380,344,290,291,384,322,295,394,326,305,464,327,396,376,357,322,396,366,303,394,355,326,303,315,395,365,311,391,380,315,418,354,347,309,321,291,399,360,288,329,400,348,300,350,320,397,350,293,337,320,379,354,308,332,405,354,302,308,414,365,357,304,380,366,347,313,390,356,293,306,394,311,268,289,319,331,421,365,312,323,388,326,305,415,354,315,298,409,325,405,294,393,306,362,310,304,400,360,314,321,399,351,310,427,377,340,323,299,421,374,346,306,382,353,364,302,380,341,302,304,396,365,292,300,384,350,302,308,376,325,288,406,319,295,411,327,288,395,331,295,442,320,362,316,299,270,305,302,408,326,304,443,367,360,294,356,313,290,319,394,341,298,334,394,345,292,317,297,390,348,309,317,310,390,352,297,327,401,311,299,403,329,287,424,356,305
298,323,394,313,320,414,449,404,365,455,399,281,308,416,353,452,395,297,270,402,318,417,493,423,287,298,392,349,298,303,372,318,287,409,335,295,425,338,462,418,394,323,373,369,302,385,363,304,403,354,345,348,451,405,341,337,451,421,343,313,291,398,303,485,429,379,293,293,313,389,307,274,323,334,309,435,320,303,426,307,296,443,318,370,313,292,403,323,303,437,370,368,295,376,367,302,390,355,320,385,371,314,392,346,305,374,367,318,410,355,343,305,294,383,314,279,405,328,286,390,324,287,409,330,301,455,315,376,302,290,401,318,308,428,369,314,419,362,349,306,383,352,438,451,372,378,438,375,465,411,376,445,378,447,414,375,289,377,334,295,317,300,394,357,305,423,370,311,396,354,343,308,319,298,404,366,303,413,377,301,387,370,300,418,302,381,373,308,296,378,307,270,323,336,429,353,458,393,296,282,387,357,333,435,364,298,383,346,307,318,390,360,300,300,296,413,361,343,310,330,295,417,311,385,385,313,395,372,313,390,352,289,300,286,373,361,314,331,397,301,308,417,366,309,407,356,343,294,402,316,397,341,341,312,297,402,343,295,292,383,319,295,406,319,307,440,323,389,366,363,316,392,365,304,403,347,331,312,289,396,361,307,393,354,300,397,359,343,293,312,305,391,349,294,320,390,336,308,351,296,391,354,304,334,300,394,355,301,334,404,349,315,312,405,357,348,301,387,366,353,311,379,350,293,291,400,304,261,281,328,331,418,366,294,321,396,330,295,420,347,302,297,405,331,403,301,389,324,367,304,289,405,363,308,328,401,371,313,427,359,343,298,285,422,362,355,306,394,354,356,296,368,353,307,310,398,358,282,307,370,362,290,292,383,323,300,399,325,301,411,328,301,399,320,286,444,332,365,308,287,269,307,305,402,339,315,431,360,362,304,364,321,313,323,385,348,296,330,408,366,308,324,301,384,351,292,334,307,384,340,303,321,396,313,292,410,329,295,415,358,313
293,327,388,317,313,408,447,406,347,474,392,290,315,406,347,453,407,291,272,389,303,414,496,413,275,288,396,349,300,308,367,315,298,390,322,300,426,352,462,414,390,308,384,386,300,396,353,317,404,370,359,349,448,414,351,340,452,413,354,312,296,408,292,480,420,379,301,300,313,396,301,290,327,331,315,415,324,301,418,316,303,442,312,374,317,288,404,321,301,436,378,364,316,381,361,315,378,360,317,384,363,319,387,364,313,387,374,308,404,362,335,298,304,381,318,301,409,310,298,391,333,286,408,329,296,445,313,362,300,289,411,309,296,427,358,315,397,361,360,310,381,339,430,443,371,362,436,377,459,426,377,430,375,439,407,364,299,356,347,302,316,294,399,368,296,406,371,304,401,353,351,309,312,303,387,357,309,416,362,293,391,351,295,407,317,391,361,306,311,383,308,269,319,325,415,365,456,400,309,288,402,370,311,435,374,306,383,351,308,308,391,354,309,315,300,407,368,346,298,314,292,414,313,383,402,312,383,368,308,391,360,297,313,293,391,353,308,323,393,310,304,417,365,307,409,353,351,312,409,313,389,352,346,315,307,402,353,307,297,379,325,293,395,324,304,446,325,391,377,351,309,368,357,304,397,365,347,305,304,393,370,313,385,371,301,408,374,338,313,312,295,396,359,303,331,390,354,289,340,313,377,348,298,324,315,380,348,294,348,407,348,306,310,414,376,357,300,378,363,362,303,370,355,300,307,390,298,261,284,319,323,415,366,292,309,405,317,301,415,364,295,307,410,329,394,303,395,318,367,307,299,413,360,309,327,403,373,298,408,369,335,302,288,416,367,357,294,388,370,358,298,380,334,314,307,400,356,305,317,383,357,308,296,374,326,298,399,330,283,405,323,288,421,325,298,436,330,363,313,290,281,306,297,398,330,300,438,379,349,287,360,316,318,306,390,354,294,344,406,363,302,316,294,382,352,295,337,308,388,348,304,342,390,316,280,413,331,296,416,367,302
304,326,390,303,309,433,444,412,354,453,402,285,310,414,351,457,393,292,267,397,318,413,508,417,274,296,392,352,309,303,377,314,286,401,325,294,432,366,474,421,399,308,365,368,303,387,361,301,413,362,354,336,440,408,359,341,435,410,357,304,282,393,303,475,422,369,302,292,314,387,293,287,318,334,321,422,326,287,425,331,293,450,325,373,317,309,399,319,300,443,351,351,304,382,368,313,388,374,304,393,372,291,386,359,308,390,373,301,416,359,351,290,293,380,322,290,405,310,289,412,334,305,404,320,303,445,313,357,307,304,395,313,291,417,376,309,401,360,369,312,381,343,428,458,387,364,429,384,467,421,357,444,385,453,414,358,294,369,335,288,320,300,393,356,294,414,369,305,398,351,334,291,310,299,410,373,307,410,359,305,388,372,314,413,311,386,361,299,291,395,306,271,329,328,430,371,473,402,289,301,384,358,312,431,369,303,377,345,294,315,396,362,318,320,292,408,359,348,306,316,285,421,308,381,384,324,383,357,306,393,371,286,308,282,378,354,301,350,406,320,300,417,366,297,413,354,330,312,408,309,382,357,337,311,311,374,350,291,293,382,327,288,393,320,303,457,328,395,377,356,319,381,370,314,400,350,348,294,298,398,382,303,393,367,302,395,356,342,299,316,309,388,360,300,319,389,341,294,345,317,377,352,292,333,311,378,358,295,329,396,360,298,315,412,379,362,326,374,362,359,306,380,357,302,315,400,303,262,272,324,321,424,369,303,317,389,316,299,411,355,296,302,414,321,406,303,406,313,380,297,293,412,363,300,324,394,370,305,430,362,334,305,300,425,364,363,312,378,372,345,297,369,346,309,316,392,358,295,316,389,350,308,313,385,317,281,400,328,304,407,321,292,403,316,288,449,315,361,314,290,287,312,308,413,331,313,429,369,361,300,348,329,307,302,394,351,298,329,409,355,301,325,301,387,354,290,333,314,371,349,298,323,392,315,288,391,327,292,413,352,309
308,333,394,313,314,415,446,403,353,468,395,295,308,409,361,451,402,292,274,391,316,417,509,422,280,282,402,357,312,300,374,317,292,412,328,299,421,360,460,415,387,316,380,369,303,400,368,296,398,365,365,335,454,422,355,326,442,409,348,303,286,408,302,475,421,383,304,293,318,387,310,277,320,329,307,420,328,294,423,331,294,446,328,367,309,307,402,312,310,428,375,354,313,385,364,293,394,364,308,390,372,298,401,354,304,402,360,300,394,355,335,294,295,378,309,293,395,311,298,403,319,285,400,322,306,458,318,365,310,292,410,316,301,416,381,304,402,374,359,314,394,338,428,446,387,370,433,376,463,398,379,447,386,457,424,355,309,355,349,299,318,308,397,356,299,398,371,307,402,352,336,305,328,300,389,370,307,409,363,308,394,382,302,422,312,367,356,306,292,370,306,270,317,321,439,373,452,390,309,298,396,360,319,433,362,299,387,327,296,324,385,348,302,316,291,412,362,341,302,307,287,430,324,386,376,306,400,359,309,383,364,290,309,289,383,335,311,340,384,321,304,420,365,307,398,351,348,306,409,310,383,357,331,304,307,379,351,304,303,377,301,300,398,322,307,444,327,394,358,370,305,381,368,302,401,361,349,318,303,409,373,297,395,361,311,408,362,340,295,302,307,386,346,298,325,403,348,303,357,317,383,343,299,339,315,388,357,299,338,412,351,295,320,417,374,365,297,404,360,342,313,375,348,296,318,396,301,276,281,328,314,433,374,278,324,410,311,301,406,356,310,311,414,324,400,324,395,320,388,309,300,401,356,301,331,398,371,305,439,362,347,309,287,399,365,357,304,381,372,361,307,372,351,308,320,399,354,305,319,382,358,287,286,373,318,284,412,326,297,389,332,292,398,319,290,444,312,376,310,282,273,292,302,391,322,308,429,385,364,294,367,316,308,307,384,346,297,333,417,359,307,318,308,384,353,278,323,303,385,347,302,317,390,307,294,406,317,311,416,365,307
302,335,393,313,296,421,461,412,370,461,393,288,303,412,346,450,387,295,289,407,306,423,497,409,283,299,393,341,294,300,382,309,295,396,324,294,432,360,464,420,399,324,375,378,312,392,360,302,401,358,349,352,440,419,356,340,446,412,341,301,295,402,298,486,435,381,311,303,311,394,303,274,326,349,304,421,321,297,432,317,294,461,334,373,307,309,405,318,307,428,379,357,311,370,375,298,388,349,305,387,360,302,394,361,312,381,360,312,401,353,348,301,285,384,308,296,396,333,294,416,323,301,406,324,291,444,315,372,311,294,390,316,305,421,375,311,396,362,375,323,387,357,428,437,375,376,425,382,462,412,382,456,384,453,422,364,308,362,341,300,325,309,384,372,314,413,360,309,397,364,344,314,322,307,379,375,298,422,353,303,394,356,287,405,308,380,359,298,302,386,306,275,327,333,436,368,479,388,297,285,386,367,317,428,382,310,385,349,307,305,410,356,303,320,309,419,366,343,316,306,292,414,318,393,385,317,390,365,299,392,367,290,313,300,376,348,310,329,396,309,303,427,376,310,408,367,335,305,409,308,392,352,341,310,297,392,357,284,299,371,318,282,411,323,289,431,330,390,377,363,316,386,377,310,409,349,343,312,296,402,360,319,405,367,311,395,353,348,289,312,307,394,351,297,325,393,347,302,341,303,389,334,304,335,309,379,355,285,325,402,351,304,305,402,375,361,303,387,357,362,308,375,340,285,292,393,301,268,274,321,310,433,369,291,321,383,317,307,411,372,305,300,423,327,401,306,401,323,373,306,310,417,368,295,328,402,371,298,425,371,330,309,302,417,383,367,300,390,359,354,302,372,358,300,313,393,368,309,320,394,351,308,291,376,320,302,402,332,300,397,318,302,405,324,296,437,314,357,309,293,273,294,302,388,317,318,425,360,356,294,363,316,320,317,399,343,301,336,406,364,307,316,298,383,339,318,324,302,384,363,302,331,393,318,288,406,336,296,424,360,308
301,329,391,312,308,423,453,399,358,461,397,294,312,415,355,457,383,287,275,397,323,414,491,425,295,290,386,353,303,293,390,322,299,400,324,294,422,359,466,408,393,321,383,383,294,415,367,293,396,372,371,333,454,403,358,336,427,417,356,302,275,401,307,478,413,378,301,314,319,385,293,280,312,337,311,409,324,298,428,322,302,451,313,363,304,301,402,316,308,438,374,358,303,378,365,295,381,358,291,377,353,303,383,363,298,381,375,306,399,355,345,312,299,384,322,293,406,322,302,399,328,290,390,331,289,449,312,354,318,295,389,315,304,421,375,309,409,345,350,309,394,343,430,453,377,366,429,388,464,416,387,444,377,450,425,367,297,371,346,309,334,316,399,366,299,411,367,301,397,346,337,304,309,289,380,364,303,423,374,313,393,353,300,409,308,375,353,303,298,372,296,279,336,314,432,366,447,393,294,305,392,367,323,442,366,308,380,363,308,302,385,337,309,326,297,400,350,337,305,320,295,418,320,394,383,311,387,365,304,390,356,296,318,293,378,347,315,335,390,321,304,423,373,311,403,363,344,318,402,313,399,356,342,317,295,387,353,296,301,375,311,291,396,326,297,439,315,388,371,362,320,390,364,297,402,345,347,305,297,390,361,311,392,355,310,390,348,348,307,310,294,405,363,300,333,388,355,295,342,315,392,352,306,336,298,387,340,301,326,405,355,308,311,404,365,351,315,388,371,358,300,383,358,298,301,393,298,254,293,318,325,421,368,309,329,400,320,309,420,357,299,321,410,321,401,301,386,339,382,308,307,407,355,309,331,404,358,298,425,365,341,313,297,412,364,351,307,389,371,350,303,374,353,290,322,397,357,291,310,386,371,297,303,376,325,282,404,328,283,409,322,280,385,332,312,445,326,354,306,289,272,305,308,395,323,323,428,370,358,291,360,306,302,322,377,344,297,324,407,347,301,303,305,383,351,300,336,302,378,361,296,313,400,318,302,418,322,298,413,340,307
295,333,394,319,308,422,461,409,359,459,397,275,308,425,356,449,407,298,276,396,327,406,498,422,290,280,382,358,300,304,383,327,284,397,333,297,421,356,459,408,377,305,374,364,311,401,371,314,406,367,357,340,463,404,339,342,444,403,344,303,305,406,301,491,419,381,309,297,313,381,306,279,332,344,309,410,314,296,424,326,283,447,322,370,322,294,410,311,311,435,362,364,315,378,367,302,389,358,313,380,368,310,388,352,311,392,363,311,405,361,339,303,287,382,312,301,395,325,284,402,338,288,395,317,295,447,317,360,304,296,389,315,290,424,354,316,397,355,349,313,380,348,430,457,384,359,426,375,463,426,379,454,384,466,409,369,306,368,345,306,321,294,399,377,296,404,377,299,408,368,339,312,307,296,404,373,303,414,376,299,394,361,294,411,321,374,374,307,293,369,305,270,319,326,434,374,461,406,292,303,384,375,316,423,363,302,379,340,313,318,381,365,303,313,294,421,359,343,314,310,295,405,327,383,386,322,394,355,305,395,368,292,294,293,375,336,310,343,401,312,305,420,362,301,393,354,352,318,400,327,400,352,334,300,295,401,350,290,295,378,330,291,406,314,295,436,322,388,369,357,305,377,361,305,404,364,338,302,298,389,362,305,389,355,307,403,351,351,311,310,288,400,353,297,327,383,343,314,339,324,379,341,297,328,311,391,336,296,330,414,361,310,314,403,371,368,301,378,366,341,310,357,342,298,296,397,301,273,278,322,309,436,367,300,319,395,318,294,416,350,297,304,407,329,399,299,397,312,373,304,287,406,370,297,317,398,352,293,426,367,347,317,300,415,359,361,307,392,368,356,323,380,345,295,315,390,350,293,311,383,357,296,306,373,318,299,396,328,295,405,322,289,395,314,291,440,322,371,306,289,276,292,305,388,316,312,443,381,355,297,359,308,316,324,385,344,290,328,394,348,312,319,287,370,348,301,333,308,395,347,308,320,374,317,289,398,321,306,413,353,313
297,329,389,318,294,421,449,407,350,467,412,286,300,420,346,450,410,302,279,394,314,419,498,414,281,287,388,351,305,303,374,331,298,409,317,298,423,351,453,415,390,312,374,365,309,393,367,297,399,370,347,349,453,405,343,331,452,421,344,302,289,401,307,485,431,390,307,304,330,384,301,283,312,348,307,422,332,292,428,324,302,452,306,381,319,291,400,320,295,434,380,348,295,369,367,303,392,370,305,386,359,303,393,375,308,386,371,303,394,356,331,298,290,349,303,282,418,321,303,400,318,299,402,326,297,445,323,374,315,299,394,313,294,415,363,302,405,357,349,301,377,352,427,456,383,355,423,385,473,409,377,445,380,453,415,360,291,369,352,304,308,304,391,369,308,402,373,309,408,360,353,304,302,289,388,371,296,421,369,306,390,360,312,409,311,372,346,299,288,373,301,281,324,326,438,362,465,390,310,291,393,356,323,426,361,303,404,336,310,317,390,361,307,321,297,405,356,348,314,317,279,411,304,387,384,317,386,368,301,388,350,298,311,292,379,342,317,344,394,313,292,421,372,299,406,346,344,314,404,306,397,341,349,312,306,395,341,295,297,383,315,284,401,315,317,445,336,384,361,371,301,380,361,292,400,351,345,310,301,386,357,316,389,359,299,394,352,344,306,309,305,391,363,301,326,387,358,308,341,308,383,352,289,334,309,384,356,296,336,408,343,307,289,418,378,359,304,379,357,355,313,376,346,305,296,391,324,269,289,330,319,425,370,313,334,388,324,295,410,359,288,313,411,314,396,318,393,315,374,300,296,399,379,303,325,385,363,311,425,364,332,302,301,416,363,366,304,404,353,357,310,377,335,300,298,397,359,316,315,389,359,307,294,368,307,288,409,309,288,403,331,293,413,303,300,437,333,370,318,293,276,299,302,407,315,321,423,372,353,286,356,319,308,309,385,351,307,334,414,344,311,315,299,397,343,289,338,305,382,351,301,328,399,323,285,398,323,291,412,360,300
308,338,395,313,302,430,464,403,360,461,404,289,309,404,366,456,398,301,284,390,317,410,508,422,283,296,389,354,302,312,383,322,286,410,332,288,425,355,467,410,400,301,389,353,306,389,360,317,394,359,350,342,431,405,344,351,452,412,346,301,295,401,305,471,427,379,318,289,313,378,312,277,333,332,311,415,322,285,426,312,295,456,316,374,308,308,397,326,308,434,388,363,302,381,376,293,384,375,312,398,358,294,401,362,304,386,361,296,411,336,332,302,298,373,318,292,401,318,293,400,328,300,395,317,294,443,323,358,306,286,395,327,297,432,362,318,408,367,357,310,381,343,434,458,381,377,427,372,457,423,358,444,388,452,431,372,299,373,341,315,312,286,401,361,306,428,385,310,400,356,342,307,329,300,400,379,307,419,379,306,380,362,304,404,308,387,362,309,288,388,297,273,324,337,421,368,453,406,307,278,374,372,320,428,377,301,382,332,302,311,387,348,305,317,297,404,357,339,303,324,287,405,319,382,376,312,395,357,297,381,373,295,299,286,369,352,305,345,395,315,297,425,365,297,400,364,348,319,407,312,391,351,334,309,317,394,356,299,296,387,325,297,399,311,290,441,321,397,367,353,320,374,369,313,400,366,345,296,302,407,372,305,386,360,302,395,350,347,307,315,295,401,364,310,323,383,356,308,341,298,384,352,301,329,307,377,346,312,327,413,363,310,322,399,386,349,309,390,364,354,310,359,347,306,289,400,308,267,293,320,318,419,352,306,315,399,304,301,409,346,298,299,428,325,417,313,389,297,368,321,293,420,365,287,327,389,350,301,429,365,338,312,297,400,366,363,306,393,353,353,314,391,339,303,308,394,344,296,303,374,369,298,300,377,318,291,398,316,293,389,310,295,399,322,295,449,336,356,306,288,290,307,294,400,321,309,441,367,352,292,363,320,309,317,376,361,295,347,416,376,300,322,291,381,354,288,321,306,378,351,288,328,399,303,285,410,316,308,415,363,302
300,333,398,312,298,427,461,426,358,456,380,284,311,399,352,476,388,300,272,407,320,404,498,420,289,296,393,339,299,316,376,297,296,391,325,310,433,355,458,420,393,314,382,367,307,401,374,301,395,370,358,348,446,408,352,326,437,424,346,308,301,404,293,477,429,382,302,312,320,398,304,271,313,333,317,432,327,299,419,310,299,433,312,384,310,291,394,313,306,438,369,362,300,388,349,317,388,360,300,380,358,309,392,352,304,383,368,309,398,349,358,306,298,381,320,275,391,320,297,401,310,295,397,325,297,443,318,362,316,294,394,308,296,419,367,319,399,359,352,310,392,347,430,455,374,366,431,381,465,427,365,436,379,447,414,364,312,361,344,312,322,300,397,362,309,412,359,295,399,349,340,304,311,302,402,377,294,397,377,298,390,357,310,415,305,378,377,302,303,366,313,281,324,330,428,360,448,395,314,290,391,360,332,424,375,319,381,352,311,316,399,358,303,314,310,408,370,338,315,318,287,408,317,378,382,318,392,376,300,396,359,291,312,299,373,340,301,337,397,322,290,419,365,302,402,353,330,317,399,311,397,362,341,297,307,399,352,303,307,371,302,304,408,324,283,439,334,394,368,354,313,388,372,298,419,355,343,314,301,395,377,290,396,343,306,391,365,348,310,315,312,393,356,297,327,382,349,300,338,301,384,348,299,348,304,375,343,301,321,398,356,314,308,419,371,368,309,393,355,356,317,372,342,297,313,389,306,266,293,333,329,445,379,296,317,399,330,299,418,365,310,317,421,320,413,300,387,316,369,318,296,407,360,296,330,408,370,296,417,369,345,293,294,411,368,358,311,388,363,343,303,371,346,303,302,390,367,299,319,394,357,301,296,378,306,288,408,317,288,396,314,303,406,326,297,450,320,362,310,298,270,290,302,410,337,307,434,380,363,295,350,318,305,318,388,357,310,327,410,347,306,319,287,396,330,305,339,301,392,345,301,347,394,316,293,411,319,302,406,348,310
296,328,398,314,306,432,455,415,351,462,385,285,298,410,345,451,392,299,284,401,316,402,497,423,293,290,399,358,295,304,367,328,295,396,321,295,430,360,463,416,378,312,385,365,310,390,354,303,405,368,347,348,443,417,353,322,441,407,345,295,285,406,304,493,420,373,316,295,316,396,306,284,309,339,317,418,313,294,422,322,315,452,331,377,310,309,406,316,298,437,376,358,322,374,364,298,386,361,301,396,374,295,390,357,312,377,363,308,407,354,354,310,297,379,326,284,398,315,292,412,317,300,412,315,284,457,321,366,313,288,401,308,289,413,367,313,399,360,362,299,382,351,446,456,371,371,427,380,462,425,360,431,369,450,428,358,301,376,346,292,320,285,393,366,300,406,373,306,390,367,336,300,314,303,389,359,309,427,370,304,388,364,307,400,303,381,358,307,294,376,312,265,313,331,428,367,461,396,302,288,390,369,309,421,357,313,381,354,296,321,392,352,314,321,300,410,354,327,301,323,288,413,321,375,383,309,397,365,296,379,363,311,304,284,372,356,305,346,400,316,302,429,374,306,394,345,345,307,389,305,399,362,350,304,295,375,352,304,294,368,311,294,409,324,309,444,329,389,369,364,309,387,354,315,392,351,346,325,308,393,369,303,393,363,300,402,352,350,297,309,304,399,365,297,332,376,353,298,333,312,395,339,301,326,303,396,346,293,343,406,357,304,315,414,375,358,321,389,369,356,300,375,353,302,297,394,308,260,281,311,315,414,365,302,321,409,318,307,403,356,302,302,408,332,397,311,392,307,368,302,301,423,375,310,343,400,366,305,414,348,343,292,306,414,357,368,300,383,366,357,307,376,357,294,324,389,350,305,295,388,335,300,296,379,314,299,394,326,283,397,315,280,409,322,294,452,322,363,302,287,289,299,311,405,315,308,443,376,363,291,365,311,309,317,395,350,300,332,395,364,299,331,293,378,342,289,326,327,390,347,307,325,395,328,292,403,324,296,396,356,302
310,335,389,308,298,432,468,415,360,467,400,279,289,427,347,451,390,295,277,405,320,409,499,403,299,283,389,361,291,298,379,304,282,404,316,305,421,349,456,406,396,327,358,365,303,407,364,305,405,370,349,344,453,419,361,349,452,419,342,295,292,413,303,484,409,377,311,308,329,401,302,274,321,330,314,405,324,299,409,311,285,455,320,377,321,300,402,330,301,429,365,354,299,377,364,295,390,363,304,405,377,294,400,362,305,395,359,297,404,353,363,301,282,377,318,279,400,328,290,403,328,285,394,319,308,444,313,369,302,293,400,308,297,420,375,300,397,358,359,292,376,337,433,456,391,367,430,375,475,424,377,452,378,451,408,374,295,379,344,293,323,290,397,365,303,411,368,299,399,362,336,304,304,283,391,361,308,425,371,309,378,362,306,410,315,373,360,299,296,381,307,268,327,324,445,364,462,409,296,287,392,363,321,424,380,299,380,345,304,328,400,361,302,314,286,415,360,336,306,317,289,404,314,387,385,311,408,359,306,391,357,296,308,276,366,354,306,337,389,319,300,418,355,297,401,355,346,312,412,309,397,350,343,317,292,389,350,291,311,369,326,310,402,327,282,441,328,394,371,349,296,383,371,304,399,336,330,296,296,398,361,303,399,364,297,411,353,334,296,306,290,385,366,311,324,394,352,299,331,309,375,346,309,341,303,383,349,293,324,403,367,297,308,400,368,350,312,393,371,357,302,369,341,303,298,406,309,281,295,332,326,440,365,301,315,393,335,300,411,352,295,307,416,320,399,310,381,312,373,298,307,412,359,300,332,392,370,319,410,371,334,307,301,418,387,362,303,392,370,360,315,372,353,296,304,396,358,296,310,395,359,292,297,375,322,293,408,330,289,412,320,293,391,311,305,440,314,370,302,282,280,308,296,393,321,322,435,371,358,299,354,323,303,307,381,369,302,328,403,363,306,310,309,389,341,304,327,313,378,347,290,318,387,314,293,391,324,297,406,360,303
300,330,385,303,299,426,457,407,368,472,392,285,299,416,345,450,392,296,280,389,319,409,503,416,282,299,385,358,295,293,380,311,279,406,313,306,419,352,457,416,372,311,379,357,318,378,361,306,407,372,354,356,449,380,348,329,447,403,356,304,277,393,296,478,422,395,308,298,309,393,312,281,312,342,317,421,314,294,421,334,304,440,321,373,324,299,405,318,311,450,374,362,308,385,369,304,383,355,300,392,362,322,387,349,311,386,368,296,412,357,347,294,282,379,327,297,405,320,288,404,316,290,402,333,293,451,315,358,313,275,394,309,305,431,372,321,393,368,362,312,383,338,437,449,387,372,438,384,469,419,371,442,375,457,425,360,285,377,349,304,326,290,381,369,302,417,381,310,403,360,340,296,304,311,399,361,302,415,374,302,384,354,297,417,308,374,365,312,301,392,307,272,326,319,425,360,470,392,303,307,394,362,322,437,374,295,393,338,293,318,393,347,310,324,291,415,369,348,311,326,289,419,325,387,384,337,395,370,314,393,345,299,313,270,388,354,306,340,377,330,295,420,370,325,411,362,346,309,397,319,390,360,344,327,297,379,352,294,299,381,317,281,403,307,298,440,327,394,386,368,308,378,361,296,401,349,357,309,288,399,357,298,399,368,307,393,362,350,310,319,295,396,353,301,330,396,345,306,356,301,377,352,287,329,310,388,345,299,326,412,361,303,300,413,377,360,311,384,354,363,314,365,346,293,291,404,309,262,285,326,324,431,360,299,310,401,311,299,421,357,318,291,408,319,402,311,382,309,381,308,301,414,362,312,329,403,361,288,436,366,344,298,312,413,374,356,304,394,369,355,301,364,343,304,312,407,339,301,310,386,349,300,289,378,326,286,394,330,291,399,316,293,398,316,295,440,315,362,307,290,283,313,303,394,329,312,428,362,356,294,354,311,319,330,392,359,305,326,412,363,309,321,285,393,343,302,329,316,380,362,298,321,403,321,315,401,336,310,411,357,302
311,335,406,328,311,425,453,407,354,460,394,289,312,421,361,456,406,295,285,403,326,411,499,408,294,286,368,371,299,305,382,321,295,396,334,307,426,367,476,420,387,310,384,359,302,394,366,293,403,383,347,341,450,408,349,330,426,431,354,303,296,395,301,470,411,381,308,308,310,397,304,282,319,334,324,415,331,296,423,317,295,459,331,374,315,296,390,310,294,440,375,354,306,374,369,313,386,374,308,398,362,306,393,360,308,386,372,305,398,355,353,301,284,384,312,296,404,318,295,395,320,296,410,316,305,440,317,365,307,291,394,315,296,421,351,308,391,355,360,298,382,344,416,452,380,371,440,361,484,422,361,445,379,455,419,352,306,367,341,304,315,304,387,374,299,415,369,298,400,352,346,303,325,296,384,360,299,424,368,298,399,362,298,401,309,385,362,300,300,373,299,262,316,327,420,363,458,390,303,289,400,375,304,426,383,308,382,351,293,312,385,370,304,331,301,415,360,352,293,316,292,394,321,397,390,307,394,355,300,386,350,296,312,276,373,354,304,328,401,318,300,413,365,310,396,355,345,306,403,313,396,355,333,312,316,383,353,311,299,373,312,291,397,330,314,440,326,405,362,363,310,384,361,297,395,360,332,291,293,385,359,296,394,356,310,399,354,335,294,314,300,400,359,301,322,399,345,292,347,317,379,347,292,330,310,389,347,293,338,403,363,305,311,415,381,360,299,378,363,365,306,371,341,297,303,400,308,271,295,322,332,415,375,297,323,388,317,298,413,359,309,296,411,329,390,300,404,324,369,321,303,406,348,314,325,394,368,307,429,364,344,308,306,415,352,356,306,401,364,353,307,374,345,312,311,400,358,295,302,393,361,299,295,377,315,281,397,331,289,410,324,283,411,308,299,453,315,358,302,302,270,296,304,392,319,330,429,365,362,294,377,315,314,304,380,344,306,316,410,347,313,321,304,388,344,294,342,315,370,353,286,327,402,321,301,395,332,307,422,361,297
300,335,393,306,325,417,451,405,357,454,384,279,309,403,347,447,395,288,290,395,325,406,498,414,284,297,381,350,295,303,378,333,288,403,328,289,412,362,442,407,391,300,375,364,302,394,361,300,394,366,345,342,446,414,351,331,441,418,358,309,271,406,302,478,427,376,303,309,298,378,300,280,309,322,312,431,322,291,426,317,294,452,322,369,304,304,392,316,298,440,383,368,309,369,366,310,392,368,304,394,363,305,383,368,307,385,351,294,400,352,342,308,297,374,319,290,402,312,287,400,327,297,404,315,291,446,330,363,304,290,393,319,303,414,380,303,400,354,360,301,380,340,433,450,378,371,427,382,460,412,372,441,382,458,410,358,312,374,354,292,326,301,391,368,310,403,367,312,405,362,328,303,304,295,376,374,299,411,371,309,385,362,295,408,310,370,362,297,299,372,296,268,335,341,427,373,465,385,298,288,391,362,335,415,381,307,387,351,315,308,391,358,314,320,300,401,363,345,307,316,298,409,316,391,378,313,380,368,301,387,361,311,306,300,388,354,310,337,398,315,297,443,361,310,395,358,339,304,420,316,378,350,344,308,302,401,342,291,309,369,317,278,394,330,291,446,332,390,371,363,321,392,354,302,398,354,341,311,298,401,365,315,386,366,314,399,352,336,292,309,296,391,361,291,328,392,362,289,331,310,380,360,302,340,302,387,340,294,330,409,358,298,308,402,373,362,324,397,349,361,306,375,350,300,318,388,305,267,289,316,320,428,374,296,329,399,317,301,409,346,315,308,405,324,387,305,405,319,369,312,292,400,373,301,327,404,360,307,423,358,340,302,302,406,374,346,303,391,362,338,295,371,341,305,328,376,350,297,303,378,353,295,301,372,315,303,396,318,285,406,324,299,405,322,296,451,311,366,304,295,266,303,300,408,329,330,429,382,365,298,360,319,308,305,385,349,290,331,402,362,298,313,293,399,337,296,334,314,388,359,304,321,395,322,291,405,320,296,405,356,322
281,328,391,312,310,415,457,414,361,450,400,292,305,414,353,459,402,292,289,406,319,412,504,409,290,279,395,353,318,296,370,303,296,396,329,298,431,347,467,425,383,311,379,382,286,392,365,302,396,370,362,348,438,416,345,336,443,418,358,317,288,397,297,478,424,381,297,310,311,382,313,290,332,324,312,419,322,298,434,307,302,449,316,379,317,306,406,314,289,440,372,354,297,373,372,306,384,363,294,397,364,307,397,356,300,386,362,313,411,354,348,308,296,383,314,291,406,327,300,411,321,298,412,329,295,444,318,358,320,294,408,307,303,431,372,311,414,349,350,319,393,337,421,461,388,380,424,382,454,418,368,447,375,453,424,357,297,380,362,292,312,308,397,375,301,413,380,303,388,352,339,298,314,302,388,357,288,405,363,301,382,371,316,409,298,383,360,301,302,382,304,275,323,334,436,358,456,389,297,292,397,374,316,431,365,300,380,349,300,302,391,358,308,312,293,408,348,355,295,323,295,412,313,384,387,309,391,351,312,391,364,305,313,278,389,342,297,319,407,320,297,440,362,309,404,360,355,302,403,322,396,345,337,304,290,400,358,291,296,371,319,292,413,319,302,434,325,394,369,346,309,384,355,295,404,361,351,298,303,399,374,299,402,364,297,399,357,344,301,319,309,381,353,297,331,381,358,309,336,301,384,340,305,334,312,387,342,295,323,405,350,302,314,419,369,353,290,395,361,356,304,370,353,299,313,376,303,266,284,315,315,423,370,303,314,396,330,312,415,360,308,315,417,329,390,309,401,313,377,307,297,402,374,305,334,398,375,309,424,362,339,301,302,423,369,357,294,395,378,366,320,371,346,293,312,394,350,304,311,376,348,309,306,376,324,289,414,329,304,396,305,282,401,312,301,432,314,365,308,298,274,306,294,415,334,312,440,371,351,290,356,315,310,316,389,342,297,323,411,355,299,311,298,387,352,306,341,322,387,332,291,324,386,316,282,393,318,304,407,360,308
295,332,394,316,310,423,452,410,361,468,396,288,305,415,366,443,388,304,298,400,328,404,504,423,284,292,384,360,304,298,385,326,304,414,319,304,424,366,468,414,389,308,370,368,292,403,367,309,405,356,350,344,464,418,339,350,442,408,343,306,286,398,291,477,427,387,301,307,318,404,316,279,326,345,311,422,325,308,425,325,304,440,317,372,317,300,406,333,298,432,378,362,311,375,368,296,389,352,297,401,365,299,391,363,310,378,375,310,398,352,332,308,283,373,314,289,393,315,300,391,321,298,413,322,293,430,319,368,311,297,393,306,299,419,367,312,389,368,369,312,392,346,421,461,374,370,423,372,456,419,359,456,386,456,426,364,306,364,347,309,321,286,404,369,316,410,365,304,393,361,340,308,313,295,398,358,305,416,368,305,392,357,317,408,293,380,365,304,297,376,296,274,316,337,447,364,474,389,295,285,387,367,326,428,365,309,387,346,310,321,403,353,306,322,307,414,368,345,309,324,291,411,331,384,396,312,386,370,317,394,366,291,304,280,379,361,294,341,393,318,295,422,373,320,407,352,336,293,408,308,384,363,341,306,300,382,344,297,286,383,311,284,398,324,299,446,323,393,365,357,304,384,371,298,396,361,336,311,295,398,368,303,406,355,304,404,349,343,304,310,301,392,366,302,316,393,351,294,349,328,386,346,303,345,310,380,348,298,332,418,355,302,323,409,377,351,301,396,359,349,307,359,342,311,304,379,306,260,299,328,328,436,365,306,325,392,328,300,406,363,306,304,415,316,395,303,399,318,374,307,292,408,372,304,333,401,365,310,429,373,347,299,290,418,352,354,303,383,373,354,312,378,347,302,308,393,360,308,305,383,353,294,297,372,305,301,411,323,303,394,311,295,403,314,295,436,309,362,298,293,274,300,294,406,323,309,424,380,358,292,365,318,305,318,395,352,301,331,406,364,300,328,307,369,344,303,335,319,394,353,303,317,400,326,292,407,308,306,404,369,307
294,325,401,303,315,415,450,403,354,464,400,276,310,425,356,445,400,299,281,405,326,410,504,400,290,297,382,359,302,294,362,310,279,406,324,296,418,359,475,414,384,325,364,375,301,390,376,305,403,371,354,350,444,405,349,333,444,407,360,301,283,396,301,475,432,382,307,293,305,385,299,270,326,347,321,423,317,288,421,313,304,441,323,376,320,313,404,324,296,436,377,355,304,381,372,304,399,357,297,383,360,314,393,362,307,394,370,309,391,356,351,306,275,373,310,294,402,325,283,399,324,293,406,321,296,435,326,376,319,300,408,312,301,429,364,304,398,361,354,297,379,333,425,442,377,360,433,382,469,411,376,448,383,443,416,365,307,351,328,311,316,308,392,364,309,424,373,305,398,358,344,309,318,293,387,360,301,402,376,308,383,369,308,407,317,373,372,304,303,385,314,265,326,327,423,369,449,397,298,282,407,358,319,436,370,299,371,342,299,303,382,353,300,312,296,394,350,346,304,313,285,414,322,392,392,325,382,373,305,393,352,305,294,292,373,363,310,336,399,327,298,416,369,302,409,351,349,303,401,322,392,353,330,312,314,398,357,291,292,385,317,293,396,327,304,450,331,391,361,365,305,372,367,302,412,353,333,309,297,396,376,289,394,361,302,400,346,347,294,316,302,400,347,296,330,397,349,304,348,322,385,344,299,332,309,381,354,308,330,404,364,307,313,390,372,368,319,382,356,361,309,353,354,303,301,387,288,272,296,324,318,423,376,312,304,397,307,296,425,360,315,305,419,313,406,314,394,325,382,299,309,410,354,294,339,408,361,318,415,374,333,310,297,410,352,338,299,404,364,359,303,374,347,278,304,398,355,300,327,381,367,306,304,379,323,296,402,322,294,410,318,285,381,319,304,426,330,367,313,298,278,297,303,417,321,307,423,363,368,288,361,320,317,312,386,350,289,331,407,356,298,324,286,382,355,306,341,314,383,346,301,328,391,312,297,410,317,320,416,355,302
302,324,398,308,313,426,456,405,353,469,386,288,299,413,345,456,393,283,280,405,323,416,497,422,277,297,385,363,303,295,367,315,284,396,331,305,430,347,467,420,380,309,376,368,297,389,354,318,416,352,365,349,459,404,347,350,439,421,351,299,291,392,297,476,428,384,302,290,306,404,304,293,319,321,305,419,331,304,427,307,298,458,327,377,322,307,405,316,306,432,378,369,297,372,360,292,390,354,312,393,357,310,395,372,311,374,354,308,380,365,351,294,291,364,308,288,400,319,281,403,323,291,399,324,299,450,315,354,302,281,402,304,300,430,362,307,401,359,351,307,387,343,435,459,375,368,436,372,463,413,364,447,393,449,429,361,300,367,346,303,313,290,396,367,307,412,373,303,403,347,348,288,310,298,381,374,291,409,369,291,392,363,308,415,297,361,353,304,306,380,292,269,331,328,428,368,461,402,311,289,396,365,332,425,360,303,387,355,310,309,401,344,316,313,307,418,356,353,306,316,283,411,318,399,391,318,393,365,303,379,349,304,323,295,383,349,300,337,402,333,298,429,378,305,397,363,339,315,403,324,392,347,340,320,309,391,351,306,297,379,316,292,399,329,306,438,324,382,380,352,302,398,372,299,393,355,350,310,296,396,369,297,395,355,307,410,351,346,301,316,304,386,364,278,323,378,363,304,342,302,373,356,289,335,310,389,349,293,329,410,352,303,315,413,374,354,303,387,353,365,308,370,345,305,304,383,299,264,288,313,314,424,361,295,320,387,320,307,422,366,296,300,408,328,404,312,412,319,378,318,295,397,368,291,330,403,362,308,414,359,346,295,294,417,367,359,288,399,356,355,310,369,352,309,311,396,352,307,309,382,356,306,292,383,316,292,408,319,292,408,335,287,404,323,305,444,310,350,313,293,280,303,297,404,318,309,441,365,363,296,356,302,309,316,382,347,306,329,402,351,312,317,296,393,347,311,344,310,375,343,302,322,395,321,295,412,326,308,420,352,297
303,335,387,303,303,425,435,407,356,458,392,289,301,417,353,454,397,301,274,399,323,416,505,413,293,301,390,358,292,295,375,326,294,407,333,305,425,356,448,427,382,311,375,371,311,394,363,299,397,367,354,348,438,406,351,329,439,417,356,300,279,400,300,487,424,384,293,313,309,386,303,285,339,335,312,417,315,297,424,329,306,459,316,379,317,306,402,321,304,431,381,351,312,374,359,291,380,368,303,392,362,301,399,351,307,393,372,306,399,345,356,310,284,380,324,286,396,319,306,386,328,309,394,325,293,447,325,369,318,293,393,316,297,437,374,308,396,361,357,310,385,363,431,452,377,367,440,389,462,420,364,437,379,446,413,357,300,374,343,310,330,295,405,368,303,404,366,310,405,359,350,321,311,292,378,375,309,423,380,306,389,371,292,415,314,380,363,308,285,378,295,267,323,320,432,352,456,390,288,290,383,363,332,431,365,308,386,348,295,317,392,354,290,316,282,414,343,343,302,316,295,415,313,390,392,310,385,371,307,373,370,293,307,295,375,361,301,325,388,314,290,419,377,304,392,358,344,307,408,315,396,341,351,312,305,385,341,299,298,375,326,286,393,331,297,442,324,396,371,348,297,369,368,293,394,357,351,319,304,395,373,302,404,351,305,407,358,342,303,303,289,383,348,298,332,391,348,304,330,317,387,342,301,329,303,363,344,306,335,407,350,292,316,408,360,365,301,391,368,351,312,359,344,305,297,397,305,270,278,319,317,430,363,308,325,396,305,292,413,357,305,291,419,322,395,303,395,307,377,306,301,418,370,298,329,391,370,309,428,365,333,302,297,405,370,363,297,388,360,361,314,377,345,303,317,387,366,291,310,392,368,294,304,386,322,296,409,317,275,405,326,301,403,317,298,449,327,368,305,299,267,304,307,392,332,301,437,377,353,291,360,313,304,314,398,347,296,340,397,348,308,334,292,374,346,285,319,306,380,345,313,320,401,326,298,405,315,312,403,357,296
294,340,399,321,305,419,451,409,349,470,402,291,301,417,345,470,385,297,289,408,322,410,497,418,282,294,390,353,309,302,375,319,287,399,316,305,419,365,458,420,382,315,369,363,311,385,368,299,385,366,353,344,445,406,349,341,432,398,355,295,293,397,299,473,417,369,310,299,310,388,311,272,331,327,323,422,314,292,429,322,290,450,327,377,317,306,398,317,293,417,367,358,321,385,369,308,394,360,324,390,356,309,408,368,294,392,381,299,404,363,337,304,287,382,320,286,398,316,310,409,320,298,416,327,299,445,326,358,313,286,401,324,302,425,373,310,402,359,358,308,389,342,429,450,386,364,434,388,452,416,371,439,379,450,411,366,291,386,344,293,311,293,391,369,297,413,360,300,405,362,333,305,303,307,384,381,312,427,375,303,385,360,306,398,313,390,373,308,292,384,295,265,322,331,429,362,472,392,289,293,381,355,326,438,371,303,379,339,303,314,386,357,304,319,291,403,367,353,310,319,282,419,319,383,389,310,386,363,317,395,344,291,322,292,386,349,304,333,407,312,294,427,366,307,395,344,340,302,396,330,390,366,337,308,296,393,358,303,297,376,327,287,398,316,301,457,320,401,368,357,316,370,371,294,427,358,332,307,304,400,370,304,383,360,304,403,366,356,302,327,299,379,342,300,338,394,358,314,334,316,391,351,294,356,304,383,349,300,337,407,359,302,311,415,370,350,304,392,372,358,299,360,337,314,310,400,311,274,286,321,333,432,367,292,320,386,321,297,408,356,316,305,421,306,413,312,404,321,383,301,304,413,362,299,337,414,375,310,432,363,348,303,288,410,362,364,302,389,369,357,312,374,352,312,310,389,372,302,308,377,370,300,294,378,322,280,400,318,291,407,321,279,398,331,293,444,316,364,319,291,272,304,312,419,317,308,439,386,348,295,358,310,312,308,395,353,286,332,399,351,310,320,293,378,342,300,346,299,373,353,296,322,404,325,291,393,321,301,417,363,316
303,329,394,311,309,436,446,407,362,465,402,270,308,405,354,451,393,302,270,403,322,402,512,413,286,293,409,356,310,303,370,317,291,388,317,293,422,357,463,413,391,320,363,369,313,402,361,309,393,369,355,349,453,408,355,331,455,415,342,308,295,411,306,476,425,378,299,310,316,392,311,271,323,334,310,428,344,297,426,321,305,444,320,377,320,299,397,310,302,433,380,362,302,371,372,310,385,357,296,388,368,311,384,366,318,388,370,310,392,361,348,303,300,374,314,284,404,324,295,398,331,287,406,345,292,442,313,359,310,286,399,315,287,418,367,301,411,380,352,295,382,344,421,457,387,371,435,382,461,417,367,441,383,463,424,369,296,368,338,298,319,307,400,362,307,402,367,308,406,349,337,305,309,291,382,368,296,422,362,305,380,370,294,423,314,376,356,305,302,384,308,266,328,318,432,357,457,384,309,290,390,366,316,452,379,298,386,350,302,314,387,368,302,328,300,411,356,340,302,307,284,413,321,382,392,311,386,375,293,378,352,299,314,288,368,359,300,335,389,330,292,427,369,305,412,353,342,304,405,331,399,372,334,312,303,388,351,295,305,377,318,283,403,323,301,436,326,380,383,360,308,374,359,307,403,345,347,305,291,385,364,299,400,351,301,407,366,341,297,302,308,385,357,285,320,391,353,306,340,314,390,346,307,345,312,393,331,308,337,411,339,316,305,397,371,352,309,393,361,345,313,384,336,286,303,399,300,262,281,334,332,421,385,305,303,402,317,300,417,359,296,300,416,332,407,311,396,319,381,316,319,410,351,310,337,402,362,305,438,361,350,303,291,417,372,363,306,387,362,350,316,382,346,310,312,401,359,292,314,380,348,287,305,379,319,292,395,334,282,404,320,287,387,320,291,444,329,360,298,293,273,310,310,397,329,316,443,367,364,305,345,311,314,313,401,348,287,331,408,356,305,316,309,384,347,302,332,301,391,341,297,314,387,320,298,406,324,293,417,351,310
292,326,398,306,305,428,447,410,355,465,402,297,301,425,349,461,397,290,275,393,327,412,507,423,280,291,384,348,311,288,389,312,283,407,323,300,428,352,461,419,373,324,373,362,297,379,358,301,404,362,346,331,444,413,354,325,444,412,359,300,285,394,306,483,428,390,298,313,311,378,305,275,326,335,306,431,329,307,424,316,306,436,322,359,311,296,401,316,317,435,379,354,307,393,355,301,394,359,325,397,380,304,387,364,294,395,368,300,400,358,344,300,297,388,312,289,408,312,293,401,321,276,397,317,304,445,313,359,309,294,399,315,293,423,365,305,393,353,350,319,391,348,425,447,371,367,420,381,455,422,360,449,382,439,424,371,296,374,340,310,319,299,383,368,313,421,375,290,403,350,346,299,319,305,391,374,315,413,381,312,390,377,300,421,305,382,358,301,297,389,301,276,328,324,435,356,473,408,306,295,389,364,320,436,364,308,384,359,311,312,390,358,311,317,300,414,360,337,311,314,299,423,315,362,396,322,395,369,306,388,348,299,301,286,381,347,303,329,389,313,302,413,363,301,395,352,338,315,403,309,393,367,339,303,301,381,352,309,292,380,324,293,408,321,303,441,321,386,378,355,308,389,362,306,403,353,341,313,299,411,373,289,389,362,314,402,357,332,303,317,297,397,352,298,331,386,350,315,334,308,392,357,300,328,306,377,350,304,335,412,350,306,320,411,378,354,308,396,367,358,301,384,354,288,310,390,309,254,278,328,314,435,364,289,308,394,309,302,424,382,299,308,412,327,391,307,405,308,361,311,299,417,368,302,321,393,356,304,417,370,342,305,297,420,363,366,308,405,362,360,311,373,354,311,319,394,354,305,329,389,368,299,301,382,319,296,400,322,303,398,323,298,414,319,300,443,328,356,303,297,288,292,305,400,334,314,429,367,355,298,364,317,313,319,374,335,296,327,399,346,309,311,283,359,353,303,325,299,385,355,302,317,395,312,295,410,325,284,410,351,313
303,320,396,313,295,416,449,418,345,460,395,275,302,419,349,461,395,291,283,405,321,408,507,414,290,299,395,346,301,295,374,332,293,396,318,310,431,345,463,420,380,312,388,365,315,400,373,303,403,363,365,345,454,417,362,333,436,422,345,296,278,388,307,483,421,376,297,310,322,398,309,277,323,332,315,415,324,298,416,327,301,450,324,375,300,309,401,316,299,443,370,362,297,381,375,304,387,367,315,376,355,322,396,361,306,383,370,313,400,357,341,312,293,375,315,294,407,321,294,403,323,309,409,322,297,438,311,361,299,302,399,307,310,420,372,310,407,353,367,292,387,338,436,447,382,364,424,384,473,412,357,450,369,463,415,357,303,375,343,311,322,311,387,356,300,418,377,300,388,352,345,309,311,295,395,377,293,411,356,305,397,358,323,407,296,382,355,299,290,396,307,267,326,335,433,350,474,402,306,291,386,365,325,427,369,301,397,360,296,324,384,361,300,327,303,411,365,351,307,304,288,410,313,400,396,301,391,352,308,401,361,301,309,284,386,343,303,343,389,320,302,427,378,318,405,348,359,299,413,327,389,361,346,308,293,382,349,296,301,382,316,283,403,316,290,447,333,391,385,357,304,378,358,308,407,355,337,325,293,392,362,301,392,354,307,403,367,338,305,323,297,381,354,303,333,392,339,294,351,311,384,361,308,331,316,388,347,311,346,410,350,297,310,402,377,363,305,390,367,370,296,373,344,302,308,396,292,257,284,317,317,421,362,304,326,395,315,298,408,359,301,292,425,334,385,300,393,316,369,311,299,404,365,307,327,404,381,304,413,372,338,312,303,412,360,365,296,390,373,356,325,379,354,313,312,397,359,296,317,391,353,296,300,384,312,293,402,325,299,414,319,291,396,320,304,440,321,361,297,285,273,300,306,395,327,312,434,364,366,294,363,303,313,309,399,359,299,340,399,348,310,336,309,390,346,308,336,304,388,335,298,322,408,323,295,396,312,302,417,347,310
300,324,388,324,299,422,455,409,357,466,400,294,304,408,363,447,405,314,270,401,321,410,492,413,298,289,378,348,302,294,370,320,271,406,318,307,428,349,468,409,386,316,370,363,306,395,380,304,388,378,352,351,452,406,356,325,446,422,360,302,291,389,309,482,422,381,310,295,310,387,310,280,322,326,310,431,318,292,412,321,310,444,318,372,311,306,411,327,313,442,377,366,319,373,368,316,400,358,311,394,361,306,382,360,298,386,361,293,394,354,342,297,280,375,304,299,403,310,287,396,319,294,404,320,295,431,316,353,314,299,399,319,305,431,360,298,402,370,343,306,393,351,430,468,386,365,424,375,460,420,365,451,374,454,423,361,310,357,352,309,318,299,390,354,305,420,375,302,395,361,338,305,312,303,392,371,304,415,374,312,391,355,302,421,297,377,355,313,299,384,307,273,332,324,440,353,469,407,287,287,388,374,318,436,376,314,386,350,290,310,390,352,305,322,298,407,362,331,316,320,287,417,319,383,396,317,391,349,289,383,359,291,312,282,380,355,302,338,397,325,296,428,374,300,410,338,337,288,424,315,394,345,323,307,298,396,350,307,284,372,305,290,406,332,292,441,331,386,363,357,305,384,368,307,389,362,339,300,296,388,373,303,387,361,313,402,357,347,304,320,302,382,356,290,318,397,349,299,332,314,396,362,288,333,308,378,353,293,333,407,352,304,314,405,381,357,302,400,366,358,302,367,343,305,293,380,298,267,289,312,328,423,358,314,329,397,316,299,410,358,307,311,410,327,410,309,395,314,379,298,301,402,373,289,330,407,363,305,425,363,340,302,308,410,366,351,312,392,353,351,300,370,349,301,309,405,346,303,308,402,350,313,284,386,314,291,405,324,299,388,318,296,406,332,301,444,323,364,305,293,260,307,283,401,331,313,430,378,360,298,350,314,311,319,394,340,296,327,407,344,309,322,274,384,342,298,337,302,392,346,288,331,389,326,290,405,319,299,399,353,316
292,327,392,310,314,412,452,399,353,460,387,282,303,417,349,453,389,297,276,395,320,416,504,413,282,294,373,351,307,287,376,319,274,413,318,288,429,354,459,423,393,320,392,363,308,392,374,299,398,375,356,348,449,407,339,332,448,417,354,303,294,420,293,478,423,377,304,315,308,405,305,285,319,333,303,413,327,292,437,325,301,449,328,365,321,306,399,318,296,434,383,353,306,375,372,304,385,362,321,378,366,302,389,355,307,389,370,303,397,357,336,301,284,383,323,300,405,330,291,408,322,283,405,318,295,437,316,372,304,288,402,310,303,423,363,314,412,355,356,296,390,347,446,456,385,353,430,383,467,416,362,441,386,456,418,352,301,360,340,297,334,308,400,376,304,413,369,306,400,356,338,312,313,293,389,356,305,417,385,308,390,375,314,415,301,365,359,303,282,372,308,275,329,332,432,363,458,396,312,294,388,383,318,435,372,307,385,361,301,312,389,351,306,326,293,420,357,350,301,326,291,417,318,393,381,307,391,351,304,389,363,307,301,297,382,346,304,331,404,324,298,419,383,318,411,359,352,306,401,320,399,347,332,310,302,397,346,307,305,388,323,298,400,317,297,433,337,386,355,347,316,387,369,301,403,355,343,319,287,408,370,299,401,364,317,402,358,340,299,301,302,403,358,301,337,396,359,302,329,307,390,348,302,330,317,379,351,300,322,404,349,305,322,416,363,357,308,401,368,363,298,382,346,296,316,393,290,264,301,320,322,417,358,301,306,408,318,306,405,346,306,301,423,317,397,303,404,321,380,311,304,415,370,312,331,403,367,314,424,354,342,308,305,407,360,357,302,394,362,361,313,376,353,311,313,393,348,299,314,374,344,306,310,381,326,285,402,318,294,405,331,276,399,324,296,444,325,367,305,274,278,303,303,408,329,317,440,368,366,296,347,312,290,306,385,362,295,333,415,350,308,319,302,387,348,306,334,313,379,357,303,327,399,314,304,401,318,297,418,344,305
293,332,385,306,307,406,452,402,337,478,388,277,300,405,370,453,394,309,276,399,310,412,499,423,289,287,390,362,298,299,376,321,284,393,312,312,418,352,463,408,388,315,379,378,305,398,374,299,408,365,353,355,458,417,358,335,445,414,341,300,293,399,301,480,431,385,312,304,331,393,309,274,322,331,312,412,316,292,433,325,309,448,325,378,321,303,397,308,304,439,379,361,304,378,353,304,383,347,313,382,363,303,378,374,311,396,349,303,403,358,343,309,282,380,311,289,413,308,296,400,318,287,403,318,292,451,320,370,301,293,399,321,317,419,368,307,414,354,350,302,385,360,435,443,380,371,423,366,461,408,372,447,391,436,421,365,310,377,337,294,318,298,391,367,299,397,360,303,402,354,339,304,312,305,380,354,297,418,366,308,388,374,298,402,305,382,363,304,296,379,304,271,328,321,425,361,454,391,294,294,382,364,313,439,377,307,390,355,305,317,398,357,317,327,289,403,359,352,311,314,289,422,324,390,393,312,388,362,309,400,359,298,312,289,377,360,302,343,398,323,303,414,363,309,403,359,342,315,400,318,394,354,345,300,295,386,351,315,294,376,317,294,396,320,295,436,317,386,374,354,322,379,364,302,408,356,354,304,290,409,374,301,393,369,300,399,351,344,298,321,307,388,367,302,321,389,358,303,350,303,379,350,324,337,318,391,340,287,336,409,353,291,325,413,366,360,303,383,365,354,309,379,336,303,298,396,297,258,287,330,328,419,371,315,316,390,319,298,412,351,296,307,415,334,390,307,398,308,373,310,295,388,359,294,314,401,359,307,425,350,350,311,294,403,359,354,302,376,360,368,306,372,353,295,310,396,351,305,306,384,344,286,301,367,326,279,391,323,287,404,312,288,398,333,303,441,313,368,305,300,273,301,306,390,328,310,435,368,356,293,368,307,315,311,376,362,309,336,415,360,295,318,287,374,344,289,332,303,383,348,295,325,402,318,282,402,325,301,407,357,320
308,325,406,317,312,410,466,407,364,454,406,291,311,419,347,460,395,286,279,397,319,401,512,413,280,294,375,351,291,301,382,322,298,384,320,295,419,353,453,420,394,311,382,364,301,397,355,297,401,357,351,339,441,407,358,338,437,406,374,305,282,419,300,488,422,380,296,301,305,386,305,269,313,331,314,427,339,285,425,326,308,438,324,391,317,296,395,311,295,432,359,375,287,376,355,292,395,368,299,386,364,314,405,370,313,394,361,313,402,358,327,304,300,375,307,290,391,322,293,387,323,299,409,317,297,440,319,361,301,295,388,333,313,422,379,306,398,357,354,310,390,345,438,464,389,359,426,392,461,406,365,455,386,450,426,345,298,377,342,302,312,288,396,364,304,412,376,308,402,359,350,295,311,310,392,357,304,421,376,313,382,366,307,418,308,363,374,301,307,381,302,267,330,329,421,366,471,389,295,289,378,361,315,439,362,293,377,351,293,311,389,352,305,328,310,411,373,351,294,312,290,400,323,396,394,323,398,363,303,398,357,304,310,289,381,350,297,341,390,326,301,439,377,309,396,367,339,313,395,320,393,362,331,306,297,389,349,304,314,381,319,290,403,321,306,431,332,385,375,365,306,379,356,305,412,352,326,315,301,404,368,301,393,369,295,401,365,332,304,319,299,395,360,302,332,386,355,305,349,315,374,335,303,335,307,370,353,297,327,408,341,302,307,399,380,375,309,392,361,363,306,365,361,283,300,400,304,256,297,322,309,435,369,299,319,387,324,305,420,366,323,310,413,335,398,312,383,305,379,305,308,409,367,298,327,402,365,309,420,362,338,300,296,405,374,352,304,385,353,360,314,379,343,317,311,394,357,310,303,396,357,303,300,380,316,298,412,329,290,401,321,285,397,327,305,448,328,356,314,303,275,297,303,400,322,312,437,374,363,300,367,312,313,322,383,367,296,336,402,351,297,316,310,387,358,304,332,311,383,341,305,316,391,326,282,398,322,297,406,348,308
301,327,414,319,296,420,442,419,360,475,396,294,308,417,357,454,395,290,283,402,322,412,512,431,280,283,383,349,316,311,375,317,280,395,328,294,417,354,461,415,384,310,371,376,309,388,361,305,417,363,347,341,451,416,342,330,439,418,357,294,278,406,297,477,412,382,301,299,327,387,309,272,320,328,315,420,316,299,438,310,298,449,302,377,317,297,398,315,305,433,368,370,306,379,360,303,387,365,298,389,369,314,390,373,302,392,362,297,407,357,332,302,285,376,315,308,410,332,292,392,321,297,421,313,289,434,318,365,311,301,380,315,306,412,363,310,402,358,374,302,391,348,425,448,374,370,432,389,463,420,367,450,390,457,413,366,302,379,342,301,314,294,383,360,313,421,369,297,391,353,346,300,302,292,390,368,288,408,388,315,393,367,299,421,297,387,362,303,289,387,296,260,327,322,433,371,462,398,296,282,405,364,320,435,376,294,374,345,315,304,384,354,308,329,308,414,357,339,313,315,296,428,326,390,398,307,387,366,308,391,373,304,311,289,374,357,302,331,391,323,309,431,376,310,405,361,346,278,413,313,401,351,329,299,297,397,339,300,293,382,313,290,402,326,293,440,334,393,373,361,313,390,366,304,409,364,346,305,297,406,365,307,381,361,303,395,367,343,295,311,294,397,367,285,328,389,358,303,345,301,383,350,306,338,301,372,351,293,327,407,359,284,313,398,371,361,308,385,355,355,327,380,351,296,293,394,313,262,290,308,326,421,364,305,318,389,306,308,412,356,301,311,413,321,389,314,387,323,375,310,304,408,364,307,336,397,369,300,429,352,343,306,297,399,364,376,310,388,372,360,315,370,352,313,319,392,344,292,316,387,349,296,313,387,320,287,408,317,308,393,315,283,406,319,304,435,314,358,302,302,279,305,312,403,320,312,431,363,364,296,357,327,310,306,387,350,291,319,412,368,315,327,296,372,341,298,332,300,373,335,310,330,392,308,275,399,321,312,413,353,314
292,331,390,316,306,417,464,416,357,461,408,273,308,418,348,450,386,305,275,421,320,411,485,408,286,295,388,353,301,298,385,306,287,402,331,302,426,362,458,413,396,302,384,365,306,399,362,306,398,360,353,344,449,412,346,339,442,403,349,297,277,398,307,483,425,384,290,305,307,378,309,279,312,337,317,422,319,292,417,319,292,448,323,375,325,307,405,324,305,440,374,360,314,377,352,302,386,367,305,396,362,323,393,365,296,385,369,313,402,355,333,300,290,379,320,283,400,320,302,411,332,285,410,336,305,453,312,361,308,287,386,308,302,428,363,311,409,362,365,304,386,349,422,445,374,375,435,379,457,406,369,434,378,440,411,357,309,371,341,306,331,299,391,360,316,415,362,319,400,369,359,306,312,304,389,361,306,419,371,298,376,371,309,416,320,377,364,296,296,387,292,266,316,329,423,358,462,395,292,286,387,379,327,433,367,299,380,354,306,309,392,355,309,326,305,416,362,355,305,320,294,404,324,390,389,322,397,360,303,382,360,305,317,290,385,331,311,349,391,319,306,416,373,309,402,358,343,301,406,313,391,353,338,299,301,399,353,304,315,368,312,301,404,324,295,451,324,396,372,354,302,383,365,307,400,354,348,298,292,397,365,315,402,360,304,403,373,334,296,300,299,396,352,305,317,388,351,298,340,307,385,342,291,331,292,389,348,302,336,402,360,296,308,410,375,359,306,387,369,369,314,372,343,311,308,397,295,266,296,307,317,428,365,296,324,404,318,305,410,349,317,318,416,336,405,305,397,313,373,309,302,396,372,297,330,403,362,313,418,366,349,303,293,416,363,356,295,392,365,355,312,365,354,289,324,398,352,295,304,386,357,300,293,368,327,295,408,319,294,406,315,290,390,321,308,436,313,361,293,300,271,289,294,398,321,331,440,374,353,289,362,320,309,319,380,363,293,332,401,361,305,327,292,381,349,295,344,306,383,336,282,320,404,325,292,403,327,298,409,355,303
308,335,385,304,294,424,461,417,342,472,407,284,319,418,347,436,394,292,272,400,317,424,503,415,294,292,393,354,308,293,373,329,289,400,325,301,433,351,461,407,401,316,380,370,285,389,357,304,391,363,354,354,459,403,352,336,448,413,353,303,281,404,306,476,421,382,310,305,320,383,312,270,313,335,309,414,310,306,424,315,304,451,326,381,323,301,411,320,301,435,381,355,305,373,344,299,396,358,309,392,371,311,372,367,304,399,359,304,414,360,348,295,291,378,328,287,406,319,294,393,319,292,398,320,299,443,326,363,297,286,397,320,307,431,363,303,408,353,363,307,388,337,435,450,378,374,418,373,464,418,366,433,381,453,411,358,296,374,354,297,328,292,397,369,301,414,364,312,409,365,342,316,321,304,382,372,305,415,363,309,381,364,311,419,314,370,369,312,308,381,314,259,331,331,423,375,461,409,295,307,390,371,314,426,365,301,370,346,302,306,390,355,304,327,294,412,368,347,308,319,303,411,313,381,402,310,390,360,299,384,353,293,303,294,376,353,308,352,387,316,297,429,345,303,412,355,338,296,401,325,385,342,344,301,292,389,345,310,301,392,317,282,391,324,295,445,320,392,383,367,314,386,363,311,402,342,337,307,294,404,364,303,405,363,302,404,353,342,306,311,299,387,362,288,320,394,354,303,339,301,387,350,299,326,320,387,341,301,313,400,365,305,314,409,362,367,317,387,371,354,301,375,349,306,302,394,310,267,290,323,332,425,363,300,324,395,313,299,414,360,293,304,417,327,398,304,404,315,389,315,318,415,362,312,326,403,360,321,429,355,343,297,300,417,380,361,298,394,366,363,314,375,354,304,312,384,354,307,311,380,360,305,290,385,315,296,395,320,299,401,328,300,395,325,294,451,324,361,296,289,276,291,301,412,325,315,428,387,352,296,364,319,305,324,397,359,296,328,401,369,321,328,309,382,339,298,331,310,380,342,304,325,397,301,274,397,316,295,415,351,299
311,329,393,317,311,417,450,412,351,463,387,298,307,421,355,457,405,292,286,406,316,415,496,418,291,298,380,358,296,295,376,321,295,406,317,296,432,367,473,411,397,319,382,363,296,380,377,317,398,375,352,344,448,417,347,331,452,413,346,307,294,390,292,484,413,385,310,308,299,397,306,274,322,333,312,419,312,299,416,322,300,442,323,370,318,296,404,313,309,443,367,368,302,372,362,301,380,359,307,382,362,306,391,375,298,400,367,300,393,356,336,307,285,374,323,291,403,318,297,412,316,292,399,327,303,445,325,362,317,283,401,321,308,410,366,328,405,358,361,305,385,357,424,454,380,374,418,374,456,407,360,434,382,447,415,358,300,366,354,304,332,303,383,375,292,418,367,316,394,356,343,297,315,293,403,373,307,420,366,310,397,350,296,419,310,387,360,309,305,373,313,273,327,329,424,367,454,402,288,278,385,370,310,434,373,305,387,360,302,309,394,353,300,324,299,405,369,342,308,315,289,421,317,381,388,305,402,356,306,391,364,294,302,283,382,347,295,350,401,320,306,413,368,304,397,354,342,307,408,310,388,360,339,303,307,385,349,304,293,376,313,294,389,329,300,447,323,406,361,361,314,386,358,311,394,357,329,304,309,397,370,284,393,356,300,388,359,355,285,323,294,396,368,297,320,400,356,313,342,317,382,352,298,338,314,391,341,300,324,399,355,298,307,416,385,367,303,389,357,345,306,368,348,296,304,399,316,258,289,321,324,419,378,300,324,390,327,297,405,353,309,303,412,323,403,295,401,307,358,310,298,419,365,303,336,397,374,308,439,354,352,296,298,409,370,370,298,395,374,346,304,383,341,295,310,390,362,300,318,385,350,297,302,373,309,294,403,326,289,388,316,287,409,320,306,451,333,369,313,293,281,292,294,392,309,313,434,378,354,289,364,307,309,299,383,346,286,340,410,368,305,313,287,382,352,298,333,312,386,349,303,326,392,326,286,397,316,287,402,357,321
294,325,394,310,311,412,446,408,356,474,397,282,311,421,354,461,393,304,284,402,326,402,506,405,289,285,384,349,300,303,384,322,292,410,331,299,425,356,462,403,388,319,372,364,302,388,364,306,404,364,351,351,452,412,367,332,436,419,355,293,274,405,290,485,429,388,300,295,307,382,308,273,314,335,310,426,322,301,421,321,299,460,327,373,308,296,397,327,300,442,375,354,306,364,354,304,381,364,317,397,368,313,390,373,305,390,363,306,390,342,332,308,304,370,311,286,400,326,299,398,325,292,417,309,297,445,328,358,309,283,404,318,293,415,374,322,398,362,356,306,386,343,434,446,382,354,438,388,450,413,363,461,375,461,411,360,298,377,354,311,316,289,389,365,301,411,380,313,403,342,328,291,313,289,384,363,290,414,382,299,389,375,312,412,328,378,361,323,303,365,300,259,330,322,439,364,459,389,304,286,386,354,319,438,370,295,384,356,300,307,394,353,291,321,296,397,340,348,316,324,292,411,319,380,387,307,393,375,310,395,365,299,312,275,385,341,319,333,392,321,301,431,373,310,406,361,356,295,385,305,394,359,344,304,293,397,356,305,303,384,313,295,408,311,292,454,338,395,380,355,310,381,358,299,389,369,359,315,299,396,357,296,380,366,310,409,352,333,300,314,305,388,362,285,332,380,359,310,333,301,380,354,305,327,316,378,347,289,338,402,351,309,306,401,367,366,299,390,367,373,302,372,345,316,309,391,310,258,270,311,340,411,369,298,318,410,320,304,412,352,302,288,414,329,397,306,388,300,384,315,304,413,354,306,328,397,358,304,432,361,356,306,303,412,365,355,305,390,360,358,320,379,347,294,307,390,352,308,318,387,356,302,305,371,305,295,404,320,292,406,327,295,413,316,297,456,325,373,297,294,274,306,294,410,325,311,430,373,373,286,361,302,312,316,389,351,304,333,392,365,311,327,285,376,344,294,337,308,389,349,297,325,391,315,282,388,312,298,410,362,312
299,332,391,315,323,428,442,409,355,454,393,284,312,419,360,453,396,302,287,400,326,418,503,418,277,289,392,358,304,291,380,320,297,396,316,293,421,342,461,417,399,319,374,368,309,394,362,305,395,363,349,337,459,400,352,339,447,412,345,307,285,391,293,484,421,393,305,301,309,391,308,278,323,330,309,422,322,298,428,320,311,446,320,371,320,306,400,314,295,437,369,364,301,377,356,310,388,366,300,389,366,306,397,362,302,393,369,322,400,353,335,319,284,396,324,286,392,319,297,407,314,291,403,321,304,441,328,357,315,295,393,311,310,424,377,300,412,355,351,303,384,341,431,448,379,368,438,387,465,408,361,444,381,467,424,360,294,358,351,299,312,301,389,368,300,416,370,305,408,350,348,293,315,298,381,372,307,423,370,304,380,367,301,397,313,357,361,311,299,394,295,274,323,317,425,360,459,389,301,288,386,378,324,434,381,312,375,352,301,316,385,345,300,314,300,411,358,348,304,316,296,418,319,384,388,315,385,357,302,386,354,311,318,296,384,351,295,334,400,319,297,418,371,310,415,357,347,320,402,327,387,352,342,308,304,395,342,307,306,385,316,283,408,323,306,443,331,399,378,365,308,380,368,304,392,352,333,297,296,395,357,295,393,362,309,403,355,352,308,304,293,384,365,294,322,390,351,294,342,323,364,349,294,334,304,371,340,296,325,411,347,298,321,407,382,363,301,391,371,354,298,372,338,296,303,393,309,259,287,321,320,429,365,292,329,394,320,303,412,360,306,304,404,319,401,313,402,303,377,301,306,408,364,305,318,397,358,316,428,362,343,315,288,406,376,361,303,384,366,367,304,375,342,296,314,386,346,300,317,390,352,317,301,376,328,287,408,316,293,388,326,286,410,332,298,431,307,357,301,292,270,303,298,412,323,305,427,363,361,297,357,320,305,322,389,353,306,337,417,354,307,311,287,382,345,296,339,321,382,346,299,330,401,315,288,406,321,295,413,368,317
308,329,387,306,305,425,455,408,343,466,388,286,299,423,359,454,393,303,284,412,315,413,499,409,278,305,397,356,313,294,362,316,279,409,327,309,423,350,467,429,389,318,388,354,305,387,382,316,398,357,357,344,454,397,353,340,450,430,364,297,299,397,292,475,423,383,314,308,302,402,304,271,314,344,314,414,319,296,432,313,300,453,325,377,313,296,390,314,297,427,380,366,308,372,365,300,387,369,309,395,361,312,397,352,310,398,371,313,390,350,349,302,302,371,314,288,403,329,288,399,327,293,408,313,303,438,321,364,306,281,406,313,289,415,366,296,392,358,355,292,378,337,429,465,384,359,412,392,457,418,369,434,373,451,427,371,306,366,344,306,330,306,387,369,304,411,382,300,398,349,346,305,319,291,386,371,290,427,375,295,394,371,305,404,299,386,368,298,302,376,298,265,334,324,435,356,461,397,302,293,396,378,319,435,373,296,389,356,300,319,385,359,305,328,296,411,365,344,306,306,292,406,316,389,385,311,399,362,309,396,363,296,303,293,372,349,320,340,391,318,293,427,386,306,403,356,352,299,412,307,385,343,338,302,298,389,350,301,301,359,300,296,401,337,295,458,327,398,369,359,307,370,357,315,372,353,345,300,312,396,352,307,381,360,302,402,365,342,302,309,291,385,351,296,321,396,346,304,345,305,380,355,299,344,315,382,364,303,327,406,353,294,322,407,378,363,303,387,363,363,304,374,350,307,314,396,304,269,289,329,312,424,363,299,328,398,325,298,405,355,291,300,415,338,391,311,392,333,373,309,301,408,358,295,324,388,368,307,438,365,347,307,304,424,369,348,301,377,361,355,307,362,354,293,317,398,357,292,304,384,359,303,302,376,322,293,402,322,285,406,314,291,402,331,305,441,320,362,308,287,274,296,303,390,334,313,439,371,367,299,358,314,308,315,390,359,314,340,408,369,305,312,294,382,338,301,345,302,386,353,298,318,392,322,294,412,318,300,412,368,298
303,325,396,318,304,423,454,405,364,450,395,276,312,397,358,455,396,298,269,396,326,416,501,416,289,297,388,354,305,298,388,331,299,391,326,293,424,359,468,414,396,317,376,363,302,383,360,301,403,362,358,350,443,414,352,333,455,428,349,301,277,401,293,474,420,380,305,304,318,372,303,282,327,346,320,417,325,302,424,319,294,443,321,363,310,293,405,312,305,436,364,351,306,376,366,304,383,382,304,401,361,299,387,366,308,395,356,302,402,356,338,310,292,380,300,293,407,329,288,406,318,302,401,318,294,424,322,358,311,288,409,321,288,421,373,298,409,362,363,299,376,348,433,456,375,376,443,377,460,414,368,437,383,451,416,362,300,363,354,302,308,308,393,366,304,404,366,305,400,358,352,284,316,303,392,368,295,418,374,304,387,366,304,406,304,369,366,304,294,379,317,271,326,322,417,366,464,407,311,294,386,370,319,438,375,302,386,363,308,312,390,353,299,304,280,422,357,339,305,319,296,409,315,378,393,326,390,353,308,375,368,295,312,285,381,349,310,346,390,324,292,426,365,310,413,348,349,316,414,318,387,355,339,298,314,389,357,301,313,366,311,291,390,316,304,437,325,388,363,351,305,386,361,302,392,350,336,303,300,389,364,312,370,360,307,416,371,348,309,314,300,391,356,300,328,386,351,309,350,303,385,338,290,336,304,383,344,299,332,410,356,296,311,417,374,360,303,385,377,355,305,361,350,300,290,394,295,267,293,319,309,430,364,303,331,387,314,299,416,356,320,299,401,320,399,314,386,313,376,309,294,417,370,312,329,395,367,298,431,369,342,305,290,413,367,352,298,388,354,373,309,376,345,297,304,389,353,307,320,389,359,297,291,383,321,294,411,322,297,409,317,312,391,323,292,444,317,362,313,292,280,299,301,399,334,306,442,366,361,293,366,320,311,320,381,350,297,340,401,349,295,305,297,382,347,300,320,309,379,350,296,333,399,327,295,395,332,303,407,360,307
305,327,391,300,300,432,449,409,357,468,407,294,306,414,348,451,410,290,280,405,328,416,520,416,280,293,385,357,303,304,373,316,301,407,325,304,420,345,470,420,404,315,373,377,301,399,365,308,416,364,354,335,462,411,358,352,451,415,361,300,289,409,297,482,418,386,307,294,314,391,304,281,324,327,317,423,327,299,434,313,301,446,313,378,322,308,395,315,299,429,386,353,306,370,354,305,381,358,307,394,367,308,385,358,303,392,371,318,399,355,345,307,291,394,305,295,398,320,293,408,323,294,400,329,291,454,314,364,312,284,394,327,310,420,367,313,400,369,357,299,384,336,429,449,386,365,435,374,454,410,366,450,377,440,420,354,311,359,341,305,317,305,395,379,288,415,372,297,398,345,357,300,312,303,381,371,323,406,374,305,385,359,306,414,314,392,360,297,298,384,306,277,323,332,425,379,455,390,303,302,390,360,326,437,353,315,375,348,310,317,396,354,310,332,306,411,354,340,310,315,293,405,311,375,390,312,401,358,313,395,354,309,317,293,379,343,299,338,413,313,293,419,371,309,398,364,348,310,401,308,386,359,343,315,291,398,348,298,296,373,308,289,397,315,307,443,337,394,363,356,319,385,357,307,403,359,337,316,304,396,371,311,387,354,299,403,353,347,301,314,298,390,356,295,320,394,338,296,345,303,392,346,300,342,308,377,350,298,342,397,355,311,314,409,374,357,320,376,368,356,309,374,347,291,318,396,309,268,284,319,321,425,364,299,324,393,321,312,417,356,302,299,414,321,403,310,405,318,378,311,301,410,369,304,316,395,372,312,424,372,334,314,302,407,362,363,304,395,368,350,307,359,345,305,319,397,356,310,312,385,349,297,301,383,312,294,416,314,293,411,333,298,415,303,306,456,318,375,302,295,266,298,298,416,324,327,431,370,360,283,358,315,319,313,394,363,290,319,397,358,310,313,297,389,343,316,322,317,392,348,299,329,396,322,291,397,317,299,406,366,312
307,337,394,309,309,421,453,410,360,463,405,276,302,422,352,445,388,310,274,400,314,409,511,411,297,294,393,352,310,288,373,317,283,406,319,306,424,362,460,414,393,313,381,367,307,393,375,300,410,366,353,353,464,417,357,327,434,410,348,305,291,410,294,486,415,391,291,301,308,386,310,286,327,347,322,413,314,297,437,320,306,453,320,380,310,296,404,317,303,420,374,360,304,376,370,301,386,354,295,385,362,305,383,363,312,377,363,311,396,362,342,309,305,373,312,299,390,326,295,406,323,291,394,314,291,443,318,362,306,289,409,321,309,409,366,312,400,356,357,314,385,347,437,455,376,359,435,364,460,425,367,428,371,449,419,367,307,355,343,314,312,309,384,374,298,423,377,302,402,362,339,309,318,297,378,347,303,415,373,313,390,371,301,404,309,378,366,307,315,388,300,287,331,330,443,363,456,390,296,287,405,354,329,428,376,307,379,349,306,315,400,363,306,315,294,418,362,346,307,317,300,407,310,390,387,317,390,372,309,395,365,305,303,291,372,344,304,347,383,316,307,422,367,292,389,339,349,299,402,317,376,351,338,309,305,399,343,295,299,373,326,293,418,339,307,442,334,401,365,355,320,387,363,303,406,354,344,315,295,388,357,302,390,370,296,401,359,347,298,302,291,390,372,308,317,396,354,297,330,302,393,355,300,341,306,390,342,301,335,410,358,303,317,412,379,363,314,391,360,367,311,368,356,291,294,389,300,270,287,312,315,429,373,296,321,396,324,287,409,366,300,314,414,313,404,308,393,314,376,304,294,412,365,298,324,399,364,310,438,371,345,292,302,425,367,356,304,389,361,359,319,369,340,291,309,390,359,288,312,388,361,300,297,384,307,291,397,318,287,410,329,289,402,326,303,445,314,364,305,302,278,309,301,392,320,317,437,371,361,303,355,315,304,315,371,353,304,321,410,346,314,324,307,382,354,294,343,318,401,349,296,318,392,307,295,402,316,303,412,372,306
293,341,394,331,308,423,460,418,362,460,381,286,305,401,358,455,397,287,283,411,323,427,501,411,284,295,370,369,296,302,391,310,297,403,317,294,428,347,480,412,387,328,379,369,302,398,382,308,409,360,347,341,447,408,355,334,444,406,346,303,282,391,311,473,423,391,311,302,327,389,306,266,322,339,315,411,314,296,429,325,288,449,324,376,312,296,392,319,298,421,383,370,306,392,359,302,376,372,307,391,369,309,394,358,316,397,373,311,409,363,343,305,288,387,315,295,407,318,302,402,326,294,407,311,286,444,322,367,316,289,393,322,319,427,382,306,417,367,355,307,375,342,428,440,381,361,442,377,455,418,361,445,377,458,413,361,297,376,362,305,324,300,388,359,290,413,362,301,399,365,359,298,314,303,388,372,289,398,366,304,395,356,308,409,303,379,365,287,296,372,300,269,331,313,440,354,464,387,300,281,398,361,310,434,370,300,388,345,299,313,397,345,304,318,294,409,361,342,308,320,284,421,321,383,396,319,393,359,310,389,370,294,305,288,380,357,298,336,395,315,301,418,367,316,407,363,342,308,403,312,389,359,329,307,289,389,348,291,302,380,322,281,408,311,303,437,343,390,376,346,311,372,367,296,410,361,342,305,307,412,364,306,386,371,304,399,351,339,313,313,297,392,352,303,325,395,344,297,340,296,381,354,299,340,314,384,351,308,334,417,364,291,315,415,370,360,305,384,366,355,298,378,343,306,309,397,301,266,294,327,319,425,362,308,313,389,321,297,409,342,303,303,406,321,390,299,394,316,366,321,308,413,368,303,335,402,354,310,432,355,349,304,305,416,376,362,300,401,373,355,320,374,345,317,312,391,355,297,309,387,351,298,305,381,335,287,402,311,294,396,321,291,388,311,299,440,316,369,319,283,267,292,296,407,317,323,439,370,354,292,360,309,307,315,405,351,305,327,405,356,302,322,298,381,345,301,338,312,390,350,301,328,389,324,283,409,320,297,419,349,292
299,328,392,305,284,425,456,399,354,456,397,293,314,425,349,463,395,313,268,409,326,403,512,416,288,289,392,347,307,290,393,322,291,401,317,313,413,358,459,427,390,315,381,375,315,385,358,301,402,365,359,342,440,413,347,338,457,411,359,309,272,403,305,482,422,396,304,307,318,384,294,280,316,319,313,423,328,303,424,332,314,457,303,377,318,311,402,322,298,429,351,368,303,373,370,292,394,371,311,379,360,307,378,357,302,382,363,321,396,358,352,294,290,370,310,308,411,317,298,407,316,282,395,317,297,438,324,358,309,287,396,324,303,419,371,305,410,371,358,307,377,329,429,447,388,361,433,377,457,412,370,443,391,452,407,359,308,370,353,303,318,300,401,353,299,409,371,304,399,362,352,293,312,301,383,367,306,418,368,299,393,353,313,410,321,394,352,305,302,386,311,259,334,331,435,362,460,405,303,280,386,367,322,429,365,303,383,340,305,314,401,352,298,322,295,411,348,331,315,311,285,411,314,394,386,312,394,358,302,376,363,291,309,297,384,347,310,344,398,313,298,415,371,312,387,363,345,306,411,313,389,358,351,304,302,392,354,296,304,369,318,291,401,311,293,455,335,386,377,355,299,381,371,304,399,358,337,294,297,400,371,303,404,351,319,402,362,341,309,317,303,400,358,299,320,388,344,318,352,324,372,355,305,347,313,377,331,303,322,413,356,307,318,393,359,358,315,382,356,369,306,377,354,302,310,389,302,266,277,308,329,420,364,299,331,391,328,302,416,353,311,312,415,325,397,316,403,322,387,311,295,405,367,310,337,402,370,289,432,352,342,306,295,405,375,362,306,379,358,352,306,368,348,289,302,389,342,303,320,387,352,298,290,378,326,291,395,311,290,404,322,286,401,332,302,433,322,379,302,298,269,301,293,403,332,318,441,379,362,301,368,309,302,311,387,349,303,324,402,359,302,320,295,386,341,304,353,312,388,336,299,325,396,307,288,401,312,306,410,366,303
299,323,390,321,316,429,451,408,359,470,396,292,302,406,349,462,394,300,278,401,322,404,506,422,280,281,394,362,299,302,382,330,290,392,321,294,423,350,469,424,400,318,389,372,312,395,358,297,402,371,354,342,446,415,346,328,427,397,351,301,267,395,290,468,424,395,291,308,319,382,300,295,322,322,316,407,322,287,432,317,289,456,321,372,320,295,391,317,308,433,360,368,306,370,356,303,394,358,306,390,356,297,388,367,293,386,361,297,391,363,341,290,287,376,315,284,401,318,303,405,310,286,403,326,298,447,318,352,308,292,401,315,286,420,363,300,408,361,360,310,388,349,438,466,381,376,433,376,469,421,375,442,385,436,412,366,306,379,347,303,318,287,381,369,303,409,362,301,388,358,350,301,321,285,378,367,310,399,388,303,386,366,301,407,315,376,367,287,306,377,304,258,324,321,426,357,450,386,302,276,393,373,312,432,359,311,383,340,299,313,396,348,302,321,305,415,339,344,312,319,290,415,319,385,393,312,395,368,311,399,362,307,317,285,382,346,301,327,401,314,301,422,363,304,406,355,335,314,417,320,385,346,342,307,302,383,353,301,306,384,326,290,406,306,309,438,330,393,365,361,311,373,375,317,400,352,334,305,300,394,374,303,400,358,302,417,353,331,296,311,302,391,344,300,323,391,342,314,333,313,382,357,294,341,314,387,343,294,341,392,347,292,306,407,365,358,311,391,359,349,325,365,358,309,304,394,313,271,280,333,327,434,360,307,324,392,331,302,415,372,307,300,412,337,395,319,398,322,383,316,301,412,356,295,321,407,359,315,416,367,329,314,307,411,365,368,307,384,365,358,305,378,346,301,313,394,369,315,311,390,358,303,308,384,312,290,400,323,291,405,322,296,410,320,296,455,319,364,297,293,272,298,323,410,323,328,430,377,357,297,364,319,314,319,386,363,293,340,412,355,309,331,298,384,357,298,326,320,389,348,290,323,397,320,295,403,329,293,418,350,309
306,332,393,320,294,430,461,417,362,455,391,296,313,398,362,459,397,301,276,396,320,409,497,405,292,281,388,361,298,300,371,319,281,410,316,297,420,357,463,419,382,330,370,361,314,395,363,286,407,360,345,344,446,418,351,329,445,416,357,297,283,407,303,486,419,376,309,311,316,386,301,286,321,346,324,435,321,290,426,339,313,462,331,374,325,300,401,317,301,428,376,361,310,380,356,313,391,358,306,394,357,305,398,354,305,386,366,305,401,346,352,314,279,373,315,299,410,326,301,399,326,287,401,319,302,437,326,367,309,286,388,315,302,422,363,303,422,365,364,302,392,343,432,453,381,349,430,383,467,427,362,431,374,459,420,361,314,368,340,291,326,307,390,357,309,419,366,299,405,352,344,299,321,299,391,356,303,429,368,316,396,368,308,400,311,375,369,313,308,378,299,279,335,319,437,358,464,394,298,288,376,363,333,441,355,310,379,336,297,307,403,366,302,317,296,409,366,346,306,316,298,411,315,378,391,314,416,359,304,391,362,305,327,293,380,353,308,345,404,318,301,418,374,311,405,348,340,304,391,311,388,357,346,303,298,396,352,302,302,385,319,292,407,328,298,449,324,400,375,365,310,368,371,303,401,363,348,294,310,407,349,300,386,357,315,401,353,355,303,317,299,388,354,293,319,382,352,304,334,305,385,354,302,334,319,390,353,301,331,411,354,302,308,405,382,357,305,384,369,360,313,387,356,296,308,384,303,264,303,311,329,418,362,295,306,389,309,311,414,358,293,303,421,324,400,301,410,322,371,313,300,409,348,304,325,392,359,301,425,359,340,293,300,404,370,367,309,396,366,358,311,366,335,295,301,392,362,304,307,379,362,303,302,375,316,289,406,314,295,410,320,286,409,328,299,435,306,372,303,288,287,310,293,395,334,317,426,359,364,277,363,320,312,319,389,364,299,332,406,349,308,335,293,382,351,295,336,307,378,346,293,325,401,326,292,413,331,309,406,366,308
295,326,389,326,306,411,449,394,363,466,394,291,306,416,355,444,396,288,280,404,314,412,507,417,287,299,378,360,297,305,377,313,285,404,328,302,428,345,465,417,380,309,375,349,316,395,365,302,398,360,341,335,455,414,346,335,436,415,345,297,285,399,295,480,434,382,299,302,316,398,301,290,323,344,320,431,313,305,425,310,299,453,325,376,321,295,395,321,294,430,368,370,306,392,367,304,378,349,311,377,373,292,375,365,304,388,365,304,397,346,352,291,305,383,315,288,413,318,295,407,320,289,398,320,301,444,313,365,310,302,397,315,300,433,371,308,403,361,370,319,382,338,436,455,380,359,420,385,456,422,369,445,378,448,422,377,305,369,347,312,315,301,385,364,302,412,381,305,404,363,345,313,314,301,386,350,308,423,376,313,387,359,314,415,303,393,368,297,311,370,300,276,341,325,426,362,463,400,305,283,385,372,319,433,368,311,364,342,295,313,390,346,309,312,299,409,352,347,303,308,288,418,301,384,385,313,395,368,308,389,348,297,318,284,376,342,298,348,387,315,313,421,370,308,415,348,338,301,404,314,388,355,338,309,299,395,359,304,305,374,313,286,397,323,295,456,325,386,377,352,308,384,370,308,404,357,343,311,294,390,366,296,400,356,312,394,363,345,306,321,310,394,353,305,323,389,355,307,340,314,389,355,311,338,307,387,347,302,321,409,360,300,302,412,360,359,307,380,369,357,306,374,345,307,299,383,288,273,294,320,320,425,371,293,326,389,313,300,415,354,300,299,423,322,409,304,394,309,370,307,294,401,360,308,322,397,369,303,433,359,335,297,289,414,371,366,305,382,363,358,301,372,354,293,316,393,352,305,312,394,355,298,302,374,308,308,393,319,302,404,331,299,401,335,297,452,320,353,307,300,274,304,308,400,330,315,446,367,349,291,358,302,307,318,374,332,300,329,410,344,309,315,283,388,348,302,332,318,389,340,294,320,399,314,291,404,314,307,418,355,309
297,317,388,304,313,425,464,413,360,456,391,283,310,430,348,456,394,320,270,404,315,411,507,429,303,303,388,351,311,298,380,326,284,395,329,301,432,355,462,421,381,313,385,360,302,385,367,311,392,361,366,347,454,405,357,340,451,423,352,306,281,410,306,474,432,380,305,304,316,397,305,292,333,333,329,424,314,290,420,307,298,450,337,379,317,290,409,315,302,437,378,363,313,380,362,312,399,368,307,397,351,317,388,363,312,387,351,300,420,372,343,310,295,378,321,296,398,307,301,414,319,292,404,320,303,443,323,360,305,286,404,310,296,413,378,318,410,374,361,314,392,344,434,453,379,370,425,372,458,426,368,451,380,451,432,369,298,361,342,299,321,304,387,362,306,413,373,305,405,348,344,305,314,309,397,384,296,417,357,299,385,350,308,412,318,373,372,306,300,377,304,256,331,336,422,372,451,399,307,288,383,365,319,437,379,311,381,346,305,305,395,361,301,321,296,410,365,332,312,317,292,434,323,384,391,317,389,355,308,385,354,297,306,281,369,365,295,338,393,313,302,421,381,325,402,359,345,299,420,323,396,365,339,298,293,392,353,298,300,377,305,287,395,335,293,443,333,395,379,360,317,376,351,299,395,361,349,312,300,396,359,299,394,353,300,394,355,342,305,310,288,395,360,295,326,390,360,308,329,307,376,353,292,341,311,393,338,296,334,391,356,292,307,418,372,350,301,389,364,362,317,368,351,308,298,392,306,274,280,321,329,436,357,310,321,405,320,286,415,365,313,318,416,332,393,305,398,332,371,307,304,402,360,305,323,399,375,307,422,377,341,308,292,410,361,362,290,395,361,356,302,368,354,299,309,395,354,306,316,397,358,313,290,373,326,286,397,339,297,412,313,298,403,325,295,443,332,375,309,288,266,298,299,403,332,313,440,362,372,286,364,310,316,325,396,348,301,337,400,350,298,317,304,379,347,299,343,307,388,342,306,320,391,331,285,407,329,302,419,355,317
309,332,396,309,297,417,456,395,360,470,400,283,304,412,346,459,389,287,283,396,321,387,508,433,285,292,375,352,289,301,384,318,297,402,317,311,439,347,460,414,383,321,376,375,298,387,357,303,412,363,361,339,447,403,348,335,450,418,359,303,285,380,288,484,427,386,311,304,310,398,297,275,313,342,307,421,321,291,428,313,310,457,312,377,327,303,403,313,314,438,377,360,312,374,360,314,386,364,302,390,367,297,384,354,306,398,360,310,396,344,344,311,300,377,318,287,399,321,295,398,326,300,401,327,303,446,309,377,301,303,410,316,296,434,377,302,412,359,356,312,386,338,430,452,380,367,430,382,459,411,372,441,381,456,424,371,316,377,352,290,324,283,380,369,290,409,381,308,400,353,347,307,313,304,396,369,306,416,373,292,372,381,298,408,317,374,359,308,305,376,307,264,314,333,438,361,474,388,307,284,394,372,326,429,366,306,388,349,306,301,399,366,306,319,302,410,355,342,294,318,295,416,316,374,391,317,388,375,300,399,348,305,309,293,376,333,300,339,400,315,304,428,358,295,390,360,356,301,401,316,398,359,339,307,303,391,354,305,304,374,338,294,400,313,302,454,334,398,366,350,303,385,359,299,410,359,352,316,296,382,367,305,398,356,297,405,358,341,308,313,292,405,355,288,324,386,354,306,352,315,380,348,291,344,310,374,345,298,338,416,355,291,302,408,371,355,310,386,367,357,306,382,351,315,292,401,308,270,289,320,329,441,374,306,314,404,316,310,416,363,298,313,419,314,397,314,393,308,384,301,298,403,362,303,324,402,361,300,427,359,346,299,294,406,359,363,309,389,356,358,304,360,348,291,306,391,356,310,308,373,359,298,283,387,317,294,411,311,278,407,327,297,408,325,302,446,313,359,300,295,278,306,292,400,342,310,438,381,358,300,359,314,305,318,383,346,293,335,410,355,304,314,291,388,345,299,340,304,394,348,295,321,391,315,288,396,314,302,422,355,304
287,328,377,314,302,422,456,414,360,451,401,300,294,415,353,455,388,294,280,404,312,410,506,411,278,297,382,345,305,311,375,315,293,394,304,298,417,358,470,422,393,315,360,369,306,407,367,322,396,369,348,343,456,419,354,346,449,419,349,299,284,391,290,486,424,386,306,308,315,380,300,285,325,330,318,416,320,299,423,324,297,448,309,364,307,305,398,315,289,431,369,366,307,374,370,309,399,359,310,379,367,303,386,355,303,390,361,306,407,366,339,298,287,387,314,288,402,328,299,407,312,295,399,321,297,450,303,353,310,302,404,320,301,434,374,303,407,365,354,317,375,335,420,455,385,369,437,370,459,405,361,444,392,448,412,364,296,376,330,304,314,302,387,359,300,402,367,307,397,349,345,308,301,296,398,369,298,416,370,305,391,364,308,405,308,390,370,291,301,374,300,269,325,330,433,358,446,391,307,295,380,361,322,440,362,307,372,350,300,307,402,356,303,314,299,397,364,330,323,316,292,414,329,372,386,310,391,367,312,395,360,286,307,281,383,341,301,346,386,324,298,426,375,310,403,347,349,310,405,307,388,342,340,300,304,371,345,303,310,371,324,291,409,320,300,444,317,390,374,355,317,386,373,307,406,353,337,301,304,391,369,308,397,366,313,406,356,344,301,307,296,388,357,305,331,395,354,306,339,305,383,349,300,346,314,386,341,291,333,396,340,315,319,423,389,348,299,379,365,349,314,383,356,296,313,407,301,270,278,327,327,420,365,299,323,400,310,302,409,360,298,307,411,330,395,319,399,317,378,301,296,414,360,303,323,402,369,302,416,363,342,311,309,421,375,369,308,393,364,353,312,367,342,299,317,390,357,298,301,383,355,304,298,378,307,301,412,316,289,406,321,279,396,322,299,445,319,357,310,286,278,299,296,401,328,313,418,380,356,289,363,315,308,315,380,344,289,347,403,359,298,329,290,384,343,306,315,296,387,352,295,319,401,321,293,407,322,307,414,354,321
299,330,405,317,301,424,459,413,362,472,399,279,304,413,349,457,404,290,283,403,316,395,510,407,286,286,384,370,302,300,367,312,305,394,317,298,431,350,459,414,384,331,389,373,310,410,368,305,394,368,357,347,452,407,353,325,450,410,353,294,283,401,300,478,422,383,308,298,307,389,303,279,319,333,314,427,321,289,437,335,305,452,317,372,317,305,401,318,304,418,372,350,309,381,359,294,390,362,320,401,366,312,385,362,292,394,354,307,393,357,350,304,293,381,318,287,403,321,296,408,317,298,395,340,287,434,306,362,298,281,395,321,305,418,368,316,404,354,360,302,391,343,421,444,394,367,433,383,461,405,370,445,378,446,420,368,303,366,340,298,327,297,394,368,299,419,371,303,397,358,336,313,315,290,387,366,306,406,364,298,364,367,305,404,310,372,367,298,301,390,305,262,324,319,431,363,453,403,296,298,391,370,314,432,371,309,380,340,307,306,405,358,305,308,292,408,365,336,314,316,295,412,317,385,390,318,382,355,309,390,355,299,313,294,380,342,309,355,394,317,301,419,362,309,410,352,338,319,402,317,399,352,343,315,299,399,353,295,308,371,315,291,393,319,294,439,345,385,375,358,314,390,360,318,415,361,337,317,298,404,361,286,400,357,308,394,350,350,307,306,299,396,358,280,331,384,349,300,331,306,390,349,304,334,303,382,356,301,332,400,354,309,304,406,373,355,321,389,366,346,303,364,353,301,310,391,299,261,282,337,306,425,364,299,326,401,327,311,403,367,295,295,402,333,400,310,398,324,371,306,305,415,355,303,337,400,362,299,419,358,341,310,311,410,366,359,305,389,361,353,306,373,360,305,310,393,354,294,309,396,355,299,313,388,308,286,396,323,307,388,325,298,394,318,291,449,321,367,304,290,266,293,304,412,333,332,430,363,354,281,357,318,321,315,387,339,303,341,410,342,317,314,297,387,349,286,348,313,391,353,297,328,402,319,293,406,327,314,416,346,305
318,335,388,294,314,413,453,396,361,473,405,280,298,419,335,452,405,323,266,404,312,408,514,412,287,297,385,341,296,300,373,315,284,407,316,311,436,356,472,429,393,313,372,368,314,398,368,299,396,371,344,344,450,410,346,337,445,419,354,313,282,402,312,484,408,376,304,311,316,382,301,272,321,328,309,433,326,288,434,319,302,444,322,366,307,301,404,311,319,434,374,356,303,371,367,301,387,359,298,390,369,314,385,360,312,381,364,309,411,364,337,311,290,389,313,299,395,322,291,404,321,282,413,317,303,435,321,361,306,294,408,323,304,427,372,303,406,360,349,302,398,351,430,456,379,370,442,388,470,416,366,436,388,453,411,362,312,380,343,301,328,287,386,371,305,422,370,306,408,355,348,309,306,312,383,358,283,416,372,301,395,368,308,407,318,377,362,295,290,386,303,269,322,324,425,358,468,396,297,292,395,369,322,432,372,317,379,351,293,322,394,336,307,315,305,402,355,337,301,317,288,406,314,387,384,315,399,373,317,401,357,301,304,292,364,353,304,334,401,319,294,424,370,305,412,361,336,310,398,314,384,352,335,290,295,385,356,301,296,374,330,290,419,324,289,448,324,388,382,362,304,385,360,297,413,351,347,311,286,405,372,322,399,349,319,405,357,347,287,308,307,380,349,299,336,398,340,310,348,303,389,346,302,334,301,389,359,294,322,393,359,311,315,399,369,362,304,399,371,348,324,374,352,304,305,379,306,265,287,328,327,413,365,300,322,410,315,301,417,349,301,312,416,322,399,301,394,321,378,312,289,401,367,293,332,396,375,307,425,354,335,306,303,408,364,365,308,376,358,356,304,374,358,303,316,400,341,308,315,384,364,300,300,386,323,299,412,315,290,407,326,285,394,317,321,457,330,370,301,291,286,298,297,392,327,315,420,380,351,299,363,306,304,308,385,343,298,324,408,348,305,324,299,382,345,299,319,295,376,355,300,315,389,311,298,390,318,301,420,368,302
297,335,386,311,305,417,462,411,369,448,397,273,296,411,344,445,392,308,272,393,319,409,497,419,288,292,383,356,300,305,377,338,301,401,320,287,420,349,464,404,399,322,379,375,320,396,364,308,389,379,362,344,449,409,345,334,454,414,354,295,285,399,307,480,431,374,304,299,320,380,309,281,315,336,313,412,326,305,427,324,301,450,321,371,318,309,415,325,299,435,388,368,303,381,360,300,392,362,302,391,368,306,400,369,312,392,378,304,397,347,343,308,289,381,317,285,401,329,299,390,321,302,408,325,296,445,320,370,289,291,399,316,306,407,366,302,392,362,359,327,390,332,433,443,370,355,434,383,450,416,380,455,391,441,411,358,302,380,340,296,324,292,386,368,306,416,374,314,401,354,342,304,311,292,395,364,299,401,376,303,382,352,304,428,304,369,355,311,307,372,313,264,334,318,428,353,462,418,296,288,393,373,322,439,366,300,381,348,313,327,401,343,296,317,297,408,365,346,305,314,285,412,307,382,396,320,383,366,308,397,358,306,323,285,383,336,299,333,402,313,313,420,370,301,403,352,341,310,411,327,399,361,344,306,303,396,349,295,288,379,328,300,395,319,302,449,328,387,366,356,307,385,372,318,400,354,338,299,301,394,380,299,392,365,302,395,356,352,305,312,305,389,357,295,324,381,348,296,337,309,385,351,285,337,313,381,355,297,330,401,353,309,311,396,360,362,302,394,370,354,302,368,350,296,308,397,305,268,289,323,325,417,366,302,327,386,314,302,423,365,295,298,401,325,396,303,404,314,374,306,301,411,366,295,332,396,367,321,425,377,346,305,296,418,371,373,302,393,373,349,306,376,359,296,306,399,357,299,317,397,357,297,307,388,308,293,408,326,293,408,327,294,406,316,300,441,313,361,312,292,260,300,299,390,331,321,450,356,358,297,369,316,317,313,385,341,296,334,412,363,297,328,295,382,352,296,327,318,378,346,297,320,391,321,286,403,327,311,410,351,314
301,318,398,319,304,421,457,405,352,471,394,279,318,407,360,444,388,299,282,405,312,418,496,410,290,285,388,353,302,301,368,315,288,399,323,294,418,352,470,427,388,312,379,366,293,394,355,311,407,373,351,355,449,411,345,334,437,404,348,299,274,398,303,485,423,376,312,311,306,383,297,275,321,341,323,421,329,292,424,325,297,450,329,375,320,324,405,318,301,433,375,368,310,371,368,298,387,352,293,390,368,312,390,365,297,401,364,301,398,366,354,293,295,381,315,286,397,314,302,393,322,291,410,320,297,448,323,359,303,292,397,325,298,414,359,312,402,368,352,304,386,355,425,451,395,357,442,372,468,410,367,446,393,450,403,361,289,376,342,309,334,298,401,358,301,403,362,307,414,353,342,299,306,293,393,366,306,410,370,300,396,356,316,418,299,368,362,309,300,375,299,257,325,329,421,370,457,393,287,291,387,368,318,438,362,298,382,353,302,300,385,347,302,317,288,405,345,346,301,318,293,401,323,385,391,314,399,353,292,382,360,292,305,295,375,355,314,340,394,305,309,420,365,315,404,357,333,302,394,309,392,359,349,312,302,392,355,288,302,376,330,293,397,310,309,452,329,397,384,368,310,391,359,310,412,358,358,301,290,401,361,294,398,373,299,394,361,348,301,318,288,381,353,307,334,396,354,303,341,316,392,354,300,334,311,380,349,307,331,410,360,281,313,418,373,352,304,387,361,365,300,372,344,298,304,394,292,261,287,328,320,432,365,303,320,395,311,297,421,355,297,296,408,328,393,300,399,311,386,303,296,406,363,300,329,407,364,304,428,363,348,293,291,408,373,343,306,389,367,357,315,375,353,310,314,395,354,300,314,378,362,309,294,372,332,294,392,325,304,398,329,295,404,322,297,442,318,368,307,301,272,297,312,397,333,318,429,364,357,302,365,305,304,312,387,348,311,328,412,349,307,318,299,392,346,300,332,311,390,348,297,301,383,327,287,412,334,307,422,368,306
303,324,394,316,311,426,454,409,355,451,396,294,299,410,347,461,395,296,294,408,321,410,501,419,289,296,395,346,306,299,387,323,290,390,321,297,435,343,460,402,393,312,370,369,308,403,365,307,391,368,366,346,437,411,347,338,456,409,361,287,273,402,298,481,412,382,305,304,310,396,302,277,305,330,309,408,313,297,422,318,302,447,322,379,313,305,405,318,293,442,359,355,296,383,372,314,388,353,314,407,368,317,376,375,320,390,359,307,399,371,335,307,285,383,317,287,405,324,300,404,317,293,412,317,293,448,315,359,305,288,399,314,306,417,361,316,417,357,360,309,385,335,437,450,382,370,432,383,464,419,360,432,382,455,413,358,308,373,347,299,319,301,388,370,302,404,376,304,407,358,345,292,321,296,396,370,306,420,362,308,393,360,302,419,305,371,365,303,300,384,305,263,329,322,421,368,451,394,296,293,396,376,310,433,373,298,385,357,307,299,392,359,302,319,296,395,363,351,306,308,289,409,316,401,387,308,394,372,312,402,377,302,312,284,375,345,296,333,393,316,293,415,370,321,406,350,335,305,416,316,401,370,331,302,297,381,354,305,288,368,306,289,389,310,304,448,341,397,378,350,313,387,377,308,403,353,329,301,294,393,361,297,399,368,300,386,357,347,307,312,294,383,361,301,328,382,346,303,345,320,398,356,291,326,314,388,356,299,347,410,360,303,321,420,378,351,298,379,359,363,313,375,340,305,301,389,304,258,288,321,322,428,371,303,318,397,321,293,416,364,302,313,427,329,408,305,391,326,368,312,301,406,362,304,334,386,358,315,426,363,351,313,305,414,368,355,306,387,353,350,319,373,341,301,313,386,360,294,319,384,368,305,308,374,330,294,403,323,278,403,318,312,392,325,307,430,305,355,310,290,277,294,278,395,313,316,436,375,356,298,362,313,313,323,392,349,291,332,405,361,316,316,302,373,338,294,330,315,377,340,294,319,401,322,291,404,317,298,417,358,311
292,328,383,319,305,423,465,402,368,461,406,272,304,425,359,446,392,297,275,384,311,408,502,417,287,298,396,347,306,301,383,326,299,403,333,303,429,356,465,405,387,305,390,366,305,390,367,310,417,371,344,346,452,407,357,335,438,421,351,302,286,396,291,488,425,376,319,294,300,392,307,269,331,343,321,425,306,299,431,314,301,451,319,377,318,308,407,313,310,437,384,344,290,373,368,317,371,379,303,397,350,305,403,377,308,397,360,301,408,357,348,302,298,389,317,288,390,310,309,404,316,278,406,322,296,443,331,365,303,288,391,317,294,413,373,296,407,370,370,307,385,345,429,456,374,377,415,380,475,409,373,434,377,450,421,367,291,375,336,297,323,304,394,368,304,413,375,304,403,343,360,300,326,302,403,364,295,418,392,306,388,375,302,410,293,379,372,304,292,383,299,268,331,330,429,379,460,395,293,285,397,366,317,436,359,307,384,357,307,320,395,350,299,318,304,396,355,346,296,305,293,417,316,386,373,320,397,360,296,381,362,293,302,299,380,346,312,339,402,316,298,422,365,311,396,345,348,305,412,319,397,351,347,309,314,396,344,316,307,385,318,282,408,324,297,441,327,392,367,356,312,371,355,302,401,370,347,316,301,389,361,293,385,353,297,390,356,345,303,308,294,377,345,300,325,389,357,306,348,300,369,355,302,343,301,393,333,287,332,400,349,304,316,418,366,362,300,392,357,357,307,375,342,304,314,401,311,265,278,318,323,431,363,304,336,389,318,299,410,362,297,314,420,321,402,310,393,327,377,301,301,400,370,296,325,394,364,311,424,370,343,305,297,415,370,358,308,399,359,359,313,370,343,302,313,390,359,293,306,383,359,292,294,375,311,286,401,319,284,405,318,293,395,327,299,452,317,364,302,285,277,287,299,392,326,314,442,375,365,292,368,319,304,311,393,343,300,332,414,343,326,327,290,383,355,288,336,309,373,359,304,319,390,316,293,399,321,305,405,353,304
288,334,396,307,323,432,463,410,371,445,396,277,315,420,343,432,398,301,278,397,316,405,518,408,301,301,397,358,302,297,382,313,282,408,316,301,429,341,454,429,377,319,375,375,302,388,366,305,400,359,353,349,449,409,341,344,453,420,347,290,293,403,300,480,419,387,312,297,309,393,326,279,330,329,316,417,339,296,420,334,291,443,325,371,317,304,393,324,293,437,382,354,310,381,371,294,394,354,310,387,361,302,398,374,307,403,352,309,410,348,338,309,285,375,318,292,411,321,296,394,313,291,401,323,283,458,309,353,302,297,400,316,298,428,384,308,418,364,365,302,387,334,433,471,378,374,418,390,468,407,351,439,379,449,419,359,305,374,351,305,329,289,405,375,300,412,362,304,394,355,344,304,318,303,382,367,306,408,371,300,400,343,301,403,313,371,364,311,296,377,300,270,325,320,425,364,469,392,306,291,393,350,316,440,373,293,383,355,291,308,392,356,309,322,310,414,368,345,309,308,289,414,328,377,400,312,385,364,312,385,360,296,312,298,381,345,300,322,400,312,305,420,364,311,404,367,346,299,402,322,387,347,344,304,294,389,355,301,284,368,325,287,402,327,293,447,331,395,387,349,299,374,357,302,395,356,346,295,315,392,364,300,397,375,305,396,357,335,304,311,284,387,361,310,325,382,347,299,342,305,388,344,301,337,317,375,347,292,329,404,361,303,311,418,371,356,305,383,360,356,306,370,345,301,299,396,300,267,293,321,323,425,364,314,325,396,305,297,411,354,310,306,421,340,409,312,390,318,378,301,306,413,369,299,318,389,375,308,424,356,334,311,293,411,371,350,309,392,361,354,309,380,341,309,314,386,365,301,321,393,354,303,291,388,317,293,399,323,297,387,324,286,401,316,308,444,324,349,303,300,276,298,303,408,318,315,427,364,353,291,357,302,320,315,390,345,291,334,398,364,298,328,302,385,350,309,315,301,375,356,296,311,406,308,296,406,317,300,414,365,313
302,326,380,320,303,415,452,406,349,459,406,281,310,411,355,454,389,297,282,401,308,412,497,413,292,291,389,356,297,300,374,323,297,394,327,308,420,359,472,423,393,315,373,365,311,392,356,311,414,377,356,337,455,410,348,338,459,414,349,308,282,396,298,479,422,386,299,306,320,387,306,276,341,328,313,425,319,283,431,322,296,455,333,379,334,294,396,319,300,435,357,360,313,378,362,312,386,373,303,386,359,319,393,361,307,384,373,301,396,359,343,295,299,386,310,286,404,312,292,408,325,292,393,330,292,442,325,347,309,287,419,317,295,418,357,302,403,367,376,303,391,351,430,454,383,365,434,384,457,416,360,440,381,454,410,351,295,369,349,310,317,284,392,351,301,407,373,311,396,350,346,293,305,304,402,363,311,423,366,303,400,367,314,425,305,385,378,301,307,366,308,269,316,321,445,362,461,393,298,288,398,363,322,437,366,306,387,345,300,304,412,354,318,328,291,407,352,342,304,321,290,421,310,372,382,317,395,361,302,385,352,301,297,293,369,356,305,338,406,317,304,417,380,313,401,358,342,306,396,308,387,357,333,302,297,383,347,301,301,379,324,291,398,314,297,441,325,404,370,358,327,381,343,308,402,356,350,298,301,403,363,315,411,363,299,397,343,322,298,311,293,393,360,297,317,398,340,308,341,322,389,343,298,353,302,394,354,296,327,416,366,305,306,403,373,358,312,397,361,368,299,364,340,304,302,387,292,253,293,320,310,428,370,305,324,388,318,301,409,362,304,294,423,334,410,310,407,320,373,310,293,397,377,318,341,409,362,313,435,365,346,308,301,425,383,363,301,386,365,343,297,374,341,305,307,389,365,289,313,397,351,310,291,379,312,294,396,324,287,406,315,296,401,326,298,449,326,376,311,288,271,300,294,399,334,318,434,360,354,295,373,315,317,308,392,354,295,332,410,341,296,331,303,388,350,296,325,324,386,361,292,324,398,308,290,399,318,308,408,355,317
308,332,388,295,303,429,455,401,365,456,392,287,295,422,345,457,398,311,276,397,323,404,524,417,283,300,398,366,312,298,373,309,284,413,324,305,423,348,463,418,386,327,378,376,302,401,374,310,414,370,367,346,437,414,352,338,433,411,349,301,282,391,304,481,429,382,312,305,322,385,310,279,315,328,316,424,333,294,425,319,304,452,325,370,310,318,404,309,302,434,377,366,310,377,361,303,386,366,298,385,358,310,390,369,308,381,368,294,411,351,354,312,302,364,318,296,390,326,296,389,322,294,394,333,298,439,322,372,311,290,401,314,305,431,373,300,409,357,349,305,382,344,427,459,382,371,428,385,461,408,369,452,382,458,414,362,303,373,359,308,324,298,399,366,301,420,367,302,398,354,340,296,308,300,391,363,303,400,368,310,391,360,301,413,311,370,358,306,315,383,317,260,328,315,432,367,458,396,287,296,389,359,333,437,366,317,375,348,297,313,404,366,302,333,284,412,352,331,312,315,292,406,318,389,399,311,390,361,297,389,364,293,306,292,371,343,303,337,396,312,305,421,372,310,397,365,347,298,391,310,394,345,341,301,303,404,339,316,298,380,323,297,400,322,299,434,328,392,382,353,325,373,356,303,400,352,347,312,308,396,378,298,395,358,301,410,358,347,306,303,304,397,360,296,325,384,356,312,340,310,389,346,308,346,287,384,345,307,331,407,355,300,313,417,370,360,300,391,371,362,310,369,356,290,306,379,311,264,279,320,324,416,366,298,329,393,320,294,400,344,307,303,410,322,401,307,398,304,374,308,297,410,362,298,326,393,373,303,416,371,337,309,294,420,369,362,304,395,368,361,293,379,344,294,310,390,353,308,316,392,359,299,311,380,328,302,380,315,299,409,322,294,408,331,299,442,326,363,308,293,272,300,308,394,329,318,436,382,359,300,360,317,312,310,398,349,296,333,410,357,297,316,290,396,363,299,327,316,398,347,291,326,387,313,292,397,324,298,406,353,312
309,334,385,311,299,423,451,418,360,457,401,280,318,419,353,450,382,301,278,407,315,417,499,415,290,282,396,359,301,296,362,308,291,396,324,293,428,359,467,416,398,313,381,367,309,393,372,307,404,366,342,346,446,421,356,324,436,425,344,298,298,414,298,479,422,379,299,297,317,394,306,280,323,328,307,421,321,298,424,315,292,443,318,365,322,298,399,318,303,434,372,356,316,375,371,307,392,366,307,389,366,310,396,365,292,384,359,321,407,357,346,301,300,385,322,292,412,315,286,394,322,302,402,320,291,433,313,373,317,284,394,312,297,429,370,309,411,364,358,304,383,342,442,451,385,368,436,378,465,412,371,447,391,448,423,360,302,361,348,300,331,291,396,367,294,424,373,313,398,356,339,294,313,298,389,349,309,412,374,305,397,371,297,422,309,367,363,309,306,388,311,265,329,333,417,368,466,400,303,289,389,361,322,435,371,310,388,349,307,306,390,357,302,317,294,410,361,344,298,308,290,420,316,380,392,320,403,364,302,383,367,302,307,298,372,346,304,340,393,310,302,419,372,309,403,351,342,314,417,316,388,353,336,314,295,387,345,296,298,371,314,288,421,327,300,442,326,385,366,360,300,376,374,294,403,349,329,298,300,394,372,302,402,368,305,388,342,340,304,323,292,390,355,302,328,397,347,303,344,311,368,351,295,347,302,391,359,309,332,415,352,300,319,410,367,368,308,386,363,352,299,372,351,292,311,393,299,252,276,325,330,424,366,297,314,379,316,296,406,370,311,309,415,313,396,307,395,318,367,318,303,410,367,316,322,392,377,303,421,362,332,295,309,423,369,348,314,389,365,360,296,373,352,301,308,404,347,308,319,397,354,292,298,386,324,287,397,313,293,395,323,293,417,325,285,445,316,370,302,289,272,288,296,410,337,317,434,365,351,290,368,316,309,310,386,349,299,341,395,367,298,300,302,386,344,314,338,310,378,346,294,322,382,330,283,395,323,303,423,367,294
304,323,396,321,309,419,464,427,363,464,411,290,305,422,358,446,384,303,278,406,324,413,497,411,293,291,387,355,300,295,377,320,283,410,323,304,424,351,457,410,382,308,374,361,304,399,353,303,411,370,352,341,443,419,345,337,441,397,359,315,279,403,309,489,429,379,309,314,306,403,299,277,327,328,310,412,321,304,434,322,300,446,305,370,318,305,398,327,314,441,381,359,312,380,368,301,388,357,307,394,368,297,399,360,303,380,363,306,380,356,337,302,293,386,317,290,407,319,292,402,322,293,398,318,288,440,328,355,301,290,387,321,288,428,364,303,404,356,359,310,389,347,439,441,391,372,429,380,464,417,365,442,385,451,405,359,296,373,345,309,319,308,391,361,310,407,373,308,401,351,355,304,309,300,392,363,313,423,374,299,385,356,311,397,306,381,362,298,294,386,304,280,322,321,434,377,458,400,285,294,386,368,319,422,375,311,373,350,295,314,401,376,298,321,304,410,351,336,319,318,297,418,309,383,385,299,387,369,300,385,361,303,314,302,364,347,313,330,403,314,310,414,378,302,407,363,339,301,398,312,393,346,349,309,292,391,353,299,303,380,317,296,391,310,295,446,334,401,374,360,320,373,367,302,407,372,348,301,301,403,358,312,376,365,316,396,361,352,313,315,297,387,354,304,321,379,353,319,341,316,377,350,303,346,304,383,355,290,332,412,351,308,317,402,374,361,302,390,366,359,320,364,350,294,305,396,304,260,275,325,329,426,363,298,308,395,322,306,405,363,307,303,413,328,408,316,404,311,385,306,303,392,357,301,321,403,370,295,426,371,338,303,310,406,356,364,307,399,358,352,309,369,355,296,313,393,350,296,304,392,360,297,295,379,309,287,402,336,297,398,326,295,401,317,305,430,333,350,307,290,267,300,301,412,323,309,431,378,364,287,369,311,310,321,391,353,288,320,403,350,311,331,304,380,345,306,334,303,399,344,303,308,398,322,299,397,322,291,422,361,304
298,321,387,316,306,419,458,417,370,468,405,277,302,408,347,451,396,296,271,407,324,405,502,426,286,292,386,350,297,300,377,308,291,409,326,310,423,345,460,412,387,320,386,372,292,396,365,309,399,372,359,345,462,420,348,337,447,422,340,296,281,397,300,497,429,385,306,317,316,397,316,268,310,337,321,426,317,300,423,324,298,454,319,381,306,302,406,315,298,432,373,363,325,375,371,305,381,364,301,391,362,313,397,374,290,393,361,298,380,363,335,301,280,388,311,291,403,325,302,401,316,295,401,326,288,443,321,360,311,290,399,342,314,418,367,318,406,371,352,313,399,346,418,439,388,368,425,376,455,405,374,435,376,456,423,357,291,360,358,307,326,306,390,366,300,392,363,312,397,359,342,300,328,288,387,360,291,411,369,306,398,366,302,404,311,379,361,303,299,390,293,274,334,331,430,369,453,390,296,286,393,370,306,435,362,303,389,352,305,303,399,363,298,327,289,410,360,341,305,326,293,406,306,394,394,315,389,361,306,395,344,305,307,287,378,348,303,332,394,320,308,420,376,312,400,355,343,293,415,335,380,357,331,312,300,380,344,303,302,381,322,292,397,320,295,431,327,394,371,357,309,370,355,288,393,351,339,305,299,397,369,307,391,352,285,397,366,351,302,312,301,387,352,286,325,380,351,303,331,312,389,345,301,341,324,384,338,308,337,412,361,305,310,422,386,356,298,398,358,348,294,374,358,313,297,402,302,275,285,331,319,423,372,297,330,386,311,308,412,352,310,313,413,333,412,313,404,320,377,312,297,408,368,307,325,398,367,319,411,374,344,301,287,419,370,359,302,385,374,367,314,365,349,280,311,401,354,300,323,388,376,291,285,390,320,293,399,332,294,401,325,293,405,323,289,440,328,354,300,291,266,306,289,396,310,313,434,372,359,290,358,306,309,321,388,348,303,331,417,350,304,312,300,385,345,298,333,312,386,348,298,327,390,304,293,409,314,297,411,355,300
304,332,397,325,306,417,457,409,360,449,383,274,310,423,349,449,402,303,289,385,310,406,525,419,285,289,378,352,307,300,385,324,295,401,318,299,419,336,453,412,391,320,366,366,318,385,367,310,386,362,359,343,445,405,346,331,444,416,350,297,287,394,316,484,412,383,305,310,309,394,307,268,306,334,315,422,319,298,421,325,305,441,321,362,325,301,406,318,297,434,380,365,311,378,373,309,390,372,313,395,360,302,387,360,301,391,363,314,395,347,349,286,293,383,322,300,416,311,293,412,320,296,392,323,307,437,312,369,322,297,399,320,314,420,376,301,404,363,360,300,379,357,426,471,378,357,438,379,461,420,376,440,388,460,413,352,293,368,353,297,320,311,402,369,303,414,373,297,405,365,343,310,316,307,401,373,296,404,371,299,386,370,301,408,305,380,366,303,281,383,291,276,321,314,433,371,454,390,290,301,393,362,324,435,380,307,378,343,309,310,395,356,309,319,320,411,361,349,306,328,289,422,324,393,392,313,401,375,297,398,357,300,305,289,379,353,308,335,400,320,301,425,380,310,418,361,351,302,400,319,391,353,340,307,303,401,339,301,290,382,320,283,416,321,296,437,328,391,381,364,308,374,368,303,408,360,345,305,295,392,365,282,386,363,296,406,361,336,297,333,297,386,366,311,331,376,348,301,338,303,386,354,298,330,307,379,355,293,322,419,370,300,316,397,368,372,308,383,368,363,320,376,341,305,304,382,308,255,283,323,322,427,374,297,328,395,309,301,407,350,303,300,399,319,401,317,394,324,386,301,301,403,370,306,334,388,369,302,426,367,339,306,300,416,387,357,303,382,376,349,300,373,347,295,320,386,351,297,308,385,374,299,307,373,323,287,386,310,287,400,337,292,400,327,289,437,321,367,290,300,285,303,295,403,327,320,445,371,349,294,353,304,312,323,402,349,289,342,404,357,302,326,308,398,355,304,336,288,385,359,300,316,389,323,303,401,318,307,414,357,310
287,327,383,304,318,413,459,407,356,467,379,287,312,418,357,461,385,282,286,403,310,422,491,421,284,299,402,361,299,302,369,317,290,406,323,301,431,353,466,411,386,317,383,373,302,398,375,311,403,371,355,350,450,417,353,336,439,412,358,298,290,407,316,478,418,378,311,313,292,387,293,282,321,338,315,422,312,297,425,319,298,445,321,375,330,305,398,313,299,435,372,356,300,376,365,305,396,354,315,377,361,308,385,375,287,392,365,313,406,357,335,301,294,402,310,296,403,320,294,405,321,287,406,328,302,439,327,361,313,292,401,318,310,418,369,308,407,355,361,312,385,334,432,456,393,363,435,375,461,416,358,441,392,450,413,359,310,378,353,302,313,301,391,360,302,430,373,301,395,350,336,295,311,288,388,359,305,419,367,302,396,366,299,415,293,380,364,295,302,378,312,273,332,327,422,363,455,391,311,289,385,362,312,435,377,310,378,351,300,320,386,352,296,319,303,406,353,340,293,314,291,417,313,379,396,319,400,366,316,399,366,310,308,290,380,346,292,335,404,321,287,424,377,299,411,354,349,317,408,311,381,357,339,303,296,394,349,293,299,357,321,295,396,326,301,431,343,393,373,357,308,375,366,303,391,355,336,308,294,393,371,304,390,357,304,399,358,334,304,317,310,395,350,294,323,387,351,308,329,295,381,335,312,334,317,389,357,287,324,408,348,297,311,412,361,363,315,379,365,358,297,393,351,296,301,390,292,265,281,323,317,425,373,304,313,392,319,305,409,349,314,304,414,313,390,297,419,319,380,298,287,403,361,307,344,393,376,308,435,359,350,307,302,414,370,359,310,396,368,354,313,361,338,299,307,402,347,296,316,389,355,304,308,394,320,288,408,334,295,393,338,288,407,330,298,442,320,353,300,299,279,299,291,398,317,319,430,364,359,304,369,324,309,321,388,347,294,323,402,362,294,305,304,373,345,307,341,306,389,340,288,328,405,316,291,397,320,292,417,355,322
294,331,383,304,300,413,451,398,356,453,401,296,310,414,355,459,403,288,293,404,310,421,501,416,276,297,388,345,297,307,382,325,287,400,318,306,430,370,476,419,381,310,389,370,306,392,362,313,408,367,349,356,446,413,341,325,444,419,339,293,307,408,294,494,427,393,305,312,308,379,296,281,316,340,320,435,320,305,426,323,298,453,327,361,317,291,402,300,296,429,385,351,316,381,354,309,387,370,313,391,357,330,389,375,304,387,357,306,394,368,345,296,286,384,308,283,395,330,294,412,327,302,412,319,296,450,317,350,306,293,414,308,297,414,381,305,406,363,361,317,391,339,432,451,382,362,415,386,463,408,378,446,382,458,405,358,299,377,347,286,323,305,388,360,291,423,387,299,409,359,344,295,296,298,380,371,307,418,367,302,396,358,295,409,310,372,358,287,295,378,292,266,331,323,422,358,462,406,298,294,390,361,315,432,373,309,388,365,306,306,392,354,310,330,295,413,365,354,326,321,282,416,319,384,394,302,390,362,297,397,345,299,300,296,381,351,307,355,406,307,297,421,371,313,398,354,346,294,390,331,405,358,346,296,312,385,350,296,295,374,304,300,406,317,305,431,330,389,378,366,304,374,361,306,407,357,338,297,302,391,366,288,378,364,301,401,364,347,308,309,295,378,364,301,314,403,351,308,339,311,393,350,293,332,312,384,343,301,333,409,357,297,315,404,365,360,303,383,354,356,297,372,350,291,292,393,291,263,301,327,317,427,349,294,322,404,314,294,412,353,297,313,413,341,390,300,378,318,374,308,290,411,371,288,322,389,352,304,415,358,346,298,290,417,366,373,301,394,362,352,309,370,348,294,318,391,367,303,315,389,358,306,292,377,317,298,405,323,295,402,324,292,416,328,286,442,318,363,314,299,275,301,297,404,324,317,430,371,359,293,368,308,308,311,394,336,297,343,407,364,308,324,290,379,362,303,324,311,389,354,299,327,404,323,289,402,322,294,401,361,320
301,328,402,319,304,424,458,413,352,464,408,274,312,415,363,455,395,294,299,396,321,418,501,417,272,285,386,351,298,292,383,330,290,415,322,298,427,358,452,402,383,307,379,385,302,381,352,329,396,376,351,342,439,412,356,337,449,420,358,299,286,392,289,495,433,375,309,309,317,398,314,290,318,339,320,428,329,298,426,316,304,452,322,384,308,296,411,314,304,432,382,361,310,365,367,297,385,352,298,393,361,298,389,365,300,401,369,304,412,362,335,302,290,386,314,282,407,309,290,398,325,295,387,330,302,443,321,366,301,290,399,318,304,420,380,308,400,359,357,305,383,341,431,446,359,375,427,385,454,418,356,439,372,463,418,363,284,366,345,309,329,296,391,364,305,408,382,308,400,349,353,300,311,300,391,364,298,422,366,300,373,356,310,408,299,367,368,300,294,378,308,269,310,322,427,364,461,405,303,297,396,365,316,430,369,297,376,349,295,316,390,353,297,303,305,407,363,345,311,307,287,417,314,374,388,328,390,367,297,389,359,313,317,271,383,350,280,338,391,322,307,429,363,324,399,348,340,311,424,311,398,366,333,305,301,401,350,301,289,375,318,300,404,315,305,447,318,390,380,369,305,378,371,286,396,360,339,312,300,390,349,298,397,355,311,397,358,356,296,313,289,391,348,290,327,387,340,309,346,322,379,335,305,326,305,392,342,291,331,406,359,298,305,415,375,371,310,396,374,363,289,372,349,308,310,390,303,274,285,329,327,439,356,310,322,404,304,299,428,352,297,303,416,317,397,312,386,303,375,298,294,416,365,306,323,397,370,293,421,352,347,302,298,409,365,358,305,405,357,355,313,360,355,308,313,397,343,292,296,387,362,282,299,371,323,277,401,325,297,401,328,296,401,331,306,454,308,361,304,289,270,295,311,398,335,316,447,362,360,296,346,313,312,315,384,352,304,333,397,359,306,319,296,378,354,296,329,312,381,346,292,327,414,309,299,406,322,297,407,367,302
297,307,395,320,306,431,454,407,357,469,401,298,306,419,355,440,394,294,277,396,313,419,508,426,286,304,406,352,312,295,379,315,299,399,307,299,420,348,451,409,395,318,377,368,305,402,366,325,406,370,347,349,445,419,349,340,450,417,348,300,284,408,296,470,412,386,300,291,315,383,296,277,326,335,321,418,321,298,434,316,292,445,312,372,316,308,394,318,299,431,369,367,304,383,365,295,386,363,310,398,356,316,367,362,323,385,372,299,402,355,349,296,296,386,324,287,410,321,286,397,324,283,416,325,302,430,327,355,301,297,391,324,284,415,368,318,403,362,371,306,381,329,431,450,369,367,428,379,461,407,362,447,383,448,428,369,297,375,345,304,312,307,388,358,310,408,363,313,396,350,336,296,300,306,387,359,304,417,375,298,394,362,314,409,321,383,364,295,306,385,303,284,315,325,421,369,463,396,292,305,391,356,309,446,377,297,379,346,301,315,407,356,312,320,294,414,362,341,304,326,282,416,324,393,380,307,402,355,296,383,350,298,312,292,377,359,306,347,391,311,290,417,365,307,415,363,346,314,412,319,386,361,330,313,295,379,357,292,301,381,336,302,398,320,299,448,325,390,377,352,321,391,370,316,402,353,345,305,309,399,373,300,389,362,301,407,353,357,306,317,299,394,353,290,315,399,357,304,346,308,382,345,295,341,317,370,337,288,325,401,362,296,318,407,382,361,313,374,361,366,312,371,340,290,297,399,307,261,276,325,312,419,372,298,330,393,322,293,407,356,298,300,409,325,406,306,396,309,361,307,297,407,365,301,338,389,373,313,431,362,352,300,300,422,378,371,298,387,360,361,309,374,347,294,302,392,343,300,302,378,356,297,287,372,321,304,404,317,291,414,303,298,404,319,293,454,315,369,305,296,267,293,299,398,328,321,441,365,343,289,365,306,300,326,402,354,288,330,419,350,307,330,304,377,349,309,344,318,378,357,299,325,393,323,282,406,326,294,412,366,304
299,328,387,315,310,427,462,403,371,465,394,291,314,412,363,464,385,298,287,399,326,418,494,415,281,292,391,360,300,313,389,310,293,401,312,309,409,355,453,432,382,329,394,366,301,396,361,313,405,374,349,349,451,408,346,347,448,419,346,312,294,397,303,481,430,381,297,322,306,396,302,277,330,332,310,421,329,298,426,310,288,439,315,378,328,306,407,313,299,435,374,362,308,374,346,310,382,353,298,403,359,299,387,365,304,390,361,302,389,359,340,308,282,382,309,291,396,316,292,393,331,295,399,325,298,447,320,366,305,284,407,319,295,424,367,313,410,357,368,308,393,343,424,457,386,359,408,381,466,409,376,441,371,456,415,367,310,378,336,295,323,306,400,360,295,411,379,305,407,366,353,298,322,304,405,354,311,416,370,317,394,370,305,407,317,373,361,296,300,389,301,254,328,331,424,360,463,397,288,286,392,370,327,429,363,308,388,345,297,308,397,341,311,318,307,410,356,349,308,332,290,420,320,386,386,324,389,356,309,379,342,301,321,285,376,356,305,340,395,324,299,444,371,306,399,369,358,298,410,307,387,354,350,301,293,381,346,300,298,384,317,303,401,320,296,432,326,395,360,358,311,386,351,312,394,358,332,303,300,387,377,298,400,358,299,395,360,353,293,311,303,393,360,297,315,394,355,309,342,310,393,348,289,335,314,377,345,291,340,410,352,302,315,418,371,357,299,383,368,350,300,364,351,297,304,395,310,268,282,325,319,430,368,298,327,399,322,292,412,346,312,305,416,336,415,312,393,317,385,313,288,404,360,297,328,404,364,309,431,363,338,287,299,407,366,364,317,381,357,368,304,371,353,302,313,392,357,300,311,396,356,305,295,371,327,289,406,319,294,413,319,296,412,330,290,448,323,374,307,289,276,307,297,403,323,320,440,375,372,295,368,309,298,315,393,348,306,338,403,357,305,322,309,379,344,302,334,306,386,343,286,320,398,320,294,402,326,293,411,366,315
293,330,387,320,305,424,460,401,347,453,394,281,312,403,350,459,409,294,292,395,304,416,519,418,288,295,382,352,305,300,370,316,285,390,310,290,424,343,459,406,398,318,385,370,312,392,356,308,406,373,358,338,442,412,337,319,463,409,358,303,301,397,309,488,416,394,298,311,323,381,296,269,327,336,309,420,323,318,422,324,293,439,321,375,314,297,399,309,288,433,379,370,305,378,374,297,371,362,308,386,364,309,394,370,302,388,366,300,419,360,345,297,298,382,311,291,400,336,292,405,325,298,401,325,287,427,316,363,310,292,381,308,312,410,363,305,403,358,352,308,387,333,425,464,383,387,425,384,473,423,361,433,379,452,420,370,308,368,343,305,337,303,392,372,292,414,356,305,392,359,345,305,310,305,384,366,305,406,374,299,387,361,299,417,325,390,366,297,306,376,315,274,321,321,444,368,457,403,303,297,380,360,313,422,362,319,380,342,316,309,383,349,287,326,298,410,357,357,300,315,289,422,312,366,387,300,398,363,308,389,362,300,305,294,381,356,295,334,394,320,291,417,367,309,404,358,340,306,407,332,382,354,340,295,293,392,341,302,291,371,312,294,410,330,302,444,327,389,371,357,308,377,365,310,397,342,347,306,293,399,376,318,387,359,310,397,344,347,290,317,301,378,339,304,320,394,363,312,334,298,383,356,305,337,301,384,350,301,324,404,368,298,311,421,375,367,312,380,362,362,313,383,344,302,317,402,298,262,275,308,325,426,359,305,312,398,307,298,408,371,300,309,412,313,399,312,411,315,379,319,302,398,362,303,326,391,365,301,434,359,339,306,294,418,363,355,299,387,359,364,307,374,347,303,310,388,343,295,309,393,358,287,310,379,306,294,389,331,287,398,319,289,392,322,299,437,307,366,299,279,267,297,298,400,319,314,431,372,349,301,362,324,324,313,390,345,302,321,401,352,304,325,291,376,360,299,333,305,392,341,310,322,416,320,293,400,320,290,406,357,309
290,320,391,309,300,422,449,400,357,464,390,278,307,419,341,440,402,299,285,409,333,428,499,422,287,299,389,347,313,313,379,322,284,395,311,294,419,353,468,412,387,304,371,355,317,388,369,307,391,364,358,343,447,422,349,334,446,420,344,309,301,405,292,479,425,386,310,301,307,385,307,282,322,328,319,416,324,292,423,320,306,454,328,373,304,293,397,321,290,424,378,363,312,376,362,298,387,362,299,387,362,296,388,362,303,388,375,305,400,358,340,308,300,386,306,298,397,320,285,404,316,307,396,320,303,436,316,366,307,292,406,319,299,417,373,300,405,367,369,293,374,336,429,458,377,364,425,373,469,405,381,422,391,439,423,356,296,381,331,303,317,311,380,370,296,409,363,299,404,356,348,311,311,310,384,365,306,406,365,302,387,362,297,416,314,363,370,298,291,378,303,271,315,338,435,372,460,402,314,277,393,366,327,438,368,309,385,347,306,303,391,353,306,327,305,405,351,339,301,310,300,393,319,392,377,317,390,363,308,394,358,301,311,282,375,348,306,334,413,331,309,434,358,310,396,360,351,315,410,306,393,359,358,303,297,390,353,314,298,371,308,297,389,310,295,438,319,387,373,363,314,388,354,307,400,357,341,304,297,390,385,301,404,341,310,398,356,342,302,313,300,394,359,307,316,392,360,300,337,313,390,349,293,333,312,391,336,299,336,413,354,292,319,408,367,355,297,387,361,356,313,373,331,302,308,389,298,272,285,327,319,434,374,300,311,400,315,303,418,348,300,304,408,324,403,300,388,322,375,311,294,411,356,312,331,400,365,309,437,370,342,309,299,410,371,358,314,405,361,344,312,362,343,305,302,389,348,297,301,393,353,308,295,376,316,292,403,326,292,399,322,287,396,317,306,443,319,374,296,304,275,294,283,397,330,304,423,374,350,308,359,299,317,311,392,353,307,335,405,357,312,319,300,382,342,311,332,304,384,348,299,316,393,319,296,399,320,290,402,365,304
298,321,399,319,317,425,470,398,352,462,414,284,306,420,361,463,383,294,261,399,311,410,505,418,272,304,388,344,304,288,380,324,289,403,322,297,422,346,474,409,381,318,382,366,313,412,371,286,395,360,361,338,438,432,356,355,450,420,361,292,286,400,307,477,427,388,300,312,315,391,304,279,337,337,297,418,309,284,434,314,296,443,312,372,317,292,393,316,297,439,363,361,303,378,359,311,383,368,304,399,349,304,373,361,305,391,353,316,389,349,342,306,284,380,314,292,395,308,295,396,318,291,401,323,288,440,331,378,303,283,392,323,297,426,365,312,408,357,362,314,379,346,422,445,382,365,426,374,463,402,364,452,390,461,420,373,302,375,338,317,328,299,391,361,307,404,367,314,403,354,336,314,310,302,391,365,298,400,364,315,391,353,321,400,315,373,385,296,299,383,303,270,344,323,420,359,459,393,294,295,388,364,310,445,357,303,377,352,309,318,395,357,289,311,285,408,351,352,307,320,285,408,307,376,392,315,396,373,307,388,364,311,300,285,365,363,299,347,397,318,300,423,370,307,410,357,330,309,410,316,396,358,341,298,298,384,354,306,297,390,318,292,404,318,301,437,333,390,360,355,298,378,361,309,400,347,330,309,297,401,370,305,397,367,310,397,366,354,297,323,300,389,361,303,330,394,351,315,342,306,378,350,309,334,309,385,350,308,319,413,354,295,306,408,374,362,317,388,356,363,304,370,352,312,316,392,308,254,288,326,331,423,365,306,321,408,316,309,414,362,299,308,415,336,397,299,390,307,375,307,299,395,357,312,333,403,361,313,432,350,346,309,305,396,373,367,310,382,363,362,307,388,349,290,319,395,356,287,301,386,361,295,297,367,317,293,388,323,295,411,314,293,405,325,296,448,315,359,296,295,272,292,292,406,321,315,429,376,354,305,366,312,314,311,386,349,295,336,410,342,310,327,304,385,344,307,337,316,378,342,286,329,405,328,301,409,332,299,419,355,317
302,324,394,311,309,422,461,397,363,455,404,283,301,415,350,454,394,298,267,390,314,404,499,421,289,293,384,346,300,306,379,317,293,398,328,301,418,343,454,412,392,314,373,372,306,392,357,310,408,367,364,370,453,407,347,344,441,414,356,302,304,415,303,481,429,375,311,299,316,387,307,281,321,329,320,424,319,292,417,329,303,454,329,369,322,304,402,325,297,447,382,365,309,370,368,302,382,363,310,391,364,300,396,369,300,384,360,300,386,349,345,309,293,380,305,294,408,338,291,404,327,287,415,323,299,432,316,371,301,285,405,331,299,408,379,297,400,359,352,312,381,346,424,454,391,364,422,384,476,428,368,453,379,443,418,375,309,359,344,308,330,296,395,371,300,409,366,305,392,348,349,312,317,299,398,377,298,412,364,303,385,365,318,405,310,381,364,306,306,366,311,274,320,332,416,371,467,394,287,282,388,372,323,428,364,314,382,348,294,316,394,347,309,312,293,412,354,340,301,314,301,403,317,399,392,323,388,366,304,399,373,299,311,293,375,338,307,346,399,315,306,422,368,302,411,358,346,309,396,329,389,352,336,298,298,387,361,301,293,380,320,288,402,320,293,447,326,383,364,356,312,375,372,305,400,364,348,311,287,407,360,290,390,357,309,406,366,342,301,313,308,394,364,299,325,391,345,298,350,313,387,353,317,351,318,393,340,309,331,413,341,293,318,401,367,363,303,382,364,363,309,380,349,302,312,387,312,264,285,317,319,426,371,317,327,374,320,299,409,371,297,290,407,322,409,310,400,320,384,321,292,398,371,307,337,403,369,310,423,368,345,296,284,416,372,355,303,396,367,368,316,364,351,297,307,401,359,298,316,393,366,291,295,376,321,284,398,323,299,395,319,285,399,312,300,444,328,360,315,296,277,302,282,402,330,313,437,380,371,294,356,318,312,306,388,363,295,330,410,351,292,333,296,397,345,303,336,298,392,355,306,315,393,313,295,396,325,312,410,350,309
302,328,395,311,302,421,457,393,357,456,386,289,302,413,353,454,395,291,290,402,317,411,495,410,293,305,384,361,301,305,379,330,297,396,318,299,421,359,460,414,390,308,381,367,296,391,360,321,387,374,349,341,440,399,348,339,443,410,340,313,291,405,312,470,432,391,305,303,318,390,298,277,319,337,313,421,324,299,426,321,288,444,323,372,315,293,400,314,297,431,363,357,300,383,363,305,401,358,305,383,381,312,379,373,296,387,364,308,400,354,334,314,286,380,308,295,394,330,296,394,315,293,402,317,295,438,320,366,316,274,397,317,299,416,379,314,419,361,367,300,371,357,434,448,380,379,443,371,461,426,361,445,383,455,429,372,300,371,348,296,321,305,399,365,308,403,363,296,418,362,340,288,311,302,398,365,301,417,375,308,386,362,307,421,309,371,368,308,319,381,310,265,320,317,438,378,478,399,301,283,397,362,316,429,358,314,374,366,298,324,391,351,314,322,286,408,354,337,324,315,300,417,312,383,383,307,397,366,297,393,347,300,301,283,377,350,310,341,390,315,310,417,364,303,403,356,352,307,395,324,394,346,335,303,296,389,354,308,297,374,317,285,399,329,287,444,333,391,377,368,306,389,364,300,396,349,356,298,300,407,376,296,401,348,305,402,362,336,301,315,288,384,372,308,322,393,358,309,334,312,381,352,294,338,309,387,349,296,339,406,348,299,313,405,364,346,304,383,370,357,312,379,368,304,298,389,321,274,287,320,309,425,365,301,318,396,320,306,410,340,306,306,415,335,393,303,394,314,377,304,302,405,355,322,334,399,372,311,421,368,351,304,295,413,379,354,307,383,364,357,312,359,349,295,330,388,360,301,314,378,356,300,299,370,330,294,386,320,293,410,320,292,393,313,301,442,316,359,312,285,275,294,295,408,317,304,433,380,371,297,363,322,314,303,376,351,304,334,400,356,309,321,298,384,340,293,339,303,382,344,304,310,397,325,301,395,328,301,402,370,308
306,330,386,311,306,415,442,406,354,468,401,287,295,413,357,450,391,310,278,406,312,416,504,434,294,294,389,352,290,306,381,316,296,403,332,303,424,352,468,410,383,328,366,356,310,388,361,298,409,373,368,350,456,407,344,335,452,416,345,300,305,412,296,489,432,372,311,300,308,393,299,275,316,318,298,430,318,294,419,323,282,449,322,381,321,303,404,308,291,430,366,344,302,391,365,304,384,375,300,383,369,316,391,380,301,391,351,303,402,358,349,306,287,383,310,298,396,331,296,405,330,287,401,319,311,441,314,363,309,287,386,321,302,421,369,310,416,350,353,307,376,342,419,451,387,364,426,379,457,412,364,443,393,459,418,369,307,373,346,293,320,285,387,368,312,411,371,302,398,357,344,294,307,293,389,368,295,420,368,300,392,358,311,396,309,381,361,299,296,384,307,282,323,314,436,368,464,394,293,283,381,372,320,441,372,309,387,361,293,306,394,362,316,318,290,420,366,345,309,307,292,401,307,377,388,300,388,369,300,384,355,298,316,289,369,332,305,339,379,324,307,427,373,302,406,365,347,313,411,313,389,352,344,307,302,389,353,297,291,370,308,297,402,312,302,440,338,385,367,375,309,384,351,315,399,358,335,306,295,402,357,315,390,370,311,400,348,345,309,316,298,384,353,289,329,401,356,301,344,309,380,340,310,353,309,386,356,292,309,392,358,292,316,399,377,370,310,400,363,338,311,364,348,296,308,400,310,268,292,325,313,439,357,302,314,415,327,296,425,345,298,306,408,306,393,305,382,314,368,309,314,395,358,311,327,398,372,312,423,368,344,296,293,410,376,362,303,380,357,359,304,375,341,298,311,393,349,282,313,390,355,300,296,373,308,287,404,326,291,411,317,291,410,316,297,442,319,368,293,300,281,306,292,401,319,315,427,368,364,292,368,318,314,313,380,352,296,331,410,356,295,320,307,381,340,303,334,316,385,352,297,317,391,318,287,395,320,310,415,351,309
305,318,382,316,312,432,450,418,367,467,400,277,302,402,355,448,405,296,273,402,303,406,499,417,282,302,385,352,313,313,375,323,300,398,330,304,425,358,459,420,380,307,373,368,307,399,358,313,399,381,359,347,449,408,352,324,448,406,348,294,279,407,296,473,426,390,313,304,315,380,303,289,327,339,324,416,321,308,416,312,300,450,332,374,320,300,387,330,314,449,371,361,303,376,377,303,400,367,310,385,353,301,388,361,311,406,356,288,403,361,339,305,276,378,309,295,399,315,297,400,316,287,399,329,304,444,317,374,300,291,397,310,295,412,372,309,408,371,350,302,384,345,425,455,381,355,438,380,458,405,373,445,382,450,417,356,300,371,357,303,317,288,391,362,299,414,369,306,398,352,342,300,306,293,386,358,287,423,390,309,391,373,306,413,314,374,368,290,298,374,303,268,323,325,423,372,457,395,294,281,389,374,323,437,369,304,379,363,297,314,394,359,309,314,304,398,359,341,304,312,293,420,329,380,383,326,385,359,312,385,365,298,306,284,373,357,301,346,397,317,302,433,371,309,413,344,351,312,399,314,386,349,347,310,300,394,349,315,306,374,317,292,402,326,296,429,327,396,390,361,309,385,369,301,392,359,340,303,304,393,361,303,387,360,304,395,359,347,299,305,299,391,361,301,321,384,356,307,336,305,391,355,293,332,308,381,348,307,328,403,362,308,310,423,368,366,295,384,358,360,314,368,351,298,304,396,293,255,289,322,314,426,372,311,317,396,311,308,406,368,304,297,406,328,400,319,405,323,378,310,296,408,372,303,328,394,355,304,423,370,343,297,305,411,364,361,305,392,355,353,314,386,360,307,325,407,360,297,323,402,358,294,295,379,313,292,401,322,305,407,327,281,400,316,301,432,319,371,310,291,281,305,322,405,328,308,411,376,351,296,365,322,307,307,392,340,299,335,395,355,319,310,306,391,345,297,341,308,379,353,301,324,399,312,281,404,325,297,415,362,307
301,312,381,304,304,421,447,416,352,454,401,292,305,421,368,459,396,301,281,398,321,408,499,414,286,286,378,364,299,299,389,313,284,391,311,294,439,349,475,416,394,319,375,365,305,389,361,296,389,372,358,349,441,414,356,332,453,409,358,309,293,410,292,487,424,389,296,300,309,388,294,288,330,341,300,433,323,307,424,337,303,455,314,373,310,310,393,321,315,433,387,359,297,380,361,297,391,357,311,384,370,297,403,362,325,383,360,313,403,358,347,308,294,378,308,289,399,316,289,391,321,291,398,318,299,444,312,361,293,281,385,313,302,426,370,311,402,361,348,298,380,333,429,455,372,368,412,380,463,411,385,440,381,446,425,365,301,363,355,302,319,293,400,385,295,411,374,303,402,367,353,304,301,281,397,382,316,401,370,311,378,371,302,406,307,359,359,294,296,385,302,274,307,324,440,347,479,390,302,283,387,370,324,429,364,308,385,344,301,319,382,362,304,314,299,413,360,343,321,317,302,399,315,398,382,303,393,361,306,377,351,296,312,289,387,346,312,330,398,320,295,415,371,304,408,362,345,308,395,317,394,350,337,305,298,389,354,318,301,380,305,288,412,326,305,448,330,377,376,348,314,378,362,301,402,360,342,288,307,395,365,312,397,365,309,401,357,350,305,308,303,384,357,298,324,402,365,314,341,314,391,351,298,338,297,378,356,300,327,397,363,300,310,409,372,349,301,390,366,357,309,358,341,300,306,403,301,254,288,332,318,422,357,314,323,398,327,298,399,361,313,299,404,330,404,310,402,315,384,309,299,408,342,309,332,398,370,311,420,372,361,297,294,410,370,372,303,389,362,354,300,371,342,302,320,394,349,297,307,394,359,296,287,385,321,301,403,322,294,413,316,291,403,315,294,453,316,359,305,298,273,304,306,399,332,310,433,376,367,287,361,318,318,311,397,347,294,332,401,364,312,321,309,383,350,315,324,311,382,345,296,319,403,316,277,404,319,293,411,356,316
291,329,396,318,299,405,453,413,366,468,406,297,303,417,350,457,388,291,289,398,314,407,504,433,290,292,382,345,307,296,377,325,296,402,312,293,421,358,463,413,387,323,369,372,308,402,361,296,399,374,351,352,454,409,358,348,455,418,359,302,286,406,302,481,427,387,308,314,309,392,307,269,316,336,310,425,335,302,431,312,300,443,317,367,308,294,394,321,307,427,364,353,293,379,372,315,383,358,291,388,355,299,383,370,316,399,362,308,397,345,347,304,298,374,305,303,411,328,291,404,315,296,399,324,307,446,334,361,317,292,403,310,304,410,360,311,405,359,353,309,382,352,429,451,375,376,429,380,472,425,363,447,367,448,410,351,301,364,343,299,323,296,391,367,309,418,372,320,401,353,343,289,302,298,400,361,303,411,365,298,384,360,312,422,308,373,371,307,303,379,312,278,314,331,418,362,470,398,305,287,392,360,320,443,365,299,375,351,301,306,400,357,300,321,291,402,369,344,302,304,296,414,315,379,379,315,393,362,311,383,356,294,304,292,382,349,299,352,396,315,295,417,370,302,415,352,354,305,417,307,394,359,330,306,302,394,347,303,299,369,321,299,393,324,294,451,341,395,368,367,300,372,372,314,413,354,347,305,303,399,374,296,382,362,295,402,362,337,315,317,299,394,356,303,320,385,359,299,343,307,388,351,304,335,316,386,360,290,323,406,355,305,312,392,376,348,294,393,374,377,307,369,353,295,294,388,306,269,298,328,318,425,377,298,333,393,324,285,425,361,299,303,412,325,395,311,392,323,381,301,303,406,367,298,336,409,372,302,429,375,337,301,315,395,362,362,320,389,358,367,318,378,341,308,298,391,354,306,318,388,366,293,300,383,325,292,395,312,283,405,323,287,405,310,292,452,312,366,302,301,277,305,311,404,316,316,412,387,360,304,362,316,317,318,386,354,283,331,408,359,309,329,293,385,346,292,338,303,393,351,294,323,390,324,294,405,317,295,414,344,301
284,324,394,324,305,421,458,418,362,457,392,289,304,417,352,446,406,294,276,400,322,410,503,420,287,295,390,343,289,295,374,321,295,402,320,298,421,351,462,407,387,322,390,360,298,400,369,307,405,362,353,347,450,408,346,338,449,420,361,296,284,402,307,486,431,387,305,300,317,371,299,276,319,336,310,422,322,304,422,322,302,445,322,379,316,294,400,313,298,431,363,354,306,369,374,290,386,363,311,389,369,297,377,369,300,375,364,308,385,361,346,305,283,376,316,291,395,318,288,418,307,287,405,325,295,446,310,367,303,289,397,319,281,417,377,306,408,368,358,307,378,344,427,459,386,377,435,384,451,402,369,444,387,451,414,363,296,367,347,299,315,306,389,359,307,411,376,294,407,350,348,304,309,300,392,349,289,407,374,294,397,353,318,413,305,381,366,300,301,376,304,274,317,330,436,367,456,398,293,292,386,369,321,432,380,300,375,348,288,333,390,350,306,331,291,410,367,348,310,308,279,408,316,383,394,311,395,352,315,383,357,302,304,293,380,368,306,329,394,316,297,418,372,308,405,345,335,300,401,303,400,362,341,318,293,382,367,319,298,379,324,296,403,315,306,440,330,391,363,373,316,378,360,301,398,358,339,297,298,390,373,307,385,374,299,397,354,343,302,318,302,389,363,300,320,387,341,294,339,299,382,349,296,335,308,384,361,291,351,403,354,297,316,408,368,360,308,382,369,358,312,370,343,294,313,385,306,267,291,333,315,410,371,285,326,396,322,293,420,362,306,312,428,318,397,297,408,317,379,311,297,400,345,306,319,395,358,308,424,366,354,298,301,404,376,371,296,393,375,360,305,371,348,291,308,403,361,297,303,397,359,297,312,378,322,290,407,314,290,405,328,297,401,318,282,457,315,364,301,284,252,304,296,394,322,322,429,371,351,293,354,313,312,330,390,356,288,341,400,345,302,323,300,389,361,296,337,309,398,346,305,325,391,315,287,404,323,286,411,341,305
303,340,392,308,302,428,455,408,360,465,390,286,305,414,351,468,414,303,282,398,330,413,508,423,283,300,389,354,305,298,385,312,291,396,324,298,423,357,471,423,390,317,374,361,303,400,370,315,395,369,357,351,444,428,354,333,444,414,356,309,287,404,314,482,428,390,303,303,301,385,304,278,311,329,316,426,328,298,409,331,310,446,315,362,312,304,396,313,288,433,363,363,307,372,363,313,389,353,303,388,356,306,388,360,315,398,361,297,394,343,349,302,280,381,307,289,404,332,290,405,300,299,403,328,291,446,321,367,312,297,405,309,300,422,372,292,412,353,365,307,376,340,434,455,377,372,433,378,461,409,355,438,388,457,419,355,287,373,351,308,323,292,389,371,299,424,364,308,403,356,334,299,326,302,389,382,318,421,383,318,394,355,288,421,308,379,365,303,299,374,304,269,345,320,426,364,456,396,285,286,388,372,313,451,375,314,390,354,312,323,382,353,307,322,293,412,353,351,313,317,282,420,316,383,387,314,402,369,311,401,345,309,307,288,375,359,310,332,388,330,302,424,365,299,397,350,349,309,415,327,381,356,351,308,298,393,360,291,299,381,323,289,406,311,295,441,334,400,374,363,311,388,357,307,397,362,333,309,296,397,345,302,384,353,296,400,376,336,296,318,284,383,358,296,333,401,349,292,345,308,394,347,295,341,309,376,339,296,333,411,363,283,311,396,367,347,304,389,367,357,300,391,342,305,295,393,291,257,286,322,318,425,376,306,316,402,316,302,416,359,312,307,418,334,403,302,393,319,357,313,303,395,361,295,342,388,372,303,428,358,330,295,291,407,362,358,302,385,356,354,310,381,355,306,306,397,347,306,322,383,349,306,289,377,322,303,405,317,292,390,316,291,400,306,306,446,317,345,308,295,276,302,302,409,325,317,435,378,363,280,375,317,318,326,395,345,299,338,391,361,312,329,297,381,356,307,327,317,388,362,304,327,395,323,286,399,322,294,412,354,298
290,331,403,305,297,413,464,403,351,468,402,270,298,397,341,448,400,298,289,394,340,413,500,411,291,286,392,358,300,304,365,324,296,411,318,296,423,358,461,406,391,308,361,383,310,391,366,295,416,370,350,337,440,407,344,351,445,415,350,303,287,396,313,482,414,381,300,303,307,391,314,273,324,343,320,421,322,294,419,313,295,450,318,366,303,302,398,315,309,436,377,361,308,370,351,310,396,361,315,385,362,321,392,371,300,386,368,316,389,364,343,301,286,381,310,298,405,331,294,399,319,295,403,338,300,440,322,352,308,294,404,308,282,424,373,292,403,361,355,294,383,350,434,456,380,363,432,397,460,403,365,446,386,458,418,367,307,363,357,296,324,296,382,353,303,430,365,306,408,366,349,306,313,288,396,365,305,411,368,311,385,355,311,421,308,372,356,300,290,369,294,274,324,328,428,371,464,397,297,300,385,373,324,430,366,299,379,340,306,304,401,364,301,330,291,420,377,351,298,315,278,424,315,389,389,307,382,366,296,395,363,292,317,305,391,338,314,328,404,311,306,423,362,314,403,353,340,314,397,318,388,351,342,300,287,396,368,304,300,385,320,298,411,308,296,440,334,382,376,373,306,392,359,306,407,340,342,295,301,405,355,303,401,361,293,396,353,346,298,324,306,396,359,288,342,392,338,313,342,312,388,354,310,334,306,387,343,309,339,399,353,295,310,403,367,360,317,402,362,348,308,369,352,300,298,398,297,271,297,324,321,429,368,301,330,393,320,300,410,360,312,306,417,316,408,305,392,320,378,313,294,421,374,307,334,398,361,308,423,370,345,305,303,426,359,360,300,399,367,358,329,374,345,294,305,393,365,305,321,386,354,302,306,373,308,292,403,316,291,406,306,290,391,321,301,444,332,358,307,289,269,307,306,412,320,325,430,388,367,304,359,317,324,315,384,351,303,328,414,349,304,324,298,392,342,310,351,303,386,339,305,319,397,313,294,402,314,304,411,352,316
309,332,383,320,298,427,461,415,354,468,399,294,305,409,349,456,395,292,280,385,311,419,510,407,290,296,376,352,304,302,371,315,304,395,332,303,431,351,456,416,392,322,371,360,324,381,363,295,405,360,355,347,448,405,347,341,449,406,343,296,287,407,295,471,422,393,309,309,318,403,294,273,322,329,310,421,322,292,420,324,301,449,325,370,321,300,392,307,297,426,373,358,319,365,370,305,395,377,303,397,360,306,388,350,306,410,372,294,410,349,345,289,281,383,306,280,397,323,293,405,314,286,403,321,298,450,317,354,314,299,401,327,295,409,362,294,410,345,353,317,377,345,435,457,385,369,441,384,445,414,366,432,375,459,419,358,292,372,346,307,323,305,390,371,313,407,368,309,393,360,342,310,313,296,409,367,301,413,371,307,382,367,309,422,302,381,355,301,295,374,293,277,325,330,421,367,466,400,300,294,397,377,313,438,389,295,391,347,301,315,395,352,311,313,300,420,366,349,310,315,283,411,313,380,390,313,389,370,304,390,358,306,310,296,379,349,291,346,395,310,299,423,371,313,395,340,348,309,389,319,394,352,337,307,301,389,352,297,307,376,314,297,401,314,296,436,322,382,355,364,317,380,365,298,410,344,352,306,301,403,362,303,393,372,312,396,359,349,306,323,303,380,358,288,326,386,344,295,337,318,383,348,290,338,308,372,345,296,324,404,357,303,310,392,380,361,319,400,368,354,303,363,345,306,305,403,294,265,283,318,316,418,356,300,315,389,317,302,412,364,306,304,402,328,402,298,410,311,374,304,291,406,363,304,321,397,374,299,432,366,341,305,295,416,359,367,313,389,375,364,306,363,344,309,315,395,350,288,311,386,344,297,292,375,304,286,398,326,301,412,324,289,405,313,301,439,315,371,293,290,271,307,307,399,318,316,427,382,358,304,368,302,316,312,378,348,308,331,407,359,308,323,300,388,341,299,329,316,393,346,318,334,399,306,291,397,330,307,407,359,305
304,327,392,311,312,420,450,408,365,460,391,275,315,412,347,452,405,297,282,404,321,405,500,412,288,290,386,351,291,292,382,312,289,395,336,304,421,357,461,405,395,312,377,374,305,389,359,309,394,365,341,351,443,401,362,334,436,417,353,318,298,397,301,483,421,391,310,312,319,379,309,267,322,337,320,417,321,302,440,309,289,447,321,378,329,306,399,319,291,429,373,366,310,373,364,313,394,369,299,405,366,304,386,362,305,385,361,311,410,345,350,301,291,378,303,306,414,328,300,397,324,279,406,314,298,433,325,365,305,299,398,317,294,422,369,314,410,362,354,302,389,330,436,448,375,361,431,383,445,412,356,430,390,450,416,358,293,363,336,313,321,286,385,384,290,420,371,307,395,355,336,307,327,307,384,363,302,413,368,300,382,365,306,411,299,376,346,292,300,381,302,263,319,309,428,360,455,394,294,296,394,356,305,438,374,304,376,341,300,306,380,353,289,318,290,425,350,346,300,317,307,408,318,376,393,313,402,356,310,384,374,296,298,275,378,360,306,335,405,324,311,420,375,303,404,358,349,315,387,313,386,355,332,307,298,390,357,301,294,370,318,302,400,323,306,436,324,403,367,362,309,367,365,308,400,366,347,306,297,393,381,311,391,356,307,399,364,346,313,322,296,383,359,299,325,385,351,291,347,306,385,328,302,340,305,385,355,297,330,402,354,309,316,415,375,372,299,381,355,356,305,371,337,303,311,380,307,266,291,321,322,413,363,301,319,383,315,307,417,359,301,308,402,334,390,299,394,315,367,302,299,407,358,310,334,392,377,304,430,373,341,305,295,402,370,351,305,387,362,361,308,380,358,309,306,385,361,292,300,389,354,318,290,382,308,298,408,327,295,398,316,300,404,313,298,449,332,357,299,304,276,305,303,401,338,313,423,369,366,297,363,313,313,313,373,364,302,330,402,368,304,317,310,393,361,304,344,315,381,356,297,319,396,315,299,411,314,312,408,360,298
308,334,401,309,302,421,458,414,363,463,400,284,319,413,358,456,388,294,278,401,318,397,513,399,281,293,399,360,317,294,381,320,289,399,324,291,416,356,462,419,388,305,373,368,315,399,350,309,404,363,355,339,447,409,348,332,457,418,358,290,289,410,298,480,421,380,310,309,320,394,298,282,322,336,293,421,336,297,422,322,299,448,322,376,313,307,400,319,308,434,366,353,309,385,370,303,380,366,303,392,370,315,380,359,314,395,370,308,396,360,359,297,292,384,314,293,401,328,283,400,324,303,393,326,304,451,314,366,322,302,401,319,294,413,373,312,404,362,355,319,382,335,438,447,374,375,429,370,462,415,363,438,388,449,411,365,317,373,339,297,309,301,385,351,304,405,378,299,398,353,346,297,317,291,394,382,322,410,376,308,389,355,314,419,313,378,355,313,293,380,295,272,309,333,418,364,458,398,302,268,404,373,324,439,368,305,386,347,306,307,393,372,310,324,296,414,373,341,311,325,295,403,318,383,390,315,387,357,295,394,355,302,316,284,371,347,309,339,399,321,310,421,366,309,404,343,344,312,405,316,394,363,345,303,305,388,351,298,300,368,307,289,410,327,285,446,327,399,373,358,316,377,356,306,405,355,360,289,290,388,367,303,386,361,298,406,346,352,293,319,303,385,375,296,333,395,362,295,341,308,376,338,298,351,310,379,355,301,331,398,365,301,314,411,366,361,312,375,370,364,316,371,347,303,324,396,298,260,280,317,328,420,364,295,316,402,310,309,406,357,305,304,411,329,389,310,392,321,373,321,290,424,379,318,328,402,357,302,417,370,347,307,295,415,363,354,301,393,370,350,322,374,362,293,315,388,358,301,309,385,357,300,295,374,314,275,407,327,292,412,316,296,396,314,300,436,313,366,302,291,271,295,295,400,328,329,435,385,366,299,357,321,328,318,391,359,302,335,409,340,301,336,296,372,352,300,338,310,388,335,297,312,397,323,285,398,333,294,422,361,299
301,339,391,319,295,430,463,392,352,462,392,290,313,403,358,446,400,300,282,395,312,412,513,423,290,296,387,353,302,303,378,303,299,402,326,306,409,366,471,407,389,319,371,381,307,391,366,318,397,361,355,354,439,414,360,334,444,404,346,305,287,405,304,482,422,388,308,297,318,393,305,291,326,340,319,426,315,309,410,323,295,456,310,379,321,296,397,318,302,442,370,354,298,365,370,297,394,359,308,384,367,297,382,370,299,381,365,314,409,351,344,294,296,368,318,281,400,323,290,417,326,298,400,326,297,440,311,356,310,301,396,306,313,421,358,312,416,354,367,305,390,341,419,442,376,375,441,383,456,426,370,434,378,463,418,351,299,369,351,307,316,318,393,360,307,421,356,305,406,360,345,300,318,296,393,366,298,424,368,303,380,381,297,418,294,385,364,301,300,380,308,255,315,321,420,370,449,404,307,292,392,365,330,435,374,298,398,362,300,304,392,348,304,311,309,425,347,348,306,318,294,409,322,380,383,306,397,373,298,399,358,306,311,278,382,338,314,337,389,316,302,407,374,293,406,358,338,304,403,311,390,349,333,309,309,386,347,302,307,378,324,283,405,331,283,434,341,388,374,348,295,374,358,308,398,352,339,307,291,402,363,307,390,374,319,410,345,346,295,300,292,384,362,311,328,401,353,304,338,306,380,345,300,335,314,376,360,299,332,398,359,290,313,406,374,337,296,387,359,359,308,367,338,305,300,398,305,269,293,321,308,421,368,300,324,393,309,305,428,367,306,309,403,337,403,302,393,316,365,300,306,413,375,293,325,401,364,305,424,357,338,310,302,407,375,368,312,392,368,356,307,356,343,298,302,390,353,318,324,391,353,295,301,378,324,300,414,311,300,399,311,297,402,322,299,433,321,358,305,296,270,308,306,405,326,309,434,375,371,298,361,313,306,328,384,355,306,331,411,355,294,314,300,388,347,302,340,307,384,340,305,322,394,306,292,407,328,303,420,352,315
297,310,394,311,306,428,449,418,343,471,388,281,300,429,359,456,392,291,279,398,316,418,498,414,293,296,403,351,298,323,373,324,291,406,321,305,411,356,458,416,388,302,372,361,315,391,375,312,391,355,349,350,457,413,361,324,451,412,355,303,284,400,298,485,423,380,309,300,318,388,302,277,319,338,312,430,322,300,421,324,305,448,313,371,319,300,401,321,304,427,370,361,301,383,361,305,384,367,312,391,353,300,389,363,298,390,355,307,393,353,344,304,284,387,319,291,385,338,303,393,315,289,406,313,291,438,313,362,301,287,396,330,295,420,365,309,392,347,362,308,384,338,436,453,377,372,424,386,450,417,374,438,377,456,427,365,298,368,345,297,321,294,387,348,301,404,358,309,412,367,338,299,316,306,391,372,306,400,371,316,396,372,298,412,301,367,362,303,306,376,302,264,324,316,427,366,455,402,300,302,393,364,321,433,363,319,382,347,294,304,396,361,305,317,292,405,340,340,312,322,300,422,317,386,393,313,397,359,303,388,365,305,292,287,367,341,294,338,397,321,290,426,368,305,409,354,355,317,414,316,376,362,340,306,294,388,347,293,312,384,323,289,421,328,299,456,323,392,371,344,314,378,365,308,393,353,341,312,298,390,373,303,383,374,314,399,363,345,307,312,302,387,360,302,320,392,354,306,350,319,391,348,299,337,307,395,350,291,323,401,361,300,307,412,372,354,310,388,348,350,317,355,345,297,299,397,301,261,296,313,318,428,357,291,324,394,321,298,406,367,298,304,408,333,389,311,384,310,390,323,305,415,375,307,326,386,369,296,428,366,345,297,293,431,375,376,305,389,367,358,302,369,354,309,305,395,359,302,313,390,359,303,293,376,314,296,406,325,294,399,319,289,405,327,297,436,328,344,313,300,274,302,306,395,318,314,433,370,363,291,361,320,311,321,393,350,301,328,402,358,301,323,305,371,344,301,342,312,382,350,282,314,399,323,299,410,325,311,416,357,309
296,327,409,322,315,429,446,410,364,462,397,285,312,415,350,443,390,299,274,411,319,399,483,412,280,291,377,351,299,302,367,327,298,394,323,298,428,345,452,416,385,314,373,367,295,387,382,313,396,372,338,336,449,405,341,333,448,412,360,307,294,396,312,473,422,387,309,307,323,392,306,290,309,340,310,431,320,302,429,319,301,453,322,390,312,302,395,317,293,431,372,364,313,365,350,317,399,351,311,383,362,297,387,357,310,399,365,299,402,373,349,310,294,386,313,291,407,323,288,402,323,285,414,329,293,430,321,365,303,285,397,313,305,422,371,312,404,364,349,309,374,337,429,441,370,368,417,384,459,415,366,435,384,454,415,343,294,364,344,313,315,296,392,358,306,407,367,307,404,350,336,302,315,295,385,370,308,408,376,303,390,367,299,400,303,374,367,302,295,383,295,263,336,323,424,359,464,397,293,291,399,363,312,444,374,299,389,347,306,308,389,355,300,312,298,403,360,349,303,312,290,409,315,375,391,318,382,365,298,373,360,299,308,289,379,337,305,341,411,329,303,421,355,307,409,352,352,303,405,318,404,353,345,317,294,390,367,305,297,382,324,295,405,314,291,453,335,387,382,357,303,378,361,303,407,372,339,297,307,401,348,317,391,361,305,407,358,347,307,323,294,397,366,310,323,399,348,300,345,312,381,349,289,331,304,384,348,308,335,399,361,303,314,414,372,372,289,380,363,347,308,353,340,300,306,398,306,278,275,308,332,427,359,296,320,399,314,281,406,347,307,298,403,326,397,298,398,320,371,309,309,397,357,327,326,410,362,317,436,361,347,298,305,409,361,360,310,398,358,356,312,369,340,298,320,390,360,321,313,387,351,307,299,373,313,284,406,326,299,412,328,301,404,316,292,448,323,371,315,284,271,298,295,399,319,325,443,360,356,304,369,314,320,312,384,350,307,331,413,356,307,324,300,386,355,290,337,297,396,351,292,315,394,320,305,400,324,305,419,353,309
300,338,380,309,303,413,455,412,351,455,395,283,309,420,364,446,400,298,286,410,318,411,503,424,286,287,394,360,304,302,371,314,289,403,329,307,411,365,471,415,377,305,368,375,310,400,369,294,400,369,354,346,445,418,356,351,444,416,339,301,290,386,287,477,425,387,312,299,308,374,319,289,339,344,317,422,320,287,442,331,299,463,325,366,321,307,395,321,293,416,373,366,301,369,354,312,388,372,307,397,373,314,392,353,301,391,356,303,403,351,342,318,289,388,310,294,400,310,283,396,320,297,398,324,304,443,322,357,305,297,394,316,301,421,375,304,393,348,353,307,384,344,439,454,374,370,442,369,459,415,373,438,375,453,424,360,302,381,344,298,301,305,396,364,293,411,370,314,403,348,343,313,319,296,383,365,305,420,365,313,380,361,310,422,309,375,361,314,295,386,300,263,324,334,433,361,462,388,310,284,401,363,322,421,376,305,383,352,299,302,395,353,314,328,305,414,353,356,299,329,296,414,326,390,366,319,391,359,307,392,364,313,314,296,368,343,304,346,399,323,299,415,368,300,403,350,346,312,397,318,384,365,337,305,304,372,357,306,295,378,324,284,403,317,290,439,325,398,377,366,321,385,368,298,407,360,345,304,291,400,373,307,379,362,302,397,352,345,294,325,294,399,344,288,315,392,349,308,332,307,379,359,297,339,311,377,365,296,322,412,355,299,330,406,380,363,314,394,365,356,311,371,349,285,308,392,304,269,293,325,326,419,367,291,326,388,312,307,413,358,303,304,406,323,404,312,395,322,373,307,290,392,365,295,333,388,373,306,434,375,341,303,299,434,374,363,304,383,360,370,310,371,355,303,315,404,360,305,321,387,361,298,278,373,315,287,417,328,297,408,314,295,405,322,297,457,329,349,308,299,278,308,300,399,322,303,426,368,367,299,352,325,308,324,382,337,292,337,405,362,300,326,288,378,348,309,330,302,393,339,298,321,404,325,294,413,320,295,414,359,312
289,336,397,317,279,402,465,414,367,464,399,284,293,420,351,448,389,294,277,404,315,400,494,424,302,300,379,362,301,299,365,306,287,409,328,298,441,340,454,420,398,317,371,374,307,395,366,314,395,371,366,352,453,414,352,334,424,414,352,306,290,407,288,485,422,384,314,309,306,388,313,284,333,337,312,421,306,285,420,336,300,444,322,375,304,304,393,319,289,433,379,353,309,382,366,295,388,362,302,396,365,293,396,356,314,383,359,309,403,361,333,307,290,387,319,298,399,322,302,403,326,294,399,321,302,445,331,357,313,297,399,320,294,411,374,315,420,357,364,308,384,343,429,453,369,365,433,374,467,418,372,427,367,455,425,357,294,368,343,301,319,292,402,371,309,409,369,311,403,358,340,303,306,292,382,355,304,417,374,303,387,356,300,409,311,373,361,303,297,379,304,270,332,322,426,371,463,390,294,283,395,365,322,431,383,298,377,358,302,323,398,356,311,323,303,410,363,346,310,316,300,401,315,375,385,305,389,353,302,394,361,307,303,287,373,349,306,351,386,314,301,408,369,317,399,366,344,304,396,320,403,347,338,301,313,397,351,299,309,376,315,296,415,326,292,438,317,399,357,350,306,365,348,310,393,352,343,302,307,408,362,307,387,366,298,403,348,347,296,312,306,393,357,296,307,399,355,308,344,311,382,345,292,338,310,393,354,293,323,412,354,299,307,399,380,356,316,378,368,360,291,367,354,304,296,403,299,272,297,332,322,425,377,306,313,390,310,301,421,351,307,315,403,331,389,306,388,316,379,311,299,415,361,301,328,390,349,312,421,368,338,306,306,404,370,362,311,392,371,352,302,382,338,308,312,393,349,293,321,392,358,295,309,376,317,295,394,334,304,390,318,307,402,309,298,455,318,358,308,291,283,286,309,412,327,310,439,374,359,295,358,322,313,312,389,346,298,333,394,355,313,317,290,390,355,300,334,300,388,344,303,328,397,322,292,413,322,301,413,352,315
302,329,375,311,300,416,455,413,361,467,387,290,310,415,353,462,397,295,284,401,313,409,504,414,286,304,404,349,301,292,374,320,300,396,328,308,418,350,459,423,384,312,379,367,304,389,357,312,395,369,353,331,448,413,350,333,431,415,339,298,290,392,283,477,426,375,297,292,323,391,309,284,333,341,314,436,318,299,430,329,280,452,328,373,311,292,413,311,293,428,374,366,304,382,362,299,394,353,308,388,368,294,384,359,302,400,350,308,391,359,343,315,284,383,314,290,403,321,289,406,320,296,408,306,301,434,317,359,307,278,410,323,296,417,370,314,413,368,357,307,379,335,426,452,384,354,429,375,467,405,371,446,381,448,409,369,308,379,347,300,314,306,388,363,309,413,366,301,401,350,329,301,320,288,398,363,299,421,356,298,386,367,296,410,312,390,359,293,297,388,307,260,321,325,422,374,464,404,293,280,395,372,333,433,372,294,388,350,298,314,391,359,306,325,289,414,373,344,304,313,294,400,313,391,390,313,385,360,302,390,355,289,306,283,381,331,307,329,397,325,286,413,374,300,411,367,342,307,412,316,375,338,342,317,306,396,349,290,278,377,326,290,404,321,304,451,335,398,371,353,302,385,361,310,400,340,341,293,293,405,362,309,385,360,297,402,359,342,300,317,309,379,343,294,322,400,360,306,329,308,379,343,295,336,310,388,347,280,340,402,351,298,314,415,362,365,305,395,365,363,302,373,369,291,310,393,301,259,292,331,332,434,362,294,323,401,321,305,400,358,311,314,410,322,400,309,394,313,373,305,306,403,366,308,327,399,359,305,427,355,342,309,308,418,378,352,301,379,360,343,305,369,347,301,307,397,360,297,312,383,355,298,305,381,316,295,417,334,294,407,326,289,397,324,288,440,314,374,308,284,285,299,292,407,306,319,430,367,361,286,362,304,311,318,384,346,297,327,402,346,301,320,317,386,337,300,338,311,384,358,299,327,385,323,286,399,325,299,405,357,313
300,327,399,319,304,424,443,411,355,458,409,284,310,416,362,446,396,299,288,413,308,417,506,420,285,307,383,356,304,291,381,313,280,386,330,297,415,351,452,421,386,324,371,376,300,385,368,306,397,369,365,344,457,412,351,335,452,416,337,324,281,408,306,484,422,384,317,310,314,394,302,280,325,340,305,422,325,305,435,323,295,447,321,366,313,297,408,309,299,420,381,355,311,390,364,302,394,363,316,394,360,298,386,369,311,385,369,306,398,353,343,310,291,382,312,279,400,320,294,410,321,297,404,322,305,445,312,351,315,278,392,322,302,427,366,301,404,362,352,317,379,341,436,454,379,348,430,378,466,392,377,452,378,449,419,353,308,364,347,293,321,299,387,361,310,405,372,315,395,354,344,313,302,302,394,366,307,397,378,295,397,373,307,428,312,379,376,295,293,390,296,261,319,325,427,359,452,383,293,296,379,366,313,409,376,304,369,337,303,309,393,357,306,329,297,412,359,349,308,308,293,419,318,391,388,324,393,363,307,386,355,301,303,294,379,334,297,340,399,331,288,410,377,287,418,355,330,307,412,313,393,356,348,313,288,389,361,310,300,376,326,285,397,310,298,446,329,374,362,364,315,382,361,308,395,354,350,305,309,392,369,308,386,354,311,405,353,353,284,314,303,414,362,306,325,393,344,295,344,308,400,325,291,324,308,382,345,296,338,411,375,296,302,419,367,370,305,390,355,362,321,373,353,307,320,386,306,260,287,326,333,416,353,309,317,401,313,300,407,377,302,302,415,320,395,302,411,316,367,310,293,421,365,310,349,393,364,323,429,359,346,314,303,425,379,348,311,385,354,356,313,372,347,303,309,387,352,296,317,384,350,288,294,367,321,293,403,322,294,400,317,300,410,322,307,447,317,374,316,290,277,302,288,404,336,317,423,376,367,284,369,305,315,325,390,341,286,331,383,355,305,321,298,389,342,297,333,310,389,344,302,329,383,328,279,393,330,306,405,351,315
303,322,386,311,308,422,460,409,348,460,398,291,301,415,351,451,388,303,288,403,312,415,502,401,285,297,384,359,307,303,371,328,298,399,324,302,432,365,458,418,385,310,382,378,307,389,360,312,403,363,333,343,444,414,357,336,445,407,337,296,284,402,301,487,426,378,302,299,325,378,304,285,328,333,309,422,320,303,427,327,302,457,311,374,316,321,393,322,312,434,370,351,297,389,351,293,386,369,307,392,370,306,393,363,300,390,359,302,400,368,336,311,303,385,322,295,396,315,291,403,311,295,407,333,303,440,313,347,313,297,398,316,305,418,380,303,399,358,354,295,376,347,434,454,387,356,428,390,452,416,376,439,374,447,409,356,292,381,350,301,318,311,391,346,295,418,355,304,399,360,335,308,303,292,384,369,306,404,380,302,375,366,302,402,303,373,365,289,296,394,295,267,316,326,424,370,457,394,285,296,386,353,314,450,363,299,377,351,315,320,393,362,319,325,301,411,361,351,305,308,285,406,315,380,391,309,384,377,318,382,345,297,310,296,378,331,318,338,399,315,304,416,366,315,398,367,347,325,398,313,396,367,334,308,298,399,344,290,299,372,328,297,405,326,294,442,321,393,373,352,303,386,358,300,409,350,353,290,298,403,380,314,404,368,319,391,353,333,294,314,304,393,353,292,326,396,352,301,346,322,391,344,297,329,317,378,347,306,344,414,343,304,313,418,378,366,303,385,360,358,309,384,345,298,290,397,304,276,294,317,316,418,363,304,334,399,319,284,413,354,305,311,407,326,396,309,393,319,374,316,309,422,362,311,323,385,359,301,409,370,352,312,307,410,368,352,310,387,369,355,316,363,339,290,308,378,358,301,309,387,365,300,305,386,328,296,408,338,301,404,318,291,400,326,287,444,327,367,302,302,260,302,307,412,327,312,434,363,367,296,349,307,309,322,387,347,299,320,396,339,309,328,288,384,346,292,329,308,380,337,304,321,387,318,283,404,315,300,414,358,321
313,326,389,315,296,424,458,406,355,450,405,294,303,407,360,456,394,288,280,396,322,416,520,420,292,282,394,357,297,298,384,312,292,400,328,298,421,343,457,401,388,309,378,372,300,394,363,316,408,370,356,338,447,403,343,346,462,416,343,305,283,406,304,488,419,384,308,295,327,377,303,280,316,332,293,415,323,297,426,326,301,442,312,382,320,300,404,304,301,421,372,356,300,380,365,293,392,364,298,381,360,314,400,355,315,382,384,291,397,342,355,306,289,371,316,302,404,322,287,415,332,297,414,323,280,433,315,361,304,277,407,316,296,424,364,302,402,375,358,313,378,338,431,449,397,376,432,377,456,415,379,437,373,443,423,368,304,369,353,309,322,293,397,368,295,415,373,309,404,355,343,316,317,287,395,357,302,420,361,296,393,365,293,412,306,376,368,289,293,371,305,272,306,318,425,357,465,388,288,295,383,365,324,436,372,311,381,351,321,307,387,352,300,319,296,400,365,345,300,312,299,418,315,389,392,312,393,363,301,391,363,301,311,291,382,346,306,336,405,318,287,417,368,308,402,358,344,307,407,316,395,346,341,307,309,392,358,292,301,368,319,302,396,324,294,441,328,395,367,355,305,358,368,300,405,359,344,303,300,401,363,294,395,360,305,402,362,346,299,308,301,383,362,296,328,382,361,298,335,312,385,347,298,343,297,388,350,299,324,415,346,304,322,406,371,358,300,390,368,356,312,377,341,299,302,392,301,263,290,327,321,427,362,303,332,403,323,296,413,362,308,305,418,330,399,316,383,318,383,313,303,399,369,309,337,404,358,293,432,369,342,314,299,422,375,366,298,394,360,352,311,371,342,301,324,394,352,295,317,387,361,305,302,382,318,293,408,324,279,399,334,307,398,328,302,452,327,362,306,294,284,304,313,389,319,321,417,377,358,295,360,316,308,308,392,355,286,336,405,358,307,327,292,387,339,293,337,308,374,347,281,331,404,324,296,412,324,306,402,356,309
294,325,398,298,316,423,455,418,361,462,400,284,296,406,347,451,398,293,275,403,325,416,494,414,288,303,386,362,296,301,376,311,291,409,327,289,425,351,459,418,383,315,373,364,315,388,363,294,403,377,363,354,447,405,348,342,448,414,349,304,290,415,295,478,419,379,294,294,308,371,310,266,322,334,308,428,323,295,425,311,288,455,330,366,322,292,381,310,302,433,362,368,302,368,366,296,404,366,308,386,364,308,392,356,298,389,360,305,401,361,348,297,286,377,318,294,411,335,293,406,327,288,399,316,313,442,318,376,303,294,396,318,307,424,369,312,417,355,360,304,381,344,432,452,386,370,432,380,459,419,373,438,371,453,422,365,314,368,337,305,311,293,386,383,320,410,368,289,410,357,339,300,326,305,394,362,303,404,374,299,393,374,304,406,305,381,373,310,307,377,307,270,320,324,428,356,474,403,299,293,394,363,331,428,373,320,383,358,306,307,392,361,303,322,305,417,356,345,303,313,296,414,321,394,394,313,397,366,306,392,360,301,299,286,370,348,307,339,394,319,292,413,377,306,414,351,344,314,401,311,403,355,340,300,302,381,351,303,300,380,313,299,416,320,314,444,337,388,369,345,301,393,368,306,401,354,336,301,291,401,373,308,396,364,302,399,356,344,293,323,289,385,349,307,319,396,355,308,328,306,386,351,293,349,304,392,350,301,337,404,346,308,314,412,371,361,315,383,360,360,305,369,354,308,307,392,304,269,288,310,326,416,358,310,329,392,312,308,399,351,311,308,411,321,411,308,393,313,362,303,293,408,368,309,330,395,376,310,421,369,353,310,289,404,374,367,306,392,363,371,312,368,349,301,300,398,352,288,309,390,356,301,298,383,327,287,399,318,287,408,326,289,402,332,289,451,325,371,307,293,278,301,310,403,335,306,427,373,351,289,362,308,308,312,387,364,304,334,409,356,290,327,295,385,334,299,332,317,380,352,297,319,394,320,278,392,322,303,395,350,307
303,332,387,307,297,431,452,399,357,456,400,282,295,411,349,446,405,288,282,398,318,405,510,421,283,309,388,356,305,297,388,323,298,405,317,296,416,365,462,418,373,302,375,365,300,394,368,302,410,361,354,341,449,408,344,335,462,408,353,306,274,399,290,486,419,389,312,308,305,398,308,278,321,328,310,423,318,311,433,323,298,445,316,363,317,296,392,317,307,432,367,349,315,370,352,292,395,357,306,395,354,317,392,353,297,392,359,304,404,368,341,314,290,380,307,289,403,318,305,394,328,289,417,318,292,442,319,372,311,282,397,318,303,424,365,305,381,359,362,306,385,337,425,456,372,368,437,379,464,408,370,453,374,447,413,361,288,357,350,307,319,290,397,359,294,413,384,308,396,363,340,312,318,311,380,366,308,431,369,300,387,373,304,406,311,378,372,313,303,378,302,258,321,331,447,353,473,401,293,276,392,378,320,427,366,309,381,350,298,309,400,363,315,316,305,395,364,332,327,321,288,404,310,376,391,312,384,369,306,395,359,295,305,300,371,341,301,341,397,316,310,416,375,303,392,337,342,314,410,316,409,350,349,310,307,389,355,300,301,379,321,289,399,329,303,453,344,378,367,349,315,369,362,293,395,365,343,312,308,405,357,296,390,361,300,401,344,331,302,298,296,386,357,296,326,403,350,306,338,308,390,351,316,338,309,382,359,297,331,395,354,309,310,414,377,370,298,394,361,370,310,383,362,304,305,397,300,262,293,319,329,424,358,312,321,396,321,305,406,357,306,319,398,313,390,317,395,319,381,316,306,408,370,301,314,396,349,308,431,363,345,298,316,413,371,361,306,387,370,353,311,371,331,299,303,402,353,294,308,404,348,299,304,379,310,302,408,325,288,400,315,293,415,321,289,455,313,371,321,286,273,291,297,404,323,309,440,359,352,302,360,311,323,311,388,346,295,330,401,354,308,320,295,381,360,303,346,314,388,346,296,315,392,316,287,399,314,307,402,357,301
292,325,396,311,292,423,444,404,363,461,389,276,301,417,358,449,391,305,281,402,310,417,500,416,281,295,383,346,310,299,374,317,296,406,312,299,437,348,468,414,384,318,375,371,298,395,358,292,392,366,361,350,460,410,361,335,459,418,357,301,299,394,302,468,420,371,305,289,318,387,295,286,319,337,319,410,320,288,425,326,293,441,311,363,313,296,401,316,303,428,368,373,297,371,356,300,388,367,298,398,371,292,391,362,305,400,377,314,398,342,346,301,288,374,313,292,401,316,305,409,326,299,397,319,302,440,323,365,314,285,386,320,294,410,359,317,417,367,368,321,381,343,441,446,387,385,446,381,461,420,373,440,387,443,408,360,299,364,339,295,317,296,381,371,292,430,369,301,407,354,348,292,327,301,383,374,293,426,368,305,391,367,298,412,317,377,365,304,300,396,293,253,324,330,431,377,473,393,289,286,396,367,323,427,371,307,384,352,303,307,392,357,306,320,289,408,360,345,300,325,282,417,332,388,386,320,397,360,300,390,364,301,305,294,373,352,312,351,387,313,302,422,368,302,410,351,343,319,393,317,390,349,340,317,301,391,352,292,311,375,319,292,402,324,289,431,329,401,377,360,316,381,367,310,402,352,340,314,300,401,359,302,379,364,302,394,363,346,298,311,302,398,352,292,324,392,363,315,349,305,385,342,296,340,302,384,347,286,330,400,349,305,302,419,365,347,308,397,350,359,298,365,350,302,305,398,298,260,296,311,311,417,369,309,320,400,318,309,407,344,304,301,415,337,395,313,397,313,373,313,308,410,379,304,332,412,378,303,418,369,337,312,291,423,356,366,316,392,367,347,323,371,360,295,316,393,342,313,315,393,349,316,306,371,310,296,402,317,297,400,328,308,396,322,296,434,319,356,310,287,272,302,296,405,328,316,435,364,364,295,352,312,288,318,386,350,312,322,398,363,317,304,296,390,347,293,334,310,382,349,293,334,392,321,298,411,323,301,405,359,302
280,331,399,309,307,429,458,398,364,454,393,273,298,415,357,453,389,304,275,396,325,398,497,407,279,290,384,357,300,296,375,309,299,396,320,303,432,356,455,423,380,311,381,370,307,397,354,301,395,367,359,357,454,416,341,337,450,416,338,301,287,394,311,473,419,379,313,314,304,389,304,279,319,326,318,436,315,314,428,323,299,456,333,366,303,306,408,317,306,433,373,366,313,378,350,297,382,363,298,382,368,306,392,356,301,384,368,310,395,370,331,310,279,391,322,300,397,317,301,405,323,303,397,321,308,449,339,367,298,283,403,317,297,427,374,301,410,365,364,310,378,336,424,450,388,377,442,369,468,408,362,450,387,456,412,375,296,364,338,299,329,302,390,355,290,427,376,297,393,350,332,294,307,305,396,359,300,427,372,311,396,360,302,409,312,370,364,304,289,381,319,268,325,328,430,369,447,402,294,306,388,368,324,427,370,302,382,347,304,321,393,341,302,313,296,411,360,340,308,309,308,408,324,384,392,315,382,372,312,391,350,310,297,288,379,336,305,348,389,321,297,413,357,297,404,363,344,318,409,314,385,358,340,314,310,389,347,295,315,381,316,287,397,333,302,450,340,384,373,354,297,381,361,298,409,353,340,299,292,390,360,303,381,358,295,410,353,349,294,320,293,386,359,306,325,401,348,308,349,323,380,348,298,331,308,393,365,283,334,404,348,316,313,405,372,371,303,390,360,352,308,382,358,303,311,410,310,270,293,316,318,429,373,301,318,386,313,304,418,352,309,309,402,324,389,304,391,312,369,305,302,407,366,298,331,390,360,299,425,355,356,300,301,403,378,371,312,395,369,357,298,386,361,288,308,403,341,300,316,382,349,298,301,378,300,295,393,319,292,399,317,284,394,319,300,438,314,365,310,285,290,298,305,409,328,312,431,375,367,284,375,316,318,308,390,344,302,325,413,358,305,328,287,388,357,296,338,296,376,348,301,325,398,324,301,416,326,287,408,371,318
300,336,380,297,296,429,454,407,358,460,394,296,318,410,357,450,382,306,275,407,311,401,498,411,284,302,388,347,302,302,387,332,287,397,317,297,414,346,471,420,387,320,373,373,303,397,361,305,401,362,351,343,452,418,347,339,450,416,358,303,289,392,301,472,432,374,300,308,311,393,301,278,318,352,322,427,336,310,422,328,294,452,319,362,306,305,410,329,295,421,379,365,308,380,369,300,388,357,321,392,384,302,394,374,292,388,368,302,389,361,333,310,295,376,322,295,412,315,295,401,319,283,401,323,295,451,320,359,303,305,403,314,302,418,371,307,403,370,358,307,386,345,438,458,381,372,429,384,457,409,380,441,390,455,415,360,296,376,345,310,331,295,389,365,315,415,372,304,407,359,340,304,319,295,392,363,309,426,376,299,396,359,296,410,302,389,353,311,292,368,313,268,319,329,423,370,466,397,303,286,377,363,323,434,370,306,387,352,306,316,391,364,290,322,294,413,367,344,311,315,288,411,315,376,391,317,394,360,294,396,360,299,310,282,381,357,302,335,388,320,292,416,372,314,409,361,349,298,404,323,384,347,350,315,300,378,359,303,301,375,327,296,400,330,295,446,324,392,386,361,304,384,363,313,409,354,346,303,291,397,369,306,385,361,305,396,355,338,309,310,302,394,350,305,326,389,357,298,338,317,389,351,308,348,324,390,334,296,329,407,346,293,316,406,367,367,309,393,361,357,307,369,353,302,305,392,304,268,282,307,314,424,367,298,329,393,316,303,407,361,294,306,410,318,400,310,399,316,375,314,285,419,373,304,331,396,366,298,431,354,345,309,297,415,375,368,301,389,357,349,315,377,341,302,306,393,356,310,299,373,366,313,296,367,310,290,408,314,294,409,324,287,395,319,307,458,318,373,302,299,280,300,293,401,336,313,430,368,367,285,355,311,313,312,386,342,295,329,397,358,310,318,305,379,346,312,336,303,382,353,307,324,393,317,290,405,315,294,411,360,303
294,323,386,300,302,423,452,407,360,448,396,288,309,421,357,444,409,293,278,395,333,405,506,422,286,285,383,345,303,304,385,322,284,397,325,295,411,343,467,407,376,305,374,368,305,385,364,297,403,379,355,346,439,414,348,329,451,413,343,297,295,397,304,479,414,374,293,307,317,392,313,282,328,346,313,411,322,311,426,316,314,447,321,361,305,305,405,311,310,431,377,352,288,377,375,316,400,355,294,390,366,307,396,366,306,390,367,303,399,356,341,305,288,386,319,279,404,336,289,393,329,301,395,332,316,441,321,370,304,302,403,312,305,421,376,321,403,359,360,312,388,336,427,457,377,365,432,376,467,405,369,444,381,459,413,363,295,376,352,292,329,298,388,354,307,405,373,309,396,362,349,316,314,291,394,357,291,416,378,296,380,366,293,416,311,387,364,302,303,396,307,263,324,323,444,352,463,397,300,273,393,381,317,433,360,301,376,358,304,300,394,352,310,311,298,405,349,336,302,325,289,427,327,395,379,308,392,363,304,383,363,290,309,288,377,339,305,331,386,318,291,416,366,304,408,352,334,296,401,322,407,361,340,304,301,384,347,290,294,381,321,300,412,334,291,448,333,382,369,373,307,379,362,299,398,345,340,321,298,390,360,300,400,356,310,413,361,347,309,319,297,388,355,298,318,391,350,295,341,327,383,357,312,334,309,387,355,295,349,395,357,291,313,409,368,358,309,396,344,351,316,369,348,287,298,401,303,263,281,327,319,421,361,293,335,395,313,308,413,369,306,297,417,317,397,305,407,315,375,318,302,413,356,292,333,404,361,305,427,375,354,302,304,411,364,357,309,376,361,360,307,374,356,308,311,391,355,291,306,380,354,297,314,373,320,302,399,321,282,405,320,300,403,334,306,442,317,372,299,295,276,308,308,399,317,316,435,372,364,305,364,315,312,308,386,344,288,329,408,351,300,327,298,396,343,301,333,314,385,348,298,316,398,328,287,404,319,301,400,354,313
301,325,386,312,309,414,459,401,362,467,385,283,310,414,341,441,403,294,276,405,316,408,497,412,280,294,391,354,311,304,374,308,296,398,326,298,424,359,464,417,393,300,377,376,302,386,355,299,404,374,354,341,450,414,340,341,455,420,352,304,287,398,308,478,423,388,299,298,325,392,293,282,317,341,323,425,320,294,421,319,304,461,317,377,315,317,399,310,309,426,377,366,295,364,369,304,393,355,306,392,358,312,383,360,300,390,359,304,404,351,347,303,290,379,302,284,387,323,296,407,313,284,404,332,306,442,329,363,317,288,399,310,286,423,374,309,404,362,362,292,382,346,432,458,378,373,418,382,455,407,365,452,389,461,425,367,307,367,353,293,314,296,382,373,302,412,366,312,384,340,340,297,307,307,405,369,303,418,368,308,405,343,305,412,296,371,367,309,298,386,310,278,320,327,426,361,455,396,300,298,397,368,313,422,374,307,379,356,307,308,396,335,309,318,292,411,355,342,306,314,290,410,327,378,387,307,376,363,309,388,348,309,306,297,389,356,316,333,404,322,298,426,375,318,406,361,342,313,416,310,393,357,336,305,299,385,363,305,300,382,317,306,407,328,296,437,335,394,380,350,316,390,350,309,392,357,346,309,307,389,370,293,396,360,303,404,350,347,307,314,305,379,363,279,314,400,355,303,348,315,382,350,303,333,298,383,346,307,341,412,362,307,307,409,385,358,308,399,367,357,288,382,357,300,286,391,295,252,277,325,330,430,374,298,335,390,319,297,411,351,301,312,406,323,398,313,396,318,356,299,295,424,354,320,322,391,365,306,440,378,343,309,299,415,365,361,309,382,355,350,305,368,350,312,308,398,358,318,321,388,357,305,293,375,299,294,407,326,296,404,335,292,402,318,306,445,329,365,306,292,275,298,304,385,318,319,437,379,357,300,365,315,308,308,380,353,288,324,407,358,311,324,303,383,358,299,343,308,378,357,291,316,391,321,286,403,318,308,412,358,299
298,323,395,307,296,422,455,403,351,471,388,287,294,423,354,465,398,299,288,419,302,412,501,418,281,290,379,356,307,290,382,307,294,408,324,296,435,356,465,419,385,312,381,381,307,385,366,298,404,356,353,333,440,409,353,328,447,420,349,295,273,398,317,490,423,398,303,302,311,395,302,277,331,322,309,414,317,300,419,313,298,444,317,378,325,294,407,317,298,432,370,371,302,366,358,304,378,357,296,391,355,304,390,362,307,383,352,294,398,353,348,300,277,379,311,285,405,325,292,409,331,296,407,326,294,432,331,367,322,293,403,308,312,436,364,304,405,373,367,303,370,338,425,459,390,373,430,365,462,423,384,438,381,457,414,368,305,375,351,307,328,303,385,358,300,420,373,299,410,354,344,310,321,290,385,361,297,413,357,316,394,360,285,412,304,391,359,298,310,388,294,269,319,320,429,361,449,380,301,294,395,376,321,440,385,320,378,350,300,307,384,369,307,316,302,409,364,351,293,317,300,416,315,380,390,305,384,355,318,390,354,300,306,296,376,347,307,342,398,319,295,424,369,309,419,360,344,311,401,306,396,357,342,314,293,388,357,307,293,380,317,298,400,317,293,440,338,394,382,370,317,384,367,307,405,366,341,302,296,400,364,321,400,357,298,398,346,349,307,319,310,390,356,297,331,381,341,299,347,315,397,345,297,334,307,392,353,299,323,407,345,291,317,412,369,376,304,397,360,359,311,377,343,302,309,392,309,274,287,321,319,439,388,297,318,388,318,292,407,357,296,298,412,342,399,316,394,320,368,301,301,411,361,314,339,404,359,313,425,363,347,304,301,406,361,366,300,387,354,343,316,378,357,301,320,385,352,307,313,388,345,300,289,384,319,294,396,315,304,403,314,305,397,327,281,430,323,358,293,280,286,312,304,394,321,301,435,383,358,300,361,312,316,319,397,355,302,343,401,353,315,318,295,386,348,293,333,304,394,357,305,322,398,323,300,405,332,299,414,350,299
310,324,392,317,307,416,456,420,373,448,391,291,312,421,357,462,395,295,288,409,328,406,495,415,279,288,387,350,301,314,381,319,294,399,327,308,428,356,476,416,396,315,393,366,303,395,374,310,399,370,366,349,454,421,356,342,446,418,349,301,282,399,296,484,428,384,305,309,305,388,310,298,323,325,322,427,331,293,412,323,298,454,319,378,301,317,401,322,294,433,371,371,300,384,373,293,395,355,297,391,360,311,393,376,290,397,374,305,398,360,353,304,288,368,315,284,413,330,297,402,333,300,408,315,288,454,330,360,305,289,411,325,287,418,359,300,399,351,352,308,381,348,422,461,371,360,435,385,449,413,362,446,382,450,424,358,303,369,350,305,311,306,399,379,305,410,368,299,405,367,337,303,319,304,409,371,318,419,379,302,391,351,311,411,301,383,369,298,302,378,294,279,327,320,435,361,470,395,293,283,386,368,310,446,370,302,383,344,298,312,398,366,324,305,304,405,364,349,289,315,287,414,314,365,389,314,397,380,310,394,354,284,304,282,376,364,301,336,401,326,300,409,364,307,406,358,345,312,395,324,392,349,336,300,308,385,358,301,302,388,319,291,407,329,288,436,332,382,372,356,311,390,377,295,407,359,349,307,308,397,365,307,391,365,287,399,365,346,289,305,294,400,356,286,331,405,350,295,339,306,382,361,306,327,320,391,344,310,330,399,357,301,306,414,375,356,310,401,370,351,314,371,357,294,297,402,306,267,283,325,322,423,362,293,329,408,327,296,414,354,314,293,420,344,399,318,380,319,389,304,294,405,361,299,317,403,363,312,428,369,346,300,300,420,361,365,310,382,362,368,317,380,352,304,308,394,351,291,322,381,357,303,316,369,319,294,407,318,297,399,332,295,405,319,291,444,314,354,302,298,279,286,300,396,326,316,425,373,366,294,356,318,304,311,383,356,288,329,402,349,309,326,303,395,338,306,334,310,390,342,299,324,396,311,294,406,326,299,410,350,299
300,344,390,315,307,419,446,407,349,447,390,286,296,418,356,450,394,299,282,400,316,407,500,399,273,308,401,343,287,311,388,321,286,401,329,307,418,343,442,410,390,317,374,366,318,399,371,297,382,356,364,373,448,421,356,349,448,427,346,303,281,399,303,477,430,387,309,315,317,399,295,289,325,323,308,423,327,295,418,324,314,455,327,363,311,305,388,312,307,434,368,373,297,368,351,293,393,372,303,386,363,313,390,359,309,398,366,310,404,354,331,313,290,381,319,283,411,316,282,398,316,303,410,334,306,455,315,369,317,291,401,318,304,425,360,303,404,351,350,308,385,353,436,455,384,364,438,381,467,416,380,428,388,452,416,357,291,355,350,296,309,308,395,355,301,413,370,304,399,358,339,305,310,306,394,374,300,411,374,295,399,361,310,414,306,365,364,299,301,375,308,262,342,318,422,372,467,401,304,287,388,366,316,418,371,304,380,358,300,310,389,351,307,328,312,407,353,347,308,317,299,419,308,393,399,305,387,363,316,387,367,293,320,281,389,354,290,334,392,313,295,429,364,305,413,366,347,307,397,318,377,356,349,296,282,378,351,293,310,392,326,292,399,324,308,439,329,412,376,363,301,368,378,302,389,368,349,306,304,400,360,305,387,351,305,394,361,347,298,304,286,382,357,290,319,392,354,312,350,318,391,340,303,333,320,380,352,299,321,397,355,294,305,408,357,351,299,393,353,353,300,371,353,295,311,392,305,264,291,317,309,429,372,300,312,416,314,302,409,353,308,310,416,325,407,305,398,324,372,305,301,398,375,304,333,415,363,302,428,362,346,303,307,405,360,351,291,391,346,355,321,375,354,286,316,393,342,302,305,378,359,298,305,388,314,297,392,320,298,394,333,290,400,326,286,446,320,366,301,294,279,308,305,398,317,317,437,376,349,292,344,319,310,316,386,358,308,324,407,342,305,311,294,383,346,308,340,305,375,349,296,327,399,317,285,410,326,292,403,361,290
301,325,393,314,316,425,474,395,365,462,398,294,294,403,348,452,390,296,282,399,321,412,507,418,295,297,389,355,302,307,377,326,295,391,325,288,428,359,471,418,379,312,379,359,315,393,362,301,405,362,361,347,449,409,355,327,444,419,359,306,281,410,298,471,424,383,310,306,307,384,314,278,318,324,327,423,324,302,428,328,309,438,321,380,313,299,394,315,307,434,377,353,299,369,359,307,388,363,310,378,369,314,401,360,311,390,356,296,402,372,342,306,295,388,306,306,407,320,293,380,324,296,416,324,300,443,307,360,305,277,401,316,297,431,376,301,408,368,362,305,380,353,432,451,383,364,450,387,472,413,375,448,384,458,426,351,306,364,353,304,320,298,390,359,298,418,364,321,401,370,335,302,320,295,374,360,302,415,366,308,384,381,302,409,312,384,360,295,302,396,309,268,326,322,421,364,456,404,302,282,381,360,318,433,356,298,381,347,300,311,392,353,302,322,297,410,353,344,308,315,302,407,314,376,392,311,397,359,299,398,344,300,301,284,379,360,287,342,394,310,299,418,365,320,413,359,345,316,407,324,391,352,334,309,294,398,354,306,303,372,312,273,416,327,307,452,335,390,362,346,308,380,354,299,405,362,353,302,300,393,375,314,390,368,300,397,360,351,306,301,292,385,367,304,333,393,340,302,352,299,380,339,293,338,310,391,353,313,343,407,358,289,311,415,380,359,308,393,369,359,313,376,357,307,305,404,307,271,302,332,319,428,367,294,318,391,326,314,408,354,302,304,422,313,408,302,386,319,391,310,304,408,374,314,332,403,364,301,409,368,345,305,305,399,366,364,310,382,369,367,304,379,348,283,321,390,352,293,312,386,347,296,302,371,321,303,401,312,295,398,317,300,407,333,287,441,320,369,312,296,269,300,287,411,324,314,423,373,365,292,353,319,300,311,388,350,295,336,400,346,295,322,298,388,349,303,341,308,372,350,309,321,392,311,288,400,312,306,412,352,315
300,334,397,308,310,431,461,406,361,456,396,288,317,407,348,438,402,302,281,406,318,409,494,414,293,288,386,359,307,305,384,315,274,399,330,303,416,352,465,412,393,316,375,372,305,395,364,298,402,368,350,350,460,401,348,339,438,400,354,294,290,397,299,483,412,391,316,300,307,381,296,274,328,349,310,415,312,313,434,335,290,454,323,376,317,308,408,327,310,448,368,356,317,377,356,315,390,366,301,392,372,315,386,361,312,391,360,301,396,352,349,306,284,374,305,286,399,331,307,401,312,304,405,315,310,443,321,365,300,291,395,309,301,416,374,305,409,375,366,306,398,347,433,456,373,368,428,383,467,421,373,445,382,457,412,364,308,362,345,304,322,288,392,368,315,412,373,313,412,362,331,320,330,310,389,376,298,416,382,312,384,370,313,415,309,376,363,303,301,387,297,268,322,337,434,372,465,387,286,296,391,369,326,435,384,305,386,339,305,323,391,355,304,320,300,411,361,354,307,320,290,416,323,382,397,322,384,361,308,394,365,291,306,289,374,353,299,346,398,314,305,427,370,304,393,363,353,301,398,317,386,347,341,309,301,397,346,300,291,406,314,286,410,324,299,446,333,404,378,358,302,391,374,303,404,358,356,307,306,406,358,299,399,367,305,403,348,343,308,319,295,384,350,303,329,394,350,287,339,320,385,352,292,343,299,387,345,304,329,400,360,301,306,411,390,355,296,393,381,358,305,380,350,307,299,387,312,254,282,323,325,441,374,309,320,402,311,295,413,353,303,293,410,337,400,305,396,319,374,304,282,415,356,298,339,410,366,289,436,359,338,305,291,415,359,361,295,392,369,375,308,371,358,302,319,384,348,299,314,388,356,309,306,383,327,283,403,330,290,397,323,295,403,319,308,439,329,352,309,299,280,310,307,395,313,318,428,367,369,287,368,309,308,309,388,368,293,323,419,353,310,323,302,393,358,297,341,315,393,357,292,327,406,317,297,392,314,301,405,360,313
300,341,403,311,311,425,464,412,359,464,393,279,305,412,362,448,383,305,296,397,318,406,502,424,284,298,385,359,308,293,375,324,292,404,331,287,428,355,465,422,400,308,379,378,296,396,364,301,409,374,350,345,439,416,353,325,444,422,354,307,296,404,299,494,420,374,302,313,317,393,314,288,317,324,295,419,321,292,423,326,288,461,306,378,319,286,398,324,303,436,369,363,302,370,375,294,389,363,304,392,366,307,396,359,308,396,368,288,401,360,337,297,299,383,305,295,405,320,290,411,329,287,402,326,303,463,314,353,308,292,391,315,299,414,370,306,395,364,359,311,383,336,418,449,370,363,428,383,453,418,368,441,383,464,423,362,293,373,336,308,317,305,383,360,299,411,363,299,392,355,346,286,309,299,390,358,307,423,371,314,386,355,294,414,309,379,376,311,302,372,302,273,331,326,427,354,464,406,298,309,396,371,323,441,362,300,387,337,299,310,394,353,297,312,281,406,360,353,299,320,286,411,327,385,380,307,401,367,300,399,360,300,311,287,368,355,304,333,386,314,302,433,358,311,401,351,349,297,400,316,400,357,337,306,304,393,356,301,291,368,329,296,404,313,287,447,315,391,377,358,315,385,365,296,411,350,367,316,299,400,352,306,394,371,294,398,355,353,298,311,297,392,370,294,320,385,354,300,336,315,383,337,286,339,311,385,345,294,325,411,350,293,301,398,370,362,307,384,372,345,306,368,338,290,307,407,303,262,284,318,328,427,380,306,306,406,304,301,400,365,302,303,408,315,407,321,394,320,375,311,299,400,363,303,330,404,353,304,415,370,340,291,299,416,365,354,304,384,371,354,316,365,350,293,315,395,356,300,326,396,347,298,301,381,311,303,402,328,286,412,310,290,420,322,294,441,330,352,304,298,268,299,302,395,318,306,439,376,373,305,356,308,301,306,378,339,291,344,412,355,309,326,312,375,343,296,334,313,391,365,292,331,397,326,298,405,305,296,426,344,314
294,331,387,309,301,437,455,399,352,470,383,281,300,415,343,464,388,297,280,406,324,412,497,425,274,283,396,352,311,292,389,324,288,398,331,311,423,354,464,426,380,313,385,362,304,392,372,307,401,358,363,341,434,411,343,336,439,411,345,299,289,400,304,481,421,369,297,315,314,381,317,274,315,336,313,409,320,305,428,314,305,452,316,381,316,303,393,323,291,428,381,351,300,368,367,308,396,379,302,397,367,304,385,364,292,393,374,302,399,359,327,318,294,384,324,298,399,330,288,388,324,296,410,325,304,446,328,347,325,287,396,318,304,421,374,303,402,373,352,314,374,329,424,442,387,371,415,378,458,408,367,457,388,457,411,349,307,359,341,297,323,299,385,375,297,399,376,317,405,352,343,308,320,285,380,363,294,409,351,302,389,364,306,415,303,381,351,310,310,379,303,260,326,319,431,369,470,398,295,284,394,363,328,442,369,308,382,344,309,309,403,355,298,319,305,406,359,337,301,319,290,413,310,387,371,311,408,353,311,389,355,302,307,276,377,342,308,334,406,313,307,415,387,296,404,354,320,314,408,318,387,353,339,284,308,388,360,291,301,361,314,293,409,312,308,442,337,380,369,365,317,379,363,303,396,351,346,308,298,391,376,306,397,364,307,393,352,337,295,311,290,389,362,297,331,398,361,307,354,322,385,349,299,342,317,380,346,299,346,413,362,299,312,407,372,367,313,383,347,355,314,390,352,300,308,398,307,280,278,321,323,411,373,291,331,391,314,303,407,352,301,309,422,325,400,316,392,324,382,300,295,408,374,315,334,401,362,311,427,365,341,298,311,420,379,356,311,393,374,346,305,376,362,277,293,408,364,304,308,387,353,311,309,375,327,309,413,323,290,394,328,296,400,324,286,447,331,374,307,296,269,302,304,409,334,321,427,374,369,298,368,306,313,309,386,342,285,322,411,360,297,318,298,378,353,306,335,319,377,339,312,314,389,313,287,403,323,291,410,364,298
297,329,392,315,301,419,462,404,363,458,394,282,316,420,362,456,399,290,283,389,317,400,500,418,287,300,376,342,293,299,375,330,300,395,337,294,416,355,465,416,382,320,372,377,302,397,361,308,414,370,346,345,442,413,362,331,444,408,359,294,295,401,286,480,423,388,305,299,319,389,307,268,330,340,315,424,328,303,436,317,285,455,324,375,318,308,399,320,291,440,372,363,303,369,368,309,376,370,309,388,366,315,386,365,299,387,358,305,400,355,341,305,272,376,305,300,400,324,282,399,320,291,394,325,299,446,316,351,320,291,404,316,296,424,375,317,394,357,359,299,379,340,444,447,394,356,433,372,452,420,368,435,381,458,432,367,297,374,352,300,315,296,382,374,296,402,364,298,401,347,349,312,315,304,394,358,304,418,372,311,382,363,317,423,300,389,368,310,299,377,299,275,329,318,422,364,462,392,300,292,389,364,317,430,362,295,392,350,313,305,391,353,306,319,300,411,352,334,303,312,288,411,313,378,383,309,389,375,309,390,369,304,317,291,392,352,289,341,399,325,298,406,369,307,402,351,347,315,405,318,394,350,336,296,306,393,363,303,303,378,308,311,403,310,300,432,332,393,360,354,324,390,362,309,398,358,355,292,304,401,355,321,400,360,305,396,360,333,302,317,304,391,362,290,337,398,359,290,344,327,387,347,283,330,311,394,346,298,339,411,353,292,324,404,372,363,308,382,360,353,304,381,342,308,312,392,319,266,295,319,310,422,371,301,321,388,321,295,414,368,309,313,407,323,402,316,393,320,372,299,298,406,364,303,336,396,380,302,438,349,342,306,297,415,363,357,303,389,355,358,312,371,345,296,302,394,343,323,307,382,361,294,294,376,319,288,409,330,305,405,332,289,411,328,297,439,308,369,310,295,275,296,305,396,331,305,437,366,367,306,361,310,307,329,384,343,302,321,402,366,301,328,306,370,359,292,335,321,379,357,292,311,392,329,297,395,325,309,413,350,296
